Entity,Code,Year,CO2_percapita,GDP_percapita
Afghanistan,AFG,1950,0.0109,1156
Afghanistan,AFG,1951,0.0117,1170
Afghanistan,AFG,1952,0.0115,1189
Afghanistan,AFG,1953,0.0132,1240
Afghanistan,AFG,1954,0.013,1245
Afghanistan,AFG,1955,0.0186,1246
Afghanistan,AFG,1956,0.0218,1278
Afghanistan,AFG,1957,0.0343,1253
Afghanistan,AFG,1958,0.038,1298
Afghanistan,AFG,1959,0.0435,1307
Afghanistan,AFG,1960,0.046,1326
Afghanistan,AFG,1961,0.0535,1309
Afghanistan,AFG,1962,0.0736,1302
Afghanistan,AFG,1963,0.0741,1298
Afghanistan,AFG,1964,0.0861,1291
Afghanistan,AFG,1965,0.1011,1290
Afghanistan,AFG,1966,0.1072,1272
Afghanistan,AFG,1967,0.1233,1277
Afghanistan,AFG,1968,0.115,1290
Afghanistan,AFG,1969,0.0864,1278
Afghanistan,AFG,1970,0.1495,1272
Afghanistan,AFG,1971,0.165,1237
Afghanistan,AFG,1972,0.1298,1007
Afghanistan,AFG,1973,0.1351,1011
Afghanistan,AFG,1974,0.1541,1039
Afghanistan,AFG,1975,0.1672,1074
Afghanistan,AFG,1976,0.153,1105
Afghanistan,AFG,1977,0.181,1022
Afghanistan,AFG,1978,0.1614,1070
Afghanistan,AFG,1979,0.1665,1023
Afghanistan,AFG,1980,0.1315,1019
Afghanistan,AFG,1981,0.1502,1144
Afghanistan,AFG,1982,0.1626,1270
Afghanistan,AFG,1983,0.201,1347
Afghanistan,AFG,1984,0.2312,1337
Afghanistan,AFG,1985,0.2933,1304
Afghanistan,AFG,1986,0.267,1344
Afghanistan,AFG,1987,0.2683,1211
Afghanistan,AFG,1988,0.2459,1101
Afghanistan,AFG,1989,0.233,999
Afghanistan,AFG,1990,0.2097,963
Afghanistan,AFG,1991,0.1825,881.1704
Afghanistan,AFG,1992,0.0952,843.8753
Afghanistan,AFG,1993,0.0843,578.4027
Afghanistan,AFG,1994,0.0751,428.4246
Afghanistan,AFG,1995,0.0679,632.9404
Afghanistan,AFG,1996,0.0618,600.1753
Afghanistan,AFG,1997,0.056,570.5981
Afghanistan,AFG,1998,0.0521,545.0388
Afghanistan,AFG,1999,0.0401,518.6579
Afghanistan,AFG,2000,0.0365,502.3727
Afghanistan,AFG,2001,0.0369,489.682
Afghanistan,AFG,2002,0.0465,796.8166
Afghanistan,AFG,2003,0.0501,842.8052
Afghanistan,AFG,2004,0.036,869.0393
Afghanistan,AFG,2005,0.0508,964.4081
Afghanistan,AFG,2006,0.0619,1057.0966
Afghanistan,AFG,2007,0.0837,1259.9967
Afghanistan,AFG,2008,0.1515,1319.6074
Afghanistan,AFG,2009,0.2374,1557.3206
Afghanistan,AFG,2010,0.2877,1627.6716
Afghanistan,AFG,2011,0.402,1792
Afghanistan,AFG,2012,0.3279,1945
Afghanistan,AFG,2013,0.2616,2025
Afghanistan,AFG,2014,0.233,2022
Afghanistan,AFG,2015,0.2297,1928
Afghanistan,AFG,2016,0.1906,1929
Afghanistan,AFG,2017,0.189,2014.7453
Afghanistan,AFG,2018,0.2245,1934.555
Albania,ALB,1950,0.235,1596
Albania,ALB,1951,0.313,1666
Albania,ALB,1952,0.284,1667
Albania,ALB,1953,0.3071,1736
Albania,ALB,1954,0.363,1785
Albania,ALB,1955,0.467,1882
Albania,ALB,1956,0.575,1902
Albania,ALB,1957,1.0038,2023
Albania,ALB,1958,0.7787,2114
Albania,ALB,1959,0.9088,2201
Albania,ALB,1960,1.2362,2313
Albania,ALB,1961,1.3518,2332
Albania,ALB,1962,1.417,2409
Albania,ALB,1963,1.1623000000000001,2491
Albania,ALB,1964,1.093,2576
Albania,ALB,1965,1.1459,2670
Albania,ALB,1966,1.3092,2770
Albania,ALB,1967,1.34,2876
Albania,ALB,1968,1.4983,2979
Albania,ALB,1969,1.5443,3080
Albania,ALB,1970,1.7394,3194
Albania,ALB,1971,1.9749,3322
Albania,ALB,1972,2.5017,3451
Albania,ALB,1973,2.2925,3623
Albania,ALB,1974,1.8407,3637
Albania,ALB,1975,1.9036,3649
Albania,ALB,1976,2.0067,3665
Albania,ALB,1977,2.2694,3681
Albania,ALB,1978,2.5221,3696
Albania,ALB,1979,2.8852,3716
Albania,ALB,1980,1.9258,3741
Albania,ALB,1981,2.68,3762
Albania,ALB,1982,2.6171,3783
Albania,ALB,1983,2.6802,3805
Albania,ALB,1984,2.6924,3826
Albania,ALB,1985,2.6515,3846
Albania,ALB,1986,2.6443,3870
Albania,ALB,1987,2.3802,3894
Albania,ALB,1988,2.287,3920
Albania,ALB,1989,2.7554,3948
Albania,ALB,1990,1.6569,3983
Albania,ALB,1991,1.2889,2942.1006
Albania,ALB,1992,0.7687,2841.7652
Albania,ALB,1993,0.7247,3137.0239
Albania,ALB,1994,0.6078,3399.7102
Albania,ALB,1995,0.6638,3666.6506
Albania,ALB,1996,0.6432,3965.6853
Albania,ALB,1997,0.4941,3526.9856
Albania,ALB,1998,0.5607,3873.3732
Albania,ALB,1999,0.9528,4432.0426
Albania,ALB,2000,0.9601,4808.4796
Albania,ALB,2001,1.0291,5285.8091
Albania,ALB,2002,1.199,5608.9623
Albania,ALB,2003,1.3572,6004.6452
Albania,ALB,2004,1.3217,6419.8704
Albania,ALB,2005,1.3603,6858.467
Albania,ALB,2006,1.2548,7347.3301
Albania,ALB,2007,1.262,7866.1577
Albania,ALB,2008,1.4228,8522.1298
Albania,ALB,2009,1.4308,8859.4716
Albania,ALB,2010,1.5088,9222.9728
Albania,ALB,2011,1.7178,9484
Albania,ALB,2012,1.6018,9592
Albania,ALB,2013,1.6971,9660
Albania,ALB,2014,1.9406,9808
Albania,ALB,2015,1.5553,10032
Albania,ALB,2016,1.5563,10342
Albania,ALB,2017,1.8382,10702.1201
Albania,ALB,2018,1.6422,11104.1665
Algeria,DZA,1950,0.4265,2176
Algeria,DZA,1951,0.4578,2147
Algeria,DZA,1952,0.4234,2193
Algeria,DZA,1953,0.427,2182
Algeria,DZA,1954,0.4343,2291
Algeria,DZA,1955,0.4713,2303
Algeria,DZA,1956,0.4992,2475
Algeria,DZA,1957,0.54,2699
Algeria,DZA,1958,0.4959,2740
Algeria,DZA,1959,0.5246,3178
Algeria,DZA,1960,0.5563,3328
Algeria,DZA,1961,0.5342,2868
Algeria,DZA,1962,0.4872,2284
Algeria,DZA,1963,0.4549,2818
Algeria,DZA,1964,0.4617,2879
Algeria,DZA,1965,0.5249,2981
Algeria,DZA,1966,0.6526,2750
Algeria,DZA,1967,0.6351,2907
Algeria,DZA,1968,0.6624,3151
Algeria,DZA,1969,0.801,3355
Algeria,DZA,1970,1.0411,3585
Algeria,DZA,1971,1.254,3188
Algeria,DZA,1972,1.8528,3746
Algeria,DZA,1973,2.4365,3757
Algeria,DZA,1974,1.9739,3870
Algeria,DZA,1975,1.9269,4020
Algeria,DZA,1976,2.2903,4157
Algeria,DZA,1977,2.3799,4398
Algeria,DZA,1978,3.4501,4812
Algeria,DZA,1979,2.4424,5088
Algeria,DZA,1980,3.4553,5024
Algeria,DZA,1981,2.3376,4991
Algeria,DZA,1982,1.9153,5145
Algeria,DZA,1983,2.4881,5243
Algeria,DZA,1984,3.2599,5361
Algeria,DZA,1985,3.2369,5469
Algeria,DZA,1986,3.2932,5262
Algeria,DZA,1987,3.5283,5088
Algeria,DZA,1988,3.4246,4850
Algeria,DZA,1989,3.1788,4889
Algeria,DZA,1990,2.9791,4697
Algeria,DZA,1991,2.9851,4708.2319
Algeria,DZA,1992,2.9555,4850.2233
Algeria,DZA,1993,2.9652,4816.9236
Algeria,DZA,1994,3.0534,4856.9854
Algeria,DZA,1995,3.3028,5142.384
Algeria,DZA,1996,3.3071,5451.6344
Algeria,DZA,1997,2.9252,5638.4802
Algeria,DZA,1998,3.5313,6069.7773
Algeria,DZA,1999,2.9934,6421.5085
Algeria,DZA,2000,2.6487,6834.5539
Algeria,DZA,2001,2.6638,7218.2458
Algeria,DZA,2002,2.8067,7814.8382
Algeria,DZA,2003,2.822,8590.1775
Algeria,DZA,2004,2.6873,9182.2942
Algeria,DZA,2005,3.2119,9969.6226
Algeria,DZA,2006,2.9786,10385.7791
Algeria,DZA,2007,3.1727,10974.7423
Algeria,DZA,2008,3.1394,11475.0024
Algeria,DZA,2009,3.4014,11907.0215
Algeria,DZA,2010,3.2746,12587.7443
Algeria,DZA,2011,3.2679,13204
Algeria,DZA,2012,3.4269,13379
Algeria,DZA,2013,3.4723,13494
Algeria,DZA,2014,3.6617,13744
Algeria,DZA,2015,3.7677,14004
Algeria,DZA,2016,3.6726,14331
Algeria,DZA,2017,3.7434,14267.2306
Algeria,DZA,2018,3.8241,14228.025
Angola,AGO,1950,0.0411,1677
Angola,AGO,1951,0.054,1715
Angola,AGO,1952,0.0661,1755
Angola,AGO,1953,0.0569,1795
Angola,AGO,1954,0.0705,1720
Angola,AGO,1955,0.082,1830
Angola,AGO,1956,0.0976,1769
Angola,AGO,1957,0.1183,1908
Angola,AGO,1958,0.1117,1978
Angola,AGO,1959,0.115,1953
Angola,AGO,1960,0.1006,1997
Angola,AGO,1961,0.082,2225
Angola,AGO,1962,0.2102,2128
Angola,AGO,1963,0.2024,2200
Angola,AGO,1964,0.2132,2407
Angola,AGO,1965,0.2056,2544
Angola,AGO,1966,0.2685,2646
Angola,AGO,1967,0.1718,2753
Angola,AGO,1968,0.2892,2665
Angola,AGO,1969,0.4795,2695
Angola,AGO,1970,0.6074,2818
Angola,AGO,1971,0.5637,2754
Angola,AGO,1972,0.7202,2729
Angola,AGO,1973,0.7501,2852
Angola,AGO,1974,0.7197,2727
Angola,AGO,1975,0.6277,1710
Angola,AGO,1976,0.4506,1521
Angola,AGO,1977,0.4682,1500
Angola,AGO,1978,0.6931,1530
Angola,AGO,1979,0.6812,1527
Angola,AGO,1980,0.6395,1532
Angola,AGO,1981,0.6095,1471
Angola,AGO,1982,0.5177,1374
Angola,AGO,1983,0.5497,1288
Angola,AGO,1984,0.5186,1259
Angola,AGO,1985,0.4694,1242
Angola,AGO,1986,0.449,1106
Angola,AGO,1987,0.5413,1211
Angola,AGO,1988,0.4562,1360
Angola,AGO,1989,0.4298,1360
Angola,AGO,1990,0.4296,1384
Angola,AGO,1991,0.4134,1437.1472
Angola,AGO,1992,0.408,1389.3295
Angola,AGO,1993,0.4396,1080.4806
Angola,AGO,1994,0.2862,1120.8482
Angola,AGO,1995,0.7851,1319.1589
Angola,AGO,1996,0.7239,1533.9839
Angola,AGO,1997,0.4941,1687.3178
Angola,AGO,1998,0.4732,1811.1681
Angola,AGO,1999,0.5754,1899.4152
Angola,AGO,2000,0.5804,2013.6362
Angola,AGO,2001,0.5707,2162.485
Angola,AGO,2002,0.7191,2522.6719
Angola,AGO,2003,0.496,2711.9283
Angola,AGO,2004,0.9969,3064.2987
Angola,AGO,2005,0.978,3708.7706
Angola,AGO,2006,1.0969,4592.3373
Angola,AGO,2007,1.1948,5773.5483
Angola,AGO,2008,1.1747,6743.7482
Angola,AGO,2009,1.2243,7087.6041
Angola,AGO,2010,1.2358,7520.6658
Angola,AGO,2011,1.2522,8016
Angola,AGO,2012,1.3462,8190
Angola,AGO,2013,1.2772,8508
Angola,AGO,2014,1.2359,8673
Angola,AGO,2015,1.2057,8689
Angola,AGO,2016,1.0888,8453
Angola,AGO,2017,0.9532,8146.4354
Angola,AGO,2018,0.7912,7771.4418
Argentina,ARG,1887,0.3541,3841
Argentina,ARG,1888,0.2817,4219
Argentina,ARG,1889,0.5379,4288
Argentina,ARG,1890,0.4067,3851
Argentina,ARG,1891,0.2695,3631
Argentina,ARG,1892,0.3852,4251
Argentina,ARG,1893,0.4182,4409
Argentina,ARG,1894,0.5192,4968
Argentina,ARG,1895,0.5707,5384
Argentina,ARG,1896,0.5621,5716
Argentina,ARG,1897,0.4912,4500
Argentina,ARG,1898,0.5364,4741
Argentina,ARG,1899,0.6448,5412
Argentina,ARG,1900,0.4415,4583
Argentina,ARG,1901,0.5127,4591
Argentina,ARG,1902,0.5582,4331
Argentina,ARG,1903,0.5467,4769
Argentina,ARG,1904,0.6985,5086
Argentina,ARG,1905,0.7059,5545
Argentina,ARG,1906,1.0678,5608
Argentina,ARG,1907,1.0285,5514
Argentina,ARG,1908,1.2065,5829
Argentina,ARG,1909,0.9077,5896
Argentina,ARG,1910,1.3185,6092
Argentina,ARG,1911,1.428,5971
Argentina,ARG,1912,1.3235,6223
Argentina,ARG,1913,1.3805,6052
Argentina,ARG,1914,1.15,5263
Argentina,ARG,1915,0.8967,5171
Argentina,ARG,1916,0.6279,4927
Argentina,ARG,1917,0.2738,4447
Argentina,ARG,1918,0.3014,5177
Argentina,ARG,1919,0.4338,5271
Argentina,ARG,1920,0.6673,5536
Argentina,ARG,1921,0.6101,5533
Argentina,ARG,1922,0.781,5796
Argentina,ARG,1923,0.8774,6213
Argentina,ARG,1924,1.1055,6464
Argentina,ARG,1925,1.1007,6247
Argentina,ARG,1926,1.0709,6366
Argentina,ARG,1927,1.235,6625
Argentina,ARG,1928,1.1423,6840
Argentina,ARG,1929,1.1461,6961
Argentina,ARG,1930,1.0875,6503
Argentina,ARG,1931,1.07,5917
Argentina,ARG,1932,1.07,5614
Argentina,ARG,1933,1.0621,5772
Argentina,ARG,1934,1.1231,6129
Argentina,ARG,1935,1.0848,6296
Argentina,ARG,1936,1.1497,6236
Argentina,ARG,1937,1.2507,6575
Argentina,ARG,1938,1.2022,6491
Argentina,ARG,1939,1.2554,6612
Argentina,ARG,1940,1.1255,6633
Argentina,ARG,1941,0.9709,6861
Argentina,ARG,1942,0.9213,6829
Argentina,ARG,1943,0.944,6666
Argentina,ARG,1944,0.9179,7299
Argentina,ARG,1945,0.8821,6943
Argentina,ARG,1946,0.8677,7436
Argentina,ARG,1947,0.9018,8112
Argentina,ARG,1948,1.06,8372
Argentina,ARG,1949,0.9189,8045
Argentina,ARG,1950,1.7562,7949
Argentina,ARG,1951,2.0105,8086
Argentina,ARG,1952,2.0343,7519
Argentina,ARG,1953,1.9418,7769
Argentina,ARG,1954,1.9926,7938
Argentina,ARG,1955,2.1054,8348
Argentina,ARG,1956,2.3153,8424
Argentina,ARG,1957,2.4449,8705
Argentina,ARG,1958,2.2308,9083
Argentina,ARG,1959,2.4297,8354
Argentina,ARG,1960,2.3809,8861
Argentina,ARG,1961,2.456,9344
Argentina,ARG,1962,2.5358,9049
Argentina,ARG,1963,2.3283,8695
Argentina,ARG,1964,2.5508,9446
Argentina,ARG,1965,2.6537,10155
Argentina,ARG,1966,2.804,10076
Argentina,ARG,1967,2.8681,10200
Argentina,ARG,1968,2.9786,10485
Argentina,ARG,1969,3.2847,11217
Argentina,ARG,1970,3.4609,11639
Argentina,ARG,1971,3.6624,12003
Argentina,ARG,1972,3.6533,12170
Argentina,ARG,1973,3.7506,12691
Argentina,ARG,1974,3.7499,13284
Argentina,ARG,1975,3.6668,12946
Argentina,ARG,1976,3.7959,12696
Argentina,ARG,1977,3.7772,13236
Argentina,ARG,1978,3.7898,12444
Argentina,ARG,1979,4.0266,13114
Argentina,ARG,1980,3.895,13080
Argentina,ARG,1981,3.5982,12125
Argentina,ARG,1982,3.5893,11550
Argentina,ARG,1983,3.5931,11775
Argentina,ARG,1984,3.5798,11837
Argentina,ARG,1985,3.3271,10895
Argentina,ARG,1986,3.3926,11515
Argentina,ARG,1987,3.6838,11633
Argentina,ARG,1988,3.8336,11244
Argentina,ARG,1989,3.64,10393
Argentina,ARG,1990,3.436,10254
Argentina,ARG,1991,3.5523,11223.9846
Argentina,ARG,1992,3.6157,12267.0836
Argentina,ARG,1993,3.4671,12926.7947
Argentina,ARG,1994,3.5529,13571.3794
Argentina,ARG,1995,3.6684,13086.0365
Argentina,ARG,1996,3.8234,13715.2268
Argentina,ARG,1997,3.8601,14722.6459
Argentina,ARG,1998,3.8668,15185.9587
Argentina,ARG,1999,4.0388,14577.8323
Argentina,ARG,2000,3.861,14368.9427
Argentina,ARG,2001,3.5949,13651.981
Argentina,ARG,2002,3.3011,12094.7728
Argentina,ARG,2003,3.5347,13088.565
Argentina,ARG,2004,4.0799,14183.2251
Argentina,ARG,2005,4.1507,15344.1571
Argentina,ARG,2006,4.4441,16490.4736
Argentina,ARG,2007,4.3908,17891.9434
Argentina,ARG,2008,4.6932,18520.3041
Argentina,ARG,2009,4.4204,17328.9758
Argentina,ARG,2010,4.5661,18979.9917
Argentina,ARG,2011,4.6048,20003
Argentina,ARG,2012,4.5914,19599
Argentina,ARG,2013,4.506,19873
Argentina,ARG,2014,4.4247,19183
Argentina,ARG,2015,4.4667,19502
Argentina,ARG,2016,4.3894,18875
Argentina,ARG,2017,4.2744,19200.9061
Argentina,ARG,2018,4.0824,18556.3831
Armenia,ARM,1973,2.3188,9806
Armenia,ARM,1980,2.5867,9291
Armenia,ARM,1981,2.5025,9548
Armenia,ARM,1982,2.5137,9809
Armenia,ARM,1983,2.5158,9865
Armenia,ARM,1984,2.5032,10181
Armenia,ARM,1985,2.6566,10485
Armenia,ARM,1986,2.4878,10394
Armenia,ARM,1987,2.4245,9789
Armenia,ARM,1988,2.6893,9301
Armenia,ARM,1989,2.6928,10525
Armenia,ARM,1990,2.533,9669
Armenia,ARM,1991,2.0793,8141.6711
Armenia,ARM,1992,1.7029,4699.611
Armenia,ARM,1993,0.7657,4130.1472
Armenia,ARM,1994,0.8263,4392.9799
Armenia,ARM,1995,1.0671,4703.1307
Armenia,ARM,1996,0.8192,4811.4895
Armenia,ARM,1997,1.0435,4836.0442
Armenia,ARM,1998,1.0928,4994.053
Armenia,ARM,1999,0.9872,5000.4524
Armenia,ARM,2000,1.1374,5139.8255
Armenia,ARM,2001,1.158,5457.5101
Armenia,ARM,2002,1.0141,6082.1462
Armenia,ARM,2003,1.145,6743.241
Armenia,ARM,2004,1.2301,7229.6482
Armenia,ARM,2005,1.4679,8006.9604
Armenia,ARM,2006,1.4879,8798.7502
Armenia,ARM,2007,1.7391,9713.2133
Armenia,ARM,2008,1.9173,10080.8128
Armenia,ARM,2009,1.5108,8399.0869
Armenia,ARM,2010,1.478,8330.8112
Armenia,ARM,2011,1.7274,8465
Armenia,ARM,2012,1.993,9077
Armenia,ARM,2013,1.9102,9385
Armenia,ARM,2014,1.9242,9735
Armenia,ARM,2015,1.8695,10042
Armenia,ARM,2016,1.7721,10080
Armenia,ARM,2017,1.8801,10859.3783
Armenia,ARM,2018,1.9737,11454.4251
Australia,AUS,1860,0.2161,4613
Australia,AUS,1861,0.3771,4544
Australia,AUS,1862,0.2533,4368
Australia,AUS,1863,0.2765,4352
Australia,AUS,1864,0.1799,4616
Australia,AUS,1865,0.2754,4403
Australia,AUS,1866,0.442,4532
Australia,AUS,1867,0.5514,4956
Australia,AUS,1868,0.4391,5031
Australia,AUS,1869,0.3738,4932
Australia,AUS,1870,0.3415,5217
Australia,AUS,1871,0.3841,5259
Australia,AUS,1872,0.3835,5663
Australia,AUS,1873,0.4611,6095
Australia,AUS,1874,0.4629,6113
Australia,AUS,1875,0.4215,6596
Australia,AUS,1876,0.4638,6387
Australia,AUS,1877,0.5203,6433
Australia,AUS,1878,0.4622,6817
Australia,AUS,1879,0.6786,6703
Australia,AUS,1880,1.002,6830
Australia,AUS,1881,0.7791,7101
Australia,AUS,1882,0.8595,6476
Australia,AUS,1883,1.0013,7133
Australia,AUS,1884,1.0258,6861
Australia,AUS,1885,1.1196,7049
Australia,AUS,1886,1.0749,6900
Australia,AUS,1887,1.0912,7383
Australia,AUS,1888,1.2262,7179
Australia,AUS,1889,1.1542,7567
Australia,AUS,1890,1.1623000000000001,7106
Australia,AUS,1891,1.2817,7438
Australia,AUS,1892,1.2993,6368
Australia,AUS,1893,1.2182,5910
Australia,AUS,1894,1.3155,6003
Australia,AUS,1895,1.36,5558
Australia,AUS,1896,1.3097,5874
Australia,AUS,1897,1.4208,5451
Australia,AUS,1898,1.5738,6202
Australia,AUS,1899,1.5935,6121
Australia,AUS,1900,2.7529,6397
Australia,AUS,1901,3.0463,6119
Australia,AUS,1902,2.9864,6094
Australia,AUS,1903,2.8953,6497
Australia,AUS,1904,2.9339,6846
Australia,AUS,1905,3.0146,6825
Australia,AUS,1906,3.5381,7184
Australia,AUS,1907,3.7551,7358
Australia,AUS,1908,4.0031,7481
Australia,AUS,1909,3.4205,7940
Australia,AUS,1910,4.0278,8305
Australia,AUS,1911,4.3639,8136
Australia,AUS,1912,4.6252,8126
Australia,AUS,1913,4.8834,8220
Australia,AUS,1914,5.233,8013
Australia,AUS,1915,4.5664,7806
Australia,AUS,1916,3.9581,7775
Australia,AUS,1917,4.1791,7637
Australia,AUS,1918,4.5252,7336
Australia,AUS,1919,4.2034,7517
Australia,AUS,1920,4.8787,7597
Australia,AUS,1921,4.3053,7828
Australia,AUS,1922,4.441,8072
Australia,AUS,1923,4.4486,8276
Australia,AUS,1924,4.7557,8635
Australia,AUS,1925,4.8678,8851
Australia,AUS,1926,4.7124,8883
Australia,AUS,1927,4.7972,8837
Australia,AUS,1928,4.2827,8690
Australia,AUS,1929,3.7897,8389
Australia,AUS,1930,3.4785,7504
Australia,AUS,1931,3.0479,6940
Australia,AUS,1932,3.1388,7275
Australia,AUS,1933,3.3017,7718
Australia,AUS,1934,3.4433,8066
Australia,AUS,1935,3.7949,8477
Australia,AUS,1936,4.0344,8792
Australia,AUS,1937,4.2674,9159
Australia,AUS,1938,4.1112,9382
Australia,AUS,1939,4.6663,9318
Australia,AUS,1940,4.1673,9828
Australia,AUS,1941,4.8932,10820
Australia,AUS,1942,5.0956,11963
Australia,AUS,1943,4.8067,12278
Australia,AUS,1944,4.6247,11735
Australia,AUS,1945,4.3496,11026
Australia,AUS,1946,4.6373,10512
Australia,AUS,1947,4.8976,10622
Australia,AUS,1948,4.8712,11105
Australia,AUS,1949,4.6908,11536
Australia,AUS,1950,6.6939,11815
Australia,AUS,1951,7.0288,11966
Australia,AUS,1952,7.0042,11824
Australia,AUS,1953,6.7676,11963
Australia,AUS,1954,7.5627,12419
Australia,AUS,1955,7.7107,12795
Australia,AUS,1956,7.7925,12924
Australia,AUS,1957,7.7723,12895
Australia,AUS,1958,7.9123,13238
Australia,AUS,1959,8.3468,13753
Australia,AUS,1960,8.6036,14013
Australia,AUS,1961,8.6641,13793
Australia,AUS,1962,8.9091,14389
Australia,AUS,1963,9.3068,14983
Australia,AUS,1964,9.8393,15699
Australia,AUS,1965,10.6825,16182
Australia,AUS,1966,10.3696,16324
Australia,AUS,1967,10.8528,17108
Australia,AUS,1968,11.0102,17770
Australia,AUS,1969,11.3527,18428
Australia,AUS,1970,11.5281,19166
Australia,AUS,1971,11.7109,19590
Australia,AUS,1972,11.8797,19772
Australia,AUS,1973,12.7183,20527
Australia,AUS,1974,12.656,20698
Australia,AUS,1975,12.7578,20993
Australia,AUS,1976,12.4915,21613
Australia,AUS,1977,13.3126,21592
Australia,AUS,1978,14.1637,21948
Australia,AUS,1979,14.2146,22826
Australia,AUS,1980,15.1173,22972
Australia,AUS,1981,15.574,23368
Australia,AUS,1982,15.6148,22972
Australia,AUS,1983,14.7942,22697
Australia,AUS,1984,15.3257,24009
Australia,AUS,1985,15.3858,24927
Australia,AUS,1986,15.0609,25116
Australia,AUS,1987,15.8104,25971
Australia,AUS,1988,15.8575,26702
Australia,AUS,1989,16.6029,27407
Australia,AUS,1990,16.4714,27373
Australia,AUS,1991,16.3981,26861.275
Australia,AUS,1992,16.4538,27560.1783
Australia,AUS,1993,16.5495,28622.4758
Australia,AUS,1994,16.8601,29844.1713
Australia,AUS,1995,17.1189,30690.0624
Australia,AUS,1996,17.3911,31740.4697
Australia,AUS,1997,17.7901,32857.9938
Australia,AUS,1998,18.2222,34337.1394
Australia,AUS,1999,18.4477,35551.0195
Australia,AUS,2000,18.5252,36603.045
Australia,AUS,2001,18.7789,37275.9912
Australia,AUS,2002,18.922,38567.0655
Australia,AUS,2003,19.0191,39523.6552
Australia,AUS,2004,19.4554,40887.7253
Australia,AUS,2005,19.2086,41904.4459
Australia,AUS,2006,19.3554,42650.9859
Australia,AUS,2007,19.2159,44033.5838
Australia,AUS,2008,19.2034,44421.6405
Australia,AUS,2009,18.4508,44686.5414
Australia,AUS,2010,18.2595,45400.2234
Australia,AUS,2011,17.9849,46132
Australia,AUS,2012,17.5806,46999
Australia,AUS,2013,16.907,47250
Australia,AUS,2014,16.9201,47867
Australia,AUS,2015,16.8507,48357
Australia,AUS,2016,17.1434,48845
Australia,AUS,2017,16.8704,49265.6135
Australia,AUS,2018,16.7081,49830.7993
Austria,AUT,1820,0.099,1941
Austria,AUT,1830,0.1398,2230
Austria,AUT,1840,0.3143,2415
Austria,AUT,1850,0.5887,2630
Austria,AUT,1860,1.4518,2834
Austria,AUT,1870,1.6263,2970
Austria,AUT,1871,2.2218,3154
Austria,AUT,1872,2.1737,3150
Austria,AUT,1873,2.3097,3049
Austria,AUT,1874,1.953,3158
Austria,AUT,1875,1.6621,3145
Austria,AUT,1876,1.6958,3188
Austria,AUT,1877,1.5132,3268
Austria,AUT,1878,1.4907,3347
Austria,AUT,1879,1.8088,3296
Austria,AUT,1880,4.7833,3314
Austria,AUT,1881,2.0679,3419
Austria,AUT,1882,2.1066,3411
Austria,AUT,1883,2.3169,3521
Austria,AUT,1884,2.238,3583
Austria,AUT,1885,2.3319,3531
Austria,AUT,1886,2.1814,3615
Austria,AUT,1887,2.331,3832
Austria,AUT,1888,2.2532,3792
Austria,AUT,1889,2.4054,3725
Austria,AUT,1890,2.4128,3894
Austria,AUT,1891,2.7395,3995
Austria,AUT,1892,2.6253,4041
Austria,AUT,1893,3.1798,4025
Austria,AUT,1894,3.2237,4216
Austria,AUT,1895,3.5857,4285
Austria,AUT,1896,3.7107,4305
Austria,AUT,1897,3.97,4352
Austria,AUT,1898,4.1742,4551
Austria,AUT,1899,4.1931,4600
Austria,AUT,1900,4.6321,4594
Austria,AUT,1901,4.6936,4565
Austria,AUT,1902,4.2106,4694
Austria,AUT,1903,4.1684,4688
Austria,AUT,1904,4.3684,4712
Austria,AUT,1905,4.5465,4925
Austria,AUT,1906,5.3764,5062
Austria,AUT,1907,6.6482,5321
Austria,AUT,1908,9.2523,5292
Austria,AUT,1909,6.6751,5222
Austria,AUT,1910,8.9454,5244
Austria,AUT,1911,7.4583,5364
Austria,AUT,1912,7.844,5587
Austria,AUT,1913,9.277,5523
Austria,AUT,1914,7.5718,4584
Austria,AUT,1915,5.4025,4229
Austria,AUT,1916,1.3923,4189
Austria,AUT,1917,0.5301,4122
Austria,AUT,1918,0.5139,4073
Austria,AUT,1919,0.4649,3601
Austria,AUT,1920,2.2398,3845
Austria,AUT,1921,2.9782,4224
Austria,AUT,1922,2.8559,4586
Austria,AUT,1923,2.722,4530
Austria,AUT,1924,3.0659,5042
Austria,AUT,1925,2.8875,5367
Austria,AUT,1926,2.8214,5440
Austria,AUT,1927,3.0384,5587
Austria,AUT,1928,3.1885,5829
Austria,AUT,1929,3.6269,5896
Austria,AUT,1930,2.824,5716
Austria,AUT,1931,2.7058,5241
Austria,AUT,1932,2.2655,4686
Austria,AUT,1933,2.1243,4516
Austria,AUT,1934,2.0525,4546
Austria,AUT,1935,2.077,4634
Austria,AUT,1936,2.0272,4774
Austria,AUT,1937,2.275,5031
Austria,AUT,1938,0.8625,5673
Austria,AUT,1939,0.9435,6529
Austria,AUT,1940,1.0918,6311
Austria,AUT,1941,1.1829,6722
Austria,AUT,1942,1.2643,6349
Austria,AUT,1943,1.4172,6480
Austria,AUT,1944,1.3801,6618
Austria,AUT,1945,0.6681,2750
Austria,AUT,1946,1.8626,3118
Austria,AUT,1947,2.5648,3453
Austria,AUT,1948,3.5504,4406
Austria,AUT,1949,3.8413,5249
Austria,AUT,1950,3.0122,5907
Austria,AUT,1951,3.3564,6311
Austria,AUT,1952,3.1842,6323
Austria,AUT,1953,3.1311,6594
Austria,AUT,1954,3.5297,7261
Austria,AUT,1955,4.1807,8054
Austria,AUT,1956,4.048,8603
Austria,AUT,1957,4.1769,9111
Austria,AUT,1958,4.0076,9416
Austria,AUT,1959,3.9664,9645
Austria,AUT,1960,4.3538,10391
Austria,AUT,1961,4.4752,10882
Austria,AUT,1962,4.7318,11078
Austria,AUT,1963,5.1275,11454
Austria,AUT,1964,5.3605,12062
Austria,AUT,1965,5.221,12328
Austria,AUT,1966,5.3329,12930
Austria,AUT,1967,5.3961,13225
Austria,AUT,1968,5.6854,13742
Austria,AUT,1969,5.9682,14555
Austria,AUT,1970,6.7363,15537
Austria,AUT,1971,6.8963,16259
Austria,AUT,1972,7.3962,17169
Austria,AUT,1973,7.8894,17908
Austria,AUT,1974,7.5127,18583
Austria,AUT,1975,7.0982,18564
Austria,AUT,1976,7.6175,19448
Austria,AUT,1977,7.3323,20350
Austria,AUT,1978,7.5024,20293
Austria,AUT,1979,8.0497,21436
Austria,AUT,1980,6.8366,21932
Austria,AUT,1981,7.3421,21866
Austria,AUT,1982,7.046,22254
Austria,AUT,1983,6.7957,22944
Austria,AUT,1984,7.1266,23016
Austria,AUT,1985,7.1395,23514
Austria,AUT,1986,7.046,24039
Austria,AUT,1987,7.5103,24409
Austria,AUT,1988,6.9119,25112
Austria,AUT,1989,6.9857,26078
Austria,AUT,1990,8.0451,26930
Austria,AUT,1991,8.4576,27689.7713
Austria,AUT,1992,7.6921,28072.4403
Austria,AUT,1993,7.6863,28101.2286
Austria,AUT,1994,7.68,28780.7604
Austria,AUT,1995,8.0113,29621.6819
Austria,AUT,1996,8.4007,30413.1567
Austria,AUT,1997,8.3721,31173.0488
Austria,AUT,1998,8.3182,32376.3295
Austria,AUT,1999,8.1529,33608.2965
Austria,AUT,2000,8.1964,34796.2595
Austria,AUT,2001,8.6615,35272.224
Austria,AUT,2002,8.8443,35823.5874
Austria,AUT,2003,9.4731,36063.1205
Austria,AUT,2004,9.4523,36957.1122
Austria,AUT,2005,9.5797,37642.7622
Austria,AUT,2006,9.269,38866.8493
Austria,AUT,2007,8.9126,40305.2743
Austria,AUT,2008,8.808,40964.7934
Austria,AUT,2009,8.037,39463.657
Austria,AUT,2010,8.5613,40288.3493
Austria,AUT,2011,8.2674,41446
Austria,AUT,2012,7.9113,41565
Austria,AUT,2013,7.9192,41375
Austria,AUT,2014,7.4474,41338
Austria,AUT,2015,7.6454,41294
Austria,AUT,2016,7.6841,41445
Austria,AUT,2017,7.8911,42177.3706
Austria,AUT,2018,7.4865,42988.0709
Azerbaijan,AZE,1973,6.6285,7068
Azerbaijan,AZE,1980,7.5149,7165
Azerbaijan,AZE,1981,7.2602,7490
Azerbaijan,AZE,1982,7.2808,7831
Azerbaijan,AZE,1983,7.2686,8010
Azerbaijan,AZE,1984,7.2166,8360
Azerbaijan,AZE,1985,7.6535,8558
Azerbaijan,AZE,1986,7.8385,8663
Azerbaijan,AZE,1987,7.3167,8995
Azerbaijan,AZE,1988,7.3219,9328
Azerbaijan,AZE,1989,7.2082,8421
Azerbaijan,AZE,1990,7.094,7394
Azerbaijan,AZE,1991,6.8,7319.1365
Azerbaijan,AZE,1992,7.5181,5638.9979
Azerbaijan,AZE,1993,6.3846,4315.3567
Azerbaijan,AZE,1994,5.4588,3453.3638
Azerbaijan,AZE,1995,4.2839,2999.319
Azerbaijan,AZE,1996,3.9771,3074.2197
Azerbaijan,AZE,1997,3.7602,3347.6126
Azerbaijan,AZE,1998,3.9632,3550.3641
Azerbaijan,AZE,1999,3.5472,3959.7815
Azerbaijan,AZE,2000,3.6326,4214.8889
Azerbaijan,AZE,2001,3.5123,4498.7944
Azerbaijan,AZE,2002,3.5811,4880.3999
Azerbaijan,AZE,2003,3.6625,5408.523
Azerbaijan,AZE,2004,3.7966,5971.4746
Azerbaijan,AZE,2005,4.0155,7553.6264
Azerbaijan,AZE,2006,4.5316,10160.346
Azerbaijan,AZE,2007,3.4913,12699.4978
Azerbaijan,AZE,2008,4.0184,14072.6266
Azerbaijan,AZE,2009,3.5696,15384.293
Azerbaijan,AZE,2010,3.3914,16153.8366
Azerbaijan,AZE,2011,3.6054,16176
Azerbaijan,AZE,2012,3.783,16359
Azerbaijan,AZE,2013,3.752,17133
Azerbaijan,AZE,2014,3.8898,17439
Azerbaijan,AZE,2015,3.8439,17460
Azerbaijan,AZE,2016,3.8059,16645
Azerbaijan,AZE,2017,3.7307,16522.3072
Azerbaijan,AZE,2018,3.7034,16628.0553
Bahrain,BHR,1950,11.948,3354
Bahrain,BHR,1951,10.0673,3483
Bahrain,BHR,1952,10.7539,3614
Bahrain,BHR,1953,8.07,3747
Bahrain,BHR,1954,8.1422,3883
Bahrain,BHR,1955,10.5054,4014
Bahrain,BHR,1956,7.5774,4141
Bahrain,BHR,1957,5.2016,4262
Bahrain,BHR,1958,8.5423,4366
Bahrain,BHR,1959,8.3666,4457
Bahrain,BHR,1960,3.5415,4532
Bahrain,BHR,1961,10.5403,4594
Bahrain,BHR,1962,9.1843,4672
Bahrain,BHR,1963,6.7051,4772
Bahrain,BHR,1964,8.7349,4898
Bahrain,BHR,1965,6.5487,5058
Bahrain,BHR,1966,3.3815,5233
Bahrain,BHR,1967,5.1206,5423
Bahrain,BHR,1968,5.4964,5611
Bahrain,BHR,1969,6.1708,5812
Bahrain,BHR,1970,12.1842,6038
Bahrain,BHR,1971,13.7871,6349
Bahrain,BHR,1972,16.0534,6692
Bahrain,BHR,1973,23.037,6975
Bahrain,BHR,1974,21.4393,7291
Bahrain,BHR,1975,21.5683,6252
Bahrain,BHR,1976,23.1529,6875
Bahrain,BHR,1977,24.6185,7084
Bahrain,BHR,1978,23.9911,7037
Bahrain,BHR,1979,23.7067,6730
Bahrain,BHR,1980,21.8987,6994
Bahrain,BHR,1981,22.7702,6875
Bahrain,BHR,1982,25.4707,7036
Bahrain,BHR,1983,20.739,7240
Bahrain,BHR,1984,22.5922,7264
Bahrain,BHR,1985,24.2853,6972
Bahrain,BHR,1986,25.383,6880
Bahrain,BHR,1987,25.4369,6786
Bahrain,BHR,1988,26.1019,6802
Bahrain,BHR,1989,24.355,6751
Bahrain,BHR,1990,25.0153,6542
Bahrain,BHR,1991,23.259,7059.9569
Bahrain,BHR,1992,20.7875,7993.8928
Bahrain,BHR,1993,27.244,9102.0661
Bahrain,BHR,1994,26.8463,9935.0039
Bahrain,BHR,1995,26.2312,10695.3924
Bahrain,BHR,1996,26.9415,11640.8214
Bahrain,BHR,1997,29.0605,12528.3895
Bahrain,BHR,1998,29.9274,13776.0083
Bahrain,BHR,1999,28.2602,15263.7575
Bahrain,BHR,2000,28.2784,17021.7224
Bahrain,BHR,2001,20.1818,18152.9627
Bahrain,BHR,2002,21.585,19487.8412
Bahrain,BHR,2003,21.535,21391.6119
Bahrain,BHR,2004,21.5504,23389.6024
Bahrain,BHR,2005,22.2728,25230.9001
Bahrain,BHR,2006,20.2637,26840.1243
Bahrain,BHR,2007,25.8427,28884.6974
Bahrain,BHR,2008,26.6285,30612.4978
Bahrain,BHR,2009,23.71,31729.5663
Bahrain,BHR,2010,23.4316,34057.7132
Bahrain,BHR,2011,22.2725,36372
Bahrain,BHR,2012,20.7847,36949
Bahrain,BHR,2013,23.5733,38493
Bahrain,BHR,2014,23.0658,39799
Bahrain,BHR,2015,23.6688,40483
Bahrain,BHR,2016,22.0038,41078
Bahrain,BHR,2017,21.8136,40695.7165
Bahrain,BHR,2018,20.7778,39498.7672
Bangladesh,BGD,1950,0.0262,861
Bangladesh,BGD,1951,0.0317,862
Bangladesh,BGD,1952,0.0328,874
Bangladesh,BGD,1953,0.0327,872
Bangladesh,BGD,1954,0.0325,872
Bangladesh,BGD,1955,0.0328,810
Bangladesh,BGD,1956,0.0379,878
Bangladesh,BGD,1957,0.0382,845
Bangladesh,BGD,1958,0.0417,813
Bangladesh,BGD,1959,0.0394,838
Bangladesh,BGD,1960,0.0461,869
Bangladesh,BGD,1961,0.0464,899
Bangladesh,BGD,1962,0.0496,877
Bangladesh,BGD,1963,0.0554,947
Bangladesh,BGD,1964,0.0554,939
Bangladesh,BGD,1965,0.0564,969
Bangladesh,BGD,1966,0.0556,963
Bangladesh,BGD,1967,0.0571,921
Bangladesh,BGD,1968,0.0635,987
Bangladesh,BGD,1969,0.0598,980
Bangladesh,BGD,1970,0.0592,1004
Bangladesh,BGD,1971,0.055,934
Bangladesh,BGD,1972,0.0526,807
Bangladesh,BGD,1973,0.0673,792
Bangladesh,BGD,1974,0.0677,872
Bangladesh,BGD,1975,0.0693,843
Bangladesh,BGD,1976,0.0775,862
Bangladesh,BGD,1977,0.0787,843
Bangladesh,BGD,1978,0.0793,878
Bangladesh,BGD,1979,0.0853,894
Bangladesh,BGD,1980,0.0954,875
Bangladesh,BGD,1981,0.0964,878
Bangladesh,BGD,1982,0.1019,869
Bangladesh,BGD,1983,0.0951,891
Bangladesh,BGD,1984,0.1027,918
Bangladesh,BGD,1985,0.1123,925
Bangladesh,BGD,1986,0.1224,944
Bangladesh,BGD,1987,0.1233,960
Bangladesh,BGD,1988,0.1373,964
Bangladesh,BGD,1989,0.1329,966
Bangladesh,BGD,1990,0.1365,1006
Bangladesh,BGD,1991,0.1396,1031.4299
Bangladesh,BGD,1992,0.1424,1062.4604
Bangladesh,BGD,1993,0.1456,1095.6564
Bangladesh,BGD,1994,0.1556,1136.4185
Bangladesh,BGD,1995,0.1827,1182.9514
Bangladesh,BGD,1996,0.1827,1234.0841
Bangladesh,BGD,1997,0.1925,1291.5126
Bangladesh,BGD,1998,0.1891,1348.1499
Bangladesh,BGD,1999,0.2003,1412.9813
Bangladesh,BGD,2000,0.2078,1485.3092
Bangladesh,BGD,2001,0.2386,1551.1965
Bangladesh,BGD,2002,0.2414,1621.267
Bangladesh,BGD,2003,0.2482,1710.7314
Bangladesh,BGD,2004,0.2624,1812.6247
Bangladesh,BGD,2005,0.271,1925.6062
Bangladesh,BGD,2006,0.2958,2057.6984
Bangladesh,BGD,2007,0.2989,2194.4223
Bangladesh,BGD,2008,0.3139,2321.0505
Bangladesh,BGD,2009,0.3368,2448.8869
Bangladesh,BGD,2010,0.3659,2599.2084
Bangladesh,BGD,2011,0.3789,2772
Bangladesh,BGD,2012,0.4019,2914
Bangladesh,BGD,2013,0.4044,3057
Bangladesh,BGD,2014,0.427,3217
Bangladesh,BGD,2015,0.469,3402
Bangladesh,BGD,2016,0.4841,3604
Bangladesh,BGD,2017,0.5069,3837.0503
Bangladesh,BGD,2018,0.5118,4099.253
Barbados,BRB,1950,0.3473,3390
Barbados,BRB,1951,0.5095,3513
Barbados,BRB,1952,0.4003,3655
Barbados,BRB,1953,0.4932,3803
Barbados,BRB,1954,0.5041,3947
Barbados,BRB,1955,0.5646,4133
Barbados,BRB,1956,0.5615,4390
Barbados,BRB,1957,0.5913,4646
Barbados,BRB,1958,0.6535,4855
Barbados,BRB,1959,0.652,5053
Barbados,BRB,1960,0.7455,5316
Barbados,BRB,1961,0.8381,5683
Barbados,BRB,1962,1.1183,5923
Barbados,BRB,1963,0.8155,6033
Barbados,BRB,1964,0.7653,6355
Barbados,BRB,1965,0.8716,6468
Barbados,BRB,1966,1.133,6873
Barbados,BRB,1967,1.4243,7492
Barbados,BRB,1968,1.8533,8429
Barbados,BRB,1969,2.0171,9247
Barbados,BRB,1970,1.7945,10197
Barbados,BRB,1971,2.0144,10514
Barbados,BRB,1972,2.0783,10567
Barbados,BRB,1973,1.9746,10635
Barbados,BRB,1974,2.0069,10080
Barbados,BRB,1975,2.3071,9825
Barbados,BRB,1976,2.1459,10222
Barbados,BRB,1977,2.3697,10541
Barbados,BRB,1978,2.5188,11014
Barbados,BRB,1979,2.3907,11837
Barbados,BRB,1980,2.6712,12318
Barbados,BRB,1981,2.705,12065
Barbados,BRB,1982,2.5381,11424
Barbados,BRB,1983,2.6891,11419
Barbados,BRB,1984,2.9237,11772
Barbados,BRB,1985,3.3002,11848
Barbados,BRB,1986,3.5603,12404
Barbados,BRB,1987,3.6473,12683
Barbados,BRB,1988,3.6482,13087
Barbados,BRB,1989,3.8032,13498
Barbados,BRB,1990,4.101,12994
Barbados,BRB,1991,4.5893,12298.506
Barbados,BRB,1992,3.7029,11427.2665
Barbados,BRB,1993,4.1708,11343.5974
Barbados,BRB,1994,2.7879,11405.5598
Barbados,BRB,1995,3.033,11473.859
Barbados,BRB,1996,3.08,11760.8254
Barbados,BRB,1997,3.3121,12124.5088
Barbados,BRB,1998,4.0821,12384.7617
Barbados,BRB,1999,4.2981,12237.9485
Barbados,BRB,2000,4.2414,12600.0226
Barbados,BRB,2001,4.3532,12112.1811
Barbados,BRB,2002,4.3872,12025.4733
Barbados,BRB,2003,4.5393,12094.8192
Barbados,BRB,2004,4.6117,12078.7354
Barbados,BRB,2005,4.774,12379.4502
Barbados,BRB,2006,4.8394,12889.8767
Barbados,BRB,2007,4.8898,12917.439
Barbados,BRB,2008,5.7592,12786.1074
Barbados,BRB,2009,5.6816,12094.324
Barbados,BRB,2010,5.1891,11954.322
Barbados,BRB,2011,5.359,11870
Barbados,BRB,2012,5.1432,11860
Barbados,BRB,2013,5.0555,11809
Barbados,BRB,2014,4.4279,11780
Barbados,BRB,2015,4.4208,11849
Barbados,BRB,2016,4.4904,12003
Barbados,BRB,2017,4.0868,12061.0971
Barbados,BRB,2018,4.3104,11995.1868
Belarus,BLR,1973,8.3578,8341
Belarus,BLR,1980,10.1147,9487
Belarus,BLR,1981,9.8573,9844
Belarus,BLR,1982,9.9716,10217
Belarus,BLR,1983,10.0428,10667
Belarus,BLR,1984,10.061,10957
Belarus,BLR,1985,10.7721,11000
Belarus,BLR,1986,12.1435,11230
Belarus,BLR,1987,11.1358,11297
Belarus,BLR,1988,11.3384,11198
Belarus,BLR,1989,10.7505,11893
Belarus,BLR,1990,10.2213,11467
Belarus,BLR,1991,9.5249,11170.7611
Belarus,BLR,1992,8.7508,9960.8431
Belarus,BLR,1993,7.5534,9077.44
Belarus,BLR,1994,6.1836,7932.001
Belarus,BLR,1995,5.7065,6993.6221
Belarus,BLR,1996,5.8116,7128.3547
Belarus,BLR,1997,5.8864,7885.0196
Belarus,BLR,1998,5.7569,8481.9671
Belarus,BLR,1999,5.532,8689.7133
Belarus,BLR,2000,5.5418,9110.9795
Belarus,BLR,2001,5.5823,9462.3739
Belarus,BLR,2002,5.6006,9870.3085
Belarus,BLR,2003,5.7964,10492.987
Belarus,BLR,2004,6.2185,11615.6856
Belarus,BLR,2005,6.3926,12629.558
Belarus,BLR,2006,6.718,13792.5536
Belarus,BLR,2007,6.6772,14856.9558
Belarus,BLR,2008,6.9227,16223.9968
Belarus,BLR,2009,6.4713,16088.725
Belarus,BLR,2010,6.6636,17172.4603
Belarus,BLR,2011,6.5456,17918
Belarus,BLR,2012,6.6554,18251
Belarus,BLR,2013,6.7106,18464
Belarus,BLR,2014,6.6381,18822
Belarus,BLR,2015,6.1484,18136
Belarus,BLR,2016,6.3364,17628
Belarus,BLR,2017,6.3613,18113.3845
Belarus,BLR,2018,6.4492,18727.3176
Belgium,BEL,1846,2.0861,2700
Belgium,BEL,1847,2.1493,2809
Belgium,BEL,1848,1.8944,2796
Belgium,BEL,1849,1.9812,2853
Belgium,BEL,1850,2.1004,2944
Belgium,BEL,1851,2.2719,3006
Belgium,BEL,1852,2.5323,3067
Belgium,BEL,1853,2.5996,3127
Belgium,BEL,1854,2.8618,3300
Belgium,BEL,1855,2.9132,3301
Belgium,BEL,1856,2.8592,3459
Belgium,BEL,1857,2.9578,3524
Belgium,BEL,1858,3.088,3526
Belgium,BEL,1859,3.1629,3502
Belgium,BEL,1860,3.2083,3655
Belgium,BEL,1861,3.4472,3682
Belgium,BEL,1862,3.3994,3752
Belgium,BEL,1863,3.5573,3832
Belgium,BEL,1864,3.7067,3931
Belgium,BEL,1865,3.8791,3902
Belgium,BEL,1866,4.1481,3990
Belgium,BEL,1867,4.46,3980
Belgium,BEL,1868,4.0032,4095
Belgium,BEL,1869,4.2799,4245
Belgium,BEL,1870,4.8545,4291
Belgium,BEL,1871,4.6159,4275
Belgium,BEL,1872,4.94,4501
Belgium,BEL,1873,5.3808,4495
Belgium,BEL,1874,4.9201,4607
Belgium,BEL,1875,5.0703,4560
Belgium,BEL,1876,4.9139,4583
Belgium,BEL,1877,4.6383,4597
Belgium,BEL,1878,5.0013,4689
Belgium,BEL,1879,5.0486,4694
Belgium,BEL,1880,5.4902,4886
Belgium,BEL,1881,5.4773,4894
Belgium,BEL,1882,5.7467,4999
Belgium,BEL,1883,6.0336,5013
Belgium,BEL,1884,5.8873,4999
Belgium,BEL,1885,5.6958,5002
Belgium,BEL,1886,5.475,5026
Belgium,BEL,1887,5.7381,5180
Belgium,BEL,1888,6.0326,5176
Belgium,BEL,1889,6.1045,5386
Belgium,BEL,1890,6.5369,5464
Belgium,BEL,1891,6.1419,5412
Belgium,BEL,1892,6.0745,5486
Belgium,BEL,1893,5.7523,5507
Belgium,BEL,1894,6.2898,5528
Belgium,BEL,1895,6.276,5598
Belgium,BEL,1896,6.5479,5660
Belgium,BEL,1897,6.7094,5716
Belgium,BEL,1898,6.8482,5762
Belgium,BEL,1899,7.0873,5828
Belgium,BEL,1900,7.3932,5947
Belgium,BEL,1901,6.8807,5928
Belgium,BEL,1902,7.1204,5960
Belgium,BEL,1903,7.5869,6013
Belgium,BEL,1904,7.1793,6091
Belgium,BEL,1905,7.0892,6188
Belgium,BEL,1906,8.0205,6244
Belgium,BEL,1907,8.0474,6268
Belgium,BEL,1908,7.8948,6269
Belgium,BEL,1909,7.8137,6330
Belgium,BEL,1910,8.2343,6478
Belgium,BEL,1911,8.2485,6612
Belgium,BEL,1912,8.6379,6704
Belgium,BEL,1913,9.0635,6727
Belgium,BEL,1914,5.4032,6253
Belgium,BEL,1915,4.5803,6150
Belgium,BEL,1916,6.0895,6503
Belgium,BEL,1917,4.8169,5609
Belgium,BEL,1918,4.4782,4560
Belgium,BEL,1919,5.9468,5402
Belgium,BEL,1920,7.2871,6315
Belgium,BEL,1921,6.6479,6465
Belgium,BEL,1922,7.3144,7034
Belgium,BEL,1923,9.3415,7226
Belgium,BEL,1924,9.8433,7393
Belgium,BEL,1925,10.0063,7438
Belgium,BEL,1926,9.8942,7626
Belgium,BEL,1927,11.4462,7847
Belgium,BEL,1928,11.0896,8191
Belgium,BEL,1929,12.110900000000001,8056
Belgium,BEL,1930,11.6387,7936
Belgium,BEL,1931,10.4037,7747
Belgium,BEL,1932,8.3411,7343
Belgium,BEL,1933,8.9207,7461
Belgium,BEL,1934,9.173,7371
Belgium,BEL,1935,8.7383,7801
Belgium,BEL,1936,9.1184,7831
Belgium,BEL,1937,10.9418,7908
Belgium,BEL,1938,9.5557,7702
Belgium,BEL,1939,8.8728,8209
Belgium,BEL,1940,7.4508,7272
Belgium,BEL,1941,7.7938,6947
Belgium,BEL,1942,7.2778,6371
Belgium,BEL,1943,6.8698,6228
Belgium,BEL,1944,3.9215,6554
Belgium,BEL,1945,4.5704,6907
Belgium,BEL,1946,6.6295,7291
Belgium,BEL,1947,9.6072,7651
Belgium,BEL,1948,9.9274,8008
Belgium,BEL,1949,9.391,8278
Belgium,BEL,1950,8.822,8706
Belgium,BEL,1951,10.3051,9161
Belgium,BEL,1952,9.5628,9035
Belgium,BEL,1953,9.3828,9274
Belgium,BEL,1954,9.7065,9610
Belgium,BEL,1955,10.3538,10010
Belgium,BEL,1956,10.8226,10237
Belgium,BEL,1957,10.7234,10353
Belgium,BEL,1958,9.6851,10268
Belgium,BEL,1959,9.6937,10533
Belgium,BEL,1960,9.9165,11081
Belgium,BEL,1961,10.0481,11561
Belgium,BEL,1962,10.5583,12087
Belgium,BEL,1963,11.3139,12532
Belgium,BEL,1964,11.0231,13295
Belgium,BEL,1965,11.1533,13643
Belgium,BEL,1966,11.0759,13989
Belgium,BEL,1967,11.2667,14461
Belgium,BEL,1968,12.3816,15009
Belgium,BEL,1969,12.8642,15969
Belgium,BEL,1970,13.0283,16914
Belgium,BEL,1971,12.5599,17486
Belgium,BEL,1972,13.4777,18336
Belgium,BEL,1973,14.2622,19399
Belgium,BEL,1974,13.8453,20153
Belgium,BEL,1975,12.4671,19831
Belgium,BEL,1976,13.2395,20916
Belgium,BEL,1977,12.8556,21025
Belgium,BEL,1978,13.7697,21605
Belgium,BEL,1979,14.1852,22094
Belgium,BEL,1980,13.6626,23060
Belgium,BEL,1981,12.5067,22760
Belgium,BEL,1982,11.8407,23071
Belgium,BEL,1983,10.2246,23071
Belgium,BEL,1984,10.5959,23644
Belgium,BEL,1985,10.4879,23873
Belgium,BEL,1986,10.3104,24221
Belgium,BEL,1987,10.3184,24772
Belgium,BEL,1988,10.0153,25905
Belgium,BEL,1989,10.7004,26690
Belgium,BEL,1990,12.0229,27412
Belgium,BEL,1991,12.2894,27848.3042
Belgium,BEL,1992,12.1556,28199.5738
Belgium,BEL,1993,12.0014,27857.2494
Belgium,BEL,1994,12.2892,28706.5006
Belgium,BEL,1995,12.3638,29370.0871
Belgium,BEL,1996,12.6838,29820.2995
Belgium,BEL,1997,12.127,30894.2828
Belgium,BEL,1998,12.7191,31480.7434
Belgium,BEL,1999,12.1598,32571.6745
Belgium,BEL,2000,12.3244,33719.7698
Belgium,BEL,2001,12.2168,33923.342
Belgium,BEL,2002,12.2398,34419.6938
Belgium,BEL,2003,12.3092,34588.476
Belgium,BEL,2004,12.2881,35740.3525
Belgium,BEL,2005,11.9126,36338.3831
Belgium,BEL,2006,11.6657,37051.9022
Belgium,BEL,2007,11.2623,38082.8733
Belgium,BEL,2008,11.1498,38117.3484
Belgium,BEL,2009,9.9183,36998.6493
Belgium,BEL,2010,10.4714,37739.3275
Belgium,BEL,2011,9.5358,38130
Belgium,BEL,2012,9.2361,37906
Belgium,BEL,2013,9.2032,37737
Belgium,BEL,2014,8.6325,38228
Belgium,BEL,2015,8.9525,38569
Belgium,BEL,2016,8.7959,38766
Belgium,BEL,2017,8.7084,39352.1633
Belgium,BEL,2018,8.7289,39756.2031
Benin,BEN,1958,0.0525,1435
Benin,BEN,1959,0.0427,1457
Benin,BEN,1960,0.0663,1468
Benin,BEN,1961,0.052,1482
Benin,BEN,1962,0.0542,1400
Benin,BEN,1963,0.0475,1430
Benin,BEN,1964,0.0553,1492
Benin,BEN,1965,0.0571,1532
Benin,BEN,1966,0.0423,1549
Benin,BEN,1967,0.0522,1525
Benin,BEN,1968,0.0551,1545
Benin,BEN,1969,0.0707,1551
Benin,BEN,1970,0.0969,1543
Benin,BEN,1971,0.0985,1535
Benin,BEN,1972,0.1276,1640
Benin,BEN,1973,0.1224,1666
Benin,BEN,1974,0.1276,1733
Benin,BEN,1975,0.1358,1570
Benin,BEN,1976,0.0777,1548
Benin,BEN,1977,0.0864,1570
Benin,BEN,1978,0.1029,1519
Benin,BEN,1979,0.1013,1594
Benin,BEN,1980,0.1291,1691
Benin,BEN,1981,0.1014,1733
Benin,BEN,1982,0.1127,1862
Benin,BEN,1983,0.1001,1728
Benin,BEN,1984,0.10780000000000001,1809
Benin,BEN,1985,0.1604,1886
Benin,BEN,1986,0.1417,1867
Benin,BEN,1987,0.1044,1782
Benin,BEN,1988,0.1087,1780
Benin,BEN,1989,0.1183,1715
Benin,BEN,1990,0.1267,1811
Benin,BEN,1991,0.1424,1812.4215
Benin,BEN,1992,0.1478,1790.5301
Benin,BEN,1993,0.1734,1791.9632
Benin,BEN,1994,0.1922,1731.8034
Benin,BEN,1995,0.1892,1835.5746
Benin,BEN,1996,0.1888,1840.4858
Benin,BEN,1997,0.1902,1867.6059
Benin,BEN,1998,0.1721,1862.7557
Benin,BEN,1999,0.2194,1881.6972
Benin,BEN,2000,0.2145,1908.9366
Benin,BEN,2001,0.2387,1928.0966
Benin,BEN,2002,0.2892,1934.3967
Benin,BEN,2003,0.3183,1919.6151
Benin,BEN,2004,0.3347,1923.7193
Benin,BEN,2005,0.3119,1875.9193
Benin,BEN,2006,0.4078,1870.5325
Benin,BEN,2007,0.4649,1904.5496
Benin,BEN,2008,0.4506,1920.3061
Benin,BEN,2009,0.4723,1888.7758
Benin,BEN,2010,0.5087,1854.6656
Benin,BEN,2011,0.4735,1836
Benin,BEN,2012,0.4525,1867
Benin,BEN,2013,0.4564,1939
Benin,BEN,2014,0.4662,2008
Benin,BEN,2015,0.5036,2055
Benin,BEN,2016,0.6071,2080
Benin,BEN,2017,0.6208,2141.573
Benin,BEN,2018,0.6317,2220.1766
Bolivia,BOL,1928,0.0014,2356
Bolivia,BOL,1929,0.0042,2426
Bolivia,BOL,1930,0.0042,2281
Bolivia,BOL,1931,0.0027,2040
Bolivia,BOL,1932,0.0054,1879
Bolivia,BOL,1933,0.0161,1954
Bolivia,BOL,1934,0.0265,2099
Bolivia,BOL,1935,0.0249,2173
Bolivia,BOL,1936,0.0155,2230
Bolivia,BOL,1937,0.0192,2381
Bolivia,BOL,1938,0.0227,2431
Bolivia,BOL,1939,0.0288,2488
Bolivia,BOL,1940,0.0435,2667
Bolivia,BOL,1941,0.0358,2823
Bolivia,BOL,1942,0.0455,2860
Bolivia,BOL,1943,0.049,2922
Bolivia,BOL,1944,0.0464,2888
Bolivia,BOL,1945,0.0561,2966
Bolivia,BOL,1946,0.0535,2891
Bolivia,BOL,1947,0.0557,2797
Bolivia,BOL,1948,0.0677,2987
Bolivia,BOL,1949,0.0949,3083
Bolivia,BOL,1950,0.1605,3011
Bolivia,BOL,1951,0.1477,3209
Bolivia,BOL,1952,0.1617,3237
Bolivia,BOL,1953,0.1672,2869
Bolivia,BOL,1954,0.2406,2868
Bolivia,BOL,1955,0.2793,2954
Bolivia,BOL,1956,0.3263,2719
Bolivia,BOL,1957,0.2907,2573
Bolivia,BOL,1958,0.2603,2576
Bolivia,BOL,1959,0.2645,2511
Bolivia,BOL,1960,0.2745,2560
Bolivia,BOL,1961,0.279,2555
Bolivia,BOL,1962,0.289,2636
Bolivia,BOL,1963,0.3126,2742
Bolivia,BOL,1964,0.3739,2809
Bolivia,BOL,1965,0.3737,2879
Bolivia,BOL,1966,0.4097,3014
Bolivia,BOL,1967,0.4492,3127
Bolivia,BOL,1968,0.5064,3314
Bolivia,BOL,1969,0.5801,3379
Bolivia,BOL,1970,0.5539,3469
Bolivia,BOL,1971,0.6676,3513
Bolivia,BOL,1972,0.762,3602
Bolivia,BOL,1973,0.7218,3757
Bolivia,BOL,1974,0.7181,3854
Bolivia,BOL,1975,0.8108,4010
Bolivia,BOL,1976,0.8947,4219
Bolivia,BOL,1977,0.8559,4289
Bolivia,BOL,1978,0.9392,4328
Bolivia,BOL,1979,0.8659,4227
Bolivia,BOL,1980,0.835,4100
Bolivia,BOL,1981,0.8392,4060
Bolivia,BOL,1982,0.7461,3816
Bolivia,BOL,1983,0.7211,3585
Bolivia,BOL,1984,0.6656,3561
Bolivia,BOL,1985,0.6651,3476
Bolivia,BOL,1986,0.5965,3306
Bolivia,BOL,1987,0.6227,3330
Bolivia,BOL,1988,0.6515,3386
Bolivia,BOL,1989,0.7392,3408
Bolivia,BOL,1990,0.8343,3502
Bolivia,BOL,1991,0.8518,3610.0518
Bolivia,BOL,1992,0.9246,3592.1367
Bolivia,BOL,1993,1.0655,3670.2744
Bolivia,BOL,1994,1.1509,3765.1695
Bolivia,BOL,1995,1.2857,3865.4379
Bolivia,BOL,1996,1.2965,3959.4452
Bolivia,BOL,1997,1.4181,4079.5379
Bolivia,BOL,1998,1.389,4205.6941
Bolivia,BOL,1999,1.2985,4146.4705
Bolivia,BOL,2000,1.0264,4173.5495
Bolivia,BOL,2001,0.9664,4166.4917
Bolivia,BOL,2002,0.9589,4193.7549
Bolivia,BOL,2003,1.1211,4230.3725
Bolivia,BOL,2004,1.1231,4330.5558
Bolivia,BOL,2005,1.2105,4445.3477
Bolivia,BOL,2006,1.2291,4581.9022
Bolivia,BOL,2007,1.3247,4713.4484
Bolivia,BOL,2008,1.3942,4924.0323
Bolivia,BOL,2009,1.4395,5011.3383
Bolivia,BOL,2010,1.5351,5141.7589
Bolivia,BOL,2011,1.6638,5331
Bolivia,BOL,2012,1.7132,5511
Bolivia,BOL,2013,1.8112,5789
Bolivia,BOL,2014,1.935,6007
Bolivia,BOL,2015,1.9575,6200
Bolivia,BOL,2016,2.0663,6355
Bolivia,BOL,2017,2.1051,6521.3698
Bolivia,BOL,2018,2.1013,6695.7746
Bosnia and Herzegovina,BIH,1952,0.9158,1894
Bosnia and Herzegovina,BIH,1953,0.8911,1878
Bosnia and Herzegovina,BIH,1954,1.0418,1847
Bosnia and Herzegovina,BIH,1955,1.1697,2265
Bosnia and Herzegovina,BIH,1956,1.3118,1932
Bosnia and Herzegovina,BIH,1957,1.398,2214
Bosnia and Herzegovina,BIH,1958,1.3525,2284
Bosnia and Herzegovina,BIH,1959,1.5219,2667
Bosnia and Herzegovina,BIH,1960,1.6313,2871
Bosnia and Herzegovina,BIH,1961,1.6771,2925
Bosnia and Herzegovina,BIH,1962,1.6879,2868
Bosnia and Herzegovina,BIH,1963,1.8424,3174
Bosnia and Herzegovina,BIH,1964,2.0504,3469
Bosnia and Herzegovina,BIH,1965,2.0759,3569
Bosnia and Herzegovina,BIH,1966,2.0278,3810
Bosnia and Herzegovina,BIH,1967,2.0223,3724
Bosnia and Herzegovina,BIH,1968,2.1378,3849
Bosnia and Herzegovina,BIH,1969,2.1915,4132
Bosnia and Herzegovina,BIH,1970,2.8309,4251
Bosnia and Herzegovina,BIH,1971,3.0151,4490
Bosnia and Herzegovina,BIH,1972,2.7922,4661
Bosnia and Herzegovina,BIH,1973,3.2958,4801
Bosnia and Herzegovina,BIH,1974,3.2723,5112
Bosnia and Herzegovina,BIH,1975,3.3775,5247
Bosnia and Herzegovina,BIH,1976,3.451,5268
Bosnia and Herzegovina,BIH,1977,3.3244,5647
Bosnia and Herzegovina,BIH,1978,3.681,5977
Bosnia and Herzegovina,BIH,1979,3.9664,6376
Bosnia and Herzegovina,BIH,1980,3.8616,6588
Bosnia and Herzegovina,BIH,1981,4.1602,6762
Bosnia and Herzegovina,BIH,1982,3.7832,6841
Bosnia and Herzegovina,BIH,1983,4.0334,6773
Bosnia and Herzegovina,BIH,1984,4.2119,6843
Bosnia and Herzegovina,BIH,1985,4.2557,6875
Bosnia and Herzegovina,BIH,1986,4.4005,7066
Bosnia and Herzegovina,BIH,1987,4.2541,6886
Bosnia and Herzegovina,BIH,1988,4.3605,6668
Bosnia and Herzegovina,BIH,1989,4.3486,6711
Bosnia and Herzegovina,BIH,1990,4.3272,5893
Bosnia and Herzegovina,BIH,1991,3.1202,5128.9394
Bosnia and Herzegovina,BIH,1992,3.5498,3830.2191
Bosnia and Herzegovina,BIH,1993,3.0843,2831.0393
Bosnia and Herzegovina,BIH,1994,0.8142,3017.0011
Bosnia and Herzegovina,BIH,1995,0.8885,3237.3074
Bosnia and Herzegovina,BIH,1996,1.1262,4915.3251
Bosnia and Herzegovina,BIH,1997,2.2392,5913.0812
Bosnia and Herzegovina,BIH,1998,2.8253,6589.6372
Bosnia and Herzegovina,BIH,1999,2.7604,7025.9732
Bosnia and Herzegovina,BIH,2000,3.6528,7082.0353
Bosnia and Herzegovina,BIH,2001,3.5316,7129.3868
Bosnia and Herzegovina,BIH,2002,3.7699,7391.5922
Bosnia and Herzegovina,BIH,2003,3.8164,7551.4081
Bosnia and Herzegovina,BIH,2004,4.1078,7857.3783
Bosnia and Herzegovina,BIH,2005,4.2615,8057.6828
Bosnia and Herzegovina,BIH,2006,4.6175,8410.801
Bosnia and Herzegovina,BIH,2007,4.644,8811.8612
Bosnia and Herzegovina,BIH,2008,5.3163,9199.2617
Bosnia and Herzegovina,BIH,2009,5.4972,9018.5062
Bosnia and Herzegovina,BIH,2010,5.7066,8982.4579
Bosnia and Herzegovina,BIH,2011,6.4901,8961
Bosnia and Herzegovina,BIH,2012,6.1399,8873
Bosnia and Herzegovina,BIH,2013,6.154,9093
Bosnia and Herzegovina,BIH,2014,5.546,9201
Bosnia and Herzegovina,BIH,2015,5.3831,9495
Bosnia and Herzegovina,BIH,2016,6.4183,9746
Bosnia and Herzegovina,BIH,2017,6.5102,10069.2356
Bosnia and Herzegovina,BIH,2018,6.6412,10460.5201
Botswana,BWA,1972,0.033,1361
Botswana,BWA,1973,0.0744,1589
Botswana,BWA,1974,0.123,1656
Botswana,BWA,1975,0.2521,1712
Botswana,BWA,1976,0.7709,1801
Botswana,BWA,1977,0.9749,1889
Botswana,BWA,1978,0.9991,2005
Botswana,BWA,1979,1.0885,2184
Botswana,BWA,1980,1.0977,2348
Botswana,BWA,1981,1.083,2528
Botswana,BWA,1982,1.1416,2640
Botswana,BWA,1983,1.0336,2848
Botswana,BWA,1984,1.0124,3124
Botswana,BWA,1985,1.0825,3301
Botswana,BWA,1986,0.9597,3432
Botswana,BWA,1987,1.0723,3601
Botswana,BWA,1988,1.0839,3920
Botswana,BWA,1989,1.1482,5066
Botswana,BWA,1990,2.0986,5267
Botswana,BWA,1991,1.9863,5616.0112
Botswana,BWA,1992,2.0368,5733.63
Botswana,BWA,1993,2.2836,5787.1145
Botswana,BWA,1994,2.113,5946.4271
Botswana,BWA,1995,2.0724,6318.4764
Botswana,BWA,1996,1.8311,6647.7676
Botswana,BWA,1997,1.8172,7152.1474
Botswana,BWA,1998,2.1205,7185.2723
Botswana,BWA,1999,1.9614,7876.1385
Botswana,BWA,2000,2.2987,8044.142
Botswana,BWA,2001,2.2973,8082.8238
Botswana,BWA,2002,2.3321,8604.067
Botswana,BWA,2003,2.2055,9042.5197
Botswana,BWA,2004,2.206,9329.5092
Botswana,BWA,2005,2.2749,9798.0871
Botswana,BWA,2006,2.2512,10665.6795
Botswana,BWA,2007,2.2545,11602.0682
Botswana,BWA,2008,2.3507,12385.1497
Botswana,BWA,2009,1.9736,11494.7565
Botswana,BWA,2010,2.2834,12544.7274
Botswana,BWA,2011,1.999,13376
Botswana,BWA,2012,2.4891,13743
Botswana,BWA,2013,2.7457,14853
Botswana,BWA,2014,3.2798,15082
Botswana,BWA,2015,2.558,14805
Botswana,BWA,2016,2.9323,15198
Botswana,BWA,2017,3.2013,15397.4293
Botswana,BWA,2018,3.3545,15842.1301
Brazil,BRA,1901,0.1139,940
Brazil,BRA,1902,0.1328,921
Brazil,BRA,1903,0.1266,920
Brazil,BRA,1904,0.133,918
Brazil,BRA,1905,0.1392,925
Brazil,BRA,1906,0.156,993
Brazil,BRA,1907,0.1644,972
Brazil,BRA,1908,0.1676,945
Brazil,BRA,1909,0.1648,999
Brazil,BRA,1910,0.1877,990
Brazil,BRA,1911,0.2016,1076
Brazil,BRA,1912,0.2396,1042
Brazil,BRA,1913,0.2532,1046
Brazil,BRA,1914,0.1688,1004
Brazil,BRA,1915,0.1265,1028
Brazil,BRA,1916,0.1134,1036
Brazil,BRA,1917,0.0964,1086
Brazil,BRA,1918,0.0877,1041
Brazil,BRA,1919,0.1136,1154
Brazil,BRA,1920,0.1321,1242
Brazil,BRA,1921,0.1026,1242
Brazil,BRA,1922,0.1315,1301
Brazil,BRA,1923,0.1573,1347
Brazil,BRA,1924,0.1704,1320
Brazil,BRA,1925,0.1759,1298
Brazil,BRA,1926,0.1756,1299
Brazil,BRA,1927,0.1909,1366
Brazil,BRA,1928,0.1825,1492
Brazil,BRA,1929,0.1914,1465
Brazil,BRA,1930,0.163,1350
Brazil,BRA,1931,0.1208,1294
Brazil,BRA,1932,0.1184,1312
Brazil,BRA,1933,0.1314,1387
Brazil,BRA,1934,0.126,1471
Brazil,BRA,1935,0.1472,1482
Brazil,BRA,1936,0.1347,1591
Brazil,BRA,1937,0.1561,1610
Brazil,BRA,1938,0.1532,1643
Brazil,BRA,1939,0.1463,1627
Brazil,BRA,1940,0.156,1610
Brazil,BRA,1941,0.1475,1683
Brazil,BRA,1942,0.1343,1584
Brazil,BRA,1943,0.1444,1763
Brazil,BRA,1944,0.1281,1785
Brazil,BRA,1945,0.1444,1792
Brazil,BRA,1946,0.1538,1934
Brazil,BRA,1947,0.1797,1956
Brazil,BRA,1948,0.1535,2096
Brazil,BRA,1949,0.1403,2204
Brazil,BRA,1950,0.3642,2236
Brazil,BRA,1951,0.3895,2279
Brazil,BRA,1952,0.4353,2377
Brazil,BRA,1953,0.4274,2418
Brazil,BRA,1954,0.4885,2531
Brazil,BRA,1955,0.5441,2675
Brazil,BRA,1956,0.5688,2672
Brazil,BRA,1957,0.5432,2793
Brazil,BRA,1958,0.5731,3005
Brazil,BRA,1959,0.5564,3201
Brazil,BRA,1960,0.6491,3398
Brazil,BRA,1961,0.6613,3585
Brazil,BRA,1962,0.7009,3711
Brazil,BRA,1963,0.7052,3623
Brazil,BRA,1964,0.699,3637
Brazil,BRA,1965,0.6756,3617
Brazil,BRA,1966,0.7495,3747
Brazil,BRA,1967,0.751,3795
Brazil,BRA,1968,0.8555,4050
Brazil,BRA,1969,0.908,4313
Brazil,BRA,1970,0.9846,4635
Brazil,BRA,1971,1.0513,5024
Brazil,BRA,1972,1.1431,5480
Brazil,BRA,1973,1.2925,6086
Brazil,BRA,1974,1.3665,6416
Brazil,BRA,1975,1.4054,6582
Brazil,BRA,1976,1.4079,7079
Brazil,BRA,1977,1.4433,7248
Brazil,BRA,1978,1.5298,7425
Brazil,BRA,1979,1.5892,7736
Brazil,BRA,1980,1.5406,8249
Brazil,BRA,1981,1.3808,7709
Brazil,BRA,1982,1.3512,7587
Brazil,BRA,1983,1.2787,7203
Brazil,BRA,1984,1.2666,7438
Brazil,BRA,1985,1.3307,7862
Brazil,BRA,1986,1.4285,8281
Brazil,BRA,1987,1.461,8402
Brazil,BRA,1988,1.4454,8230
Brazil,BRA,1989,1.4497,8333
Brazil,BRA,1990,1.4675,7842
Brazil,BRA,1991,1.5127,7888.0485
Brazil,BRA,1992,1.5143,7812.7943
Brazil,BRA,1993,1.5576,8166.2356
Brazil,BRA,1994,1.5932,8615.6887
Brazil,BRA,1995,1.6583,8951.6944
Brazil,BRA,1996,1.7575,9124.5161
Brazil,BRA,1997,1.8357,9409.9465
Brazil,BRA,1998,1.8692,9419.1079
Brazil,BRA,1999,1.8991,9441.7589
Brazil,BRA,2000,1.9462,9834.4244
Brazil,BRA,2001,1.9536,9953.3095
Brazil,BRA,2002,1.937,10245.0689
Brazil,BRA,2003,1.8956,10354.5954
Brazil,BRA,2004,1.9642,10949.6601
Brazil,BRA,2005,1.9576,11305.7717
Brazil,BRA,2006,1.9603,11766.6057
Brazil,BRA,2007,2.0542,12500.0064
Brazil,BRA,2008,2.1488,13164.0113
Brazil,BRA,2009,2.0103,13180.8909
Brazil,BRA,2010,2.2496,14215.6126
Brazil,BRA,2011,2.342,14831
Brazil,BRA,2012,2.5005,14985
Brazil,BRA,2013,2.6484,15306
Brazil,BRA,2014,2.7515,15258
Brazil,BRA,2015,2.5889,15826
Brazil,BRA,2016,2.3901,13873
Brazil,BRA,2017,2.4094,13951.5999
Brazil,BRA,2018,2.3091,14033.5656
Bulgaria,BGR,1892,0.0134,1804
Bulgaria,BGR,1899,0.0372,1572
Bulgaria,BGR,1905,0.0844,1722
Bulgaria,BGR,1910,0.1403,1812
Bulgaria,BGR,1911,0.1963,1812
Bulgaria,BGR,1920,0.2159,1594
Bulgaria,BGR,1921,0.2644,1594
Bulgaria,BGR,1924,0.339,1635
Bulgaria,BGR,1925,0.3272,1949
Bulgaria,BGR,1926,0.3164,1978
Bulgaria,BGR,1927,0.3174,1884
Bulgaria,BGR,1928,0.3673,1934
Bulgaria,BGR,1929,0.4197,1956
Bulgaria,BGR,1930,0.4003,2031
Bulgaria,BGR,1931,0.3741,2048
Bulgaria,BGR,1932,0.4288,1943
Bulgaria,BGR,1933,0.3779,2077
Bulgaria,BGR,1934,0.3887,1876
Bulgaria,BGR,1935,0.39,1992
Bulgaria,BGR,1936,0.3924,2209
Bulgaria,BGR,1937,0.4309,2410
Bulgaria,BGR,1938,0.4855,2389
Bulgaria,BGR,1939,0.528,2672
Bulgaria,BGR,1940,0.6155,2683
Bulgaria,BGR,1941,0.658,2386
Bulgaria,BGR,1942,0.789,2299
Bulgaria,BGR,1943,0.8499,2346
Bulgaria,BGR,1944,0.6365,2087
Bulgaria,BGR,1945,0.7491,1710
Bulgaria,BGR,1948,0.8723,2200
Bulgaria,BGR,1949,1.0364,2400
Bulgaria,BGR,1950,1.034,2632
Bulgaria,BGR,1951,1.1168,3170
Bulgaria,BGR,1952,1.2789,3017
Bulgaria,BGR,1953,1.4239,3323
Bulgaria,BGR,1954,1.5193,3228
Bulgaria,BGR,1955,1.5991,3424
Bulgaria,BGR,1956,1.7006,3392
Bulgaria,BGR,1957,1.8713,3714
Bulgaria,BGR,1958,2.0154,3998
Bulgaria,BGR,1959,2.5096,4278
Bulgaria,BGR,1960,2.8242,4642
Bulgaria,BGR,1961,3.2621000000000002,4897
Bulgaria,BGR,1962,3.8274,5252
Bulgaria,BGR,1963,4.2486,5448
Bulgaria,BGR,1964,5.2487,5829
Bulgaria,BGR,1965,5.6271,6137
Bulgaria,BGR,1966,5.8804,6575
Bulgaria,BGR,1967,6.6049,6886
Bulgaria,BGR,1968,7.079,6963
Bulgaria,BGR,1969,7.8428,7246
Bulgaria,BGR,1970,7.1906,7608
Bulgaria,BGR,1971,7.5034,7814
Bulgaria,BGR,1972,7.6759,8145
Bulgaria,BGR,1973,7.939,8423
Bulgaria,BGR,1974,8.1774,8630
Bulgaria,BGR,1975,8.345,9295
Bulgaria,BGR,1976,8.3174,9535
Bulgaria,BGR,1977,8.6113,9398
Bulgaria,BGR,1978,9.1988,9594
Bulgaria,BGR,1979,8.9152,9954
Bulgaria,BGR,1980,8.7006,9634
Bulgaria,BGR,1981,8.9934,9860
Bulgaria,BGR,1982,10.0601,10154
Bulgaria,BGR,1983,10.0592,9942
Bulgaria,BGR,1984,9.7052,10249
Bulgaria,BGR,1985,9.9407,9924
Bulgaria,BGR,1986,10.1612,10170
Bulgaria,BGR,1987,10.1861,10173
Bulgaria,BGR,1988,9.7255,10098
Bulgaria,BGR,1989,9.7198,9908
Bulgaria,BGR,1990,8.6749,8922
Bulgaria,BGR,1991,7.0169,8319.6729
Bulgaria,BGR,1992,6.6117,7846.116
Bulgaria,BGR,1993,6.8127,7959.1637
Bulgaria,BGR,1994,6.6555,8212.2965
Bulgaria,BGR,1995,6.9159,8566.6027
Bulgaria,BGR,1996,7.0551,7901.1236
Bulgaria,BGR,1997,6.8019,7927.4291
Bulgaria,BGR,1998,6.5344,8322.082
Bulgaria,BGR,1999,5.7494,7921.7653
Bulgaria,BGR,2000,5.6847,8410.795
Bulgaria,BGR,2001,6.1762,8832.2906
Bulgaria,BGR,2002,5.8677,9471.7657
Bulgaria,BGR,2003,6.4751,10080.783
Bulgaria,BGR,2004,6.4025,10853.7852
Bulgaria,BGR,2005,6.5899,11758.0841
Bulgaria,BGR,2006,6.8004,12706.1816
Bulgaria,BGR,2007,7.3568,13785.2276
Bulgaria,BGR,2008,7.1875,14761.7147
Bulgaria,BGR,2009,6.1303,14363.2584
Bulgaria,BGR,2010,6.4459,14686.4611
Bulgaria,BGR,2011,7.2068,15112
Bulgaria,BGR,2012,6.5913,15204
Bulgaria,BGR,2013,5.8546,15420
Bulgaria,BGR,2014,6.2406,15711
Bulgaria,BGR,2015,6.7052,16373
Bulgaria,BGR,2016,6.3622,17037
Bulgaria,BGR,2017,6.6994,17763.6924
Bulgaria,BGR,2018,6.1883,18444.2602
Burkina Faso,BFA,1958,8e-4,929
Burkina Faso,BFA,1959,0.0015,953
Burkina Faso,BFA,1960,0.0091,971
Burkina Faso,BFA,1961,0.0187,1004
Burkina Faso,BFA,1962,0.017,1060
Burkina Faso,BFA,1963,0.0175,1039
Burkina Faso,BFA,1964,0.0216,1055
Burkina Faso,BFA,1965,0.0198,1087
Burkina Faso,BFA,1966,0.0195,1082
Burkina Faso,BFA,1967,0.0192,1165
Burkina Faso,BFA,1968,0.0189,1189
Burkina Faso,BFA,1969,0.0219,1199
Burkina Faso,BFA,1970,0.0254,1188
Burkina Faso,BFA,1971,0.0262,1219
Burkina Faso,BFA,1972,0.0277,1253
Burkina Faso,BFA,1973,0.0284,1172
Burkina Faso,BFA,1974,0.034,1132
Burkina Faso,BFA,1975,0.0357,1068
Burkina Faso,BFA,1976,0.0333,1039
Burkina Faso,BFA,1977,0.0389,1090
Burkina Faso,BFA,1978,0.0533,1189
Burkina Faso,BFA,1979,0.061,1173
Burkina Faso,BFA,1980,0.0634,1165
Burkina Faso,BFA,1981,0.0797,1186
Burkina Faso,BFA,1982,0.0804,1183
Burkina Faso,BFA,1983,0.0809,1140
Burkina Faso,BFA,1984,0.0618,1129
Burkina Faso,BFA,1985,0.0616,1243
Burkina Faso,BFA,1986,0.0605,1400
Burkina Faso,BFA,1987,0.0635,1336
Burkina Faso,BFA,1988,0.0662,1403
Burkina Faso,BFA,1989,0.0957,1342
Burkina Faso,BFA,1990,0.0661,1286
Burkina Faso,BFA,1991,0.0692,1331.2303
Burkina Faso,BFA,1992,0.0678,1264.992
Burkina Faso,BFA,1993,0.0656,1240.1422
Burkina Faso,BFA,1994,0.0657,1189.1213
Burkina Faso,BFA,1995,0.0619,1191.3074
Burkina Faso,BFA,1996,0.0679,1255.7749
Burkina Faso,BFA,1997,0.0754,1268.2632
Burkina Faso,BFA,1998,0.0783,1293.5734
Burkina Faso,BFA,1999,0.0812,1318.7198
Burkina Faso,BFA,2000,0.0887,1275.4819
Burkina Faso,BFA,2001,0.083,1283.3822
Burkina Faso,BFA,2002,0.0815,1255.5571
Burkina Faso,BFA,2003,0.0849,1277.5809
Burkina Faso,BFA,2004,0.0844,1268.6866
Burkina Faso,BFA,2005,0.0836,1309.9836
Burkina Faso,BFA,2006,0.0981,1322.6372
Burkina Faso,BFA,2007,0.1116,1308.5203
Burkina Faso,BFA,2008,0.118,1315.4537
Burkina Faso,BFA,2009,0.1208,1287.3678
Burkina Faso,BFA,2010,0.1305,1326.1975
Burkina Faso,BFA,2011,0.1325,1344
Burkina Faso,BFA,2012,0.158,1388
Burkina Faso,BFA,2013,0.1677,1422
Burkina Faso,BFA,2014,0.1656,1437
Burkina Faso,BFA,2015,0.182,1450
Burkina Faso,BFA,2016,0.1813,1483
Burkina Faso,BFA,2017,0.2052,1530.2047
Burkina Faso,BFA,2018,0.2177,1589.6242
Burundi,BDI,1950,0.0038,595
Burundi,BDI,1951,0.0037,618
Burundi,BDI,1952,0.0068,626
Burundi,BDI,1953,0.0062,641
Burundi,BDI,1954,0.0025,665
Burundi,BDI,1955,0.003,674
Burundi,BDI,1956,0.0034,687
Burundi,BDI,1957,0.0038,701
Burundi,BDI,1958,0.0037,708
Burundi,BDI,1959,0.0142,736
Burundi,BDI,1960,0.013,733
Burundi,BDI,1961,0.0167,615
Burundi,BDI,1962,0.0151,657
Burundi,BDI,1963,0.0161,673
Burundi,BDI,1964,0.0157,695
Burundi,BDI,1965,0.0118,703
Burundi,BDI,1966,0.015,716
Burundi,BDI,1967,0.0146,764
Burundi,BDI,1968,0.0165,740
Burundi,BDI,1969,0.0215,717
Burundi,BDI,1970,0.0179,893
Burundi,BDI,1971,0.0208,902
Burundi,BDI,1972,0.0205,866
Burundi,BDI,1973,0.0203,921
Burundi,BDI,1974,0.0251,904
Burundi,BDI,1975,0.0208,883
Burundi,BDI,1976,0.0233,956
Burundi,BDI,1977,0.0257,1020
Burundi,BDI,1978,0.026,1042
Burundi,BDI,1979,0.0271,1011
Burundi,BDI,1980,0.0353,952
Burundi,BDI,1981,0.0369,1014
Burundi,BDI,1982,0.036,985
Burundi,BDI,1983,0.0456,991
Burundi,BDI,1984,0.0476,968
Burundi,BDI,1985,0.0486,1057
Burundi,BDI,1986,0.048,1078
Burundi,BDI,1987,0.0496,1095
Burundi,BDI,1988,0.044,1119
Burundi,BDI,1989,0.0504,1111
Burundi,BDI,1990,0.0384,1124
Burundi,BDI,1991,0.0428,1149.7976
Burundi,BDI,1992,0.038,1128.3474
Burundi,BDI,1993,0.0392,1075.6154
Burundi,BDI,1994,0.0398,1057.6414
Burundi,BDI,1995,0.0398,934.2031
Burundi,BDI,1996,0.0399,824.5116
Burundi,BDI,1997,0.0407,800.272
Burundi,BDI,1998,0.0403,808.3241
Burundi,BDI,1999,0.0403,772.3172
Burundi,BDI,2000,0.0425,739.7609
Burundi,BDI,2001,0.0314,730.4278
Burundi,BDI,2002,0.0317,737.286
Burundi,BDI,2003,0.0233,703.5615
Burundi,BDI,2004,0.0277,709.7372
Burundi,BDI,2005,0.0209,691.6197
Burundi,BDI,2006,0.0241,703.361
Burundi,BDI,2007,0.0256,700.9587
Burundi,BDI,2008,0.0257,708.6786
Burundi,BDI,2009,0.0201,709.0326
Burundi,BDI,2010,0.0342,717.6115
Burundi,BDI,2011,0.0395,719
Burundi,BDI,2012,0.041,727
Burundi,BDI,2013,0.0417,738
Burundi,BDI,2014,0.0381,748
Burundi,BDI,2015,0.0385,694
Burundi,BDI,2016,0.0446,665
Burundi,BDI,2017,0.049,671.3169
Burundi,BDI,2018,0.0608,651.3589
Cambodia,KHM,1955,0.0203,826
Cambodia,KHM,1956,0.0255,912
Cambodia,KHM,1957,0.0304,947
Cambodia,KHM,1958,0.0364,969
Cambodia,KHM,1959,0.0381,1036
Cambodia,KHM,1960,0.041,1070
Cambodia,KHM,1961,0.0487,1031
Cambodia,KHM,1962,0.0511,1084
Cambodia,KHM,1963,0.0628,1135
Cambodia,KHM,1964,0.0532,1074
Cambodia,KHM,1965,0.0584,1095
Cambodia,KHM,1966,0.0668,1116
Cambodia,KHM,1967,0.0581,1143
Cambodia,KHM,1968,0.0681,1164
Cambodia,KHM,1969,0.1912,1151
Cambodia,KHM,1970,0.165,1031
Cambodia,KHM,1971,0.0308,980
Cambodia,KHM,1972,0.0125,920
Cambodia,KHM,1973,0.0118,1239
Cambodia,KHM,1974,0.0063,1049
Cambodia,KHM,1975,0.0063,925
Cambodia,KHM,1976,0.0064,1025
Cambodia,KHM,1977,0.0066,1143
Cambodia,KHM,1978,0.0068,1291
Cambodia,KHM,1979,0.0043,1325
Cambodia,KHM,1980,0.0427,1320
Cambodia,KHM,1981,0.0445,1301
Cambodia,KHM,1982,0.0487,1358
Cambodia,KHM,1983,0.0511,1412
Cambodia,KHM,1984,0.0551,1476
Cambodia,KHM,1985,0.0541,1540
Cambodia,KHM,1986,0.0543,1578
Cambodia,KHM,1987,0.0532,1490
Cambodia,KHM,1988,0.0534,1473
Cambodia,KHM,1989,0.0519,1455
Cambodia,KHM,1990,0.1404,1404
Cambodia,KHM,1991,0.1404,1425.0456
Cambodia,KHM,1992,0.1401,1427.2857
Cambodia,KHM,1993,0.1389,1384.2925
Cambodia,KHM,1994,0.1381,1416.4637
Cambodia,KHM,1995,0.1406,1439.2865
Cambodia,KHM,1996,0.1381,1450.5251
Cambodia,KHM,1997,0.1297,1466.3667
Cambodia,KHM,1998,0.1617,1476.296
Cambodia,KHM,1999,0.1594,1586.2105
Cambodia,KHM,2000,0.1625,1659.0891
Cambodia,KHM,2001,0.1813,1726.4713
Cambodia,KHM,2002,0.1745,1770.9571
Cambodia,KHM,2003,0.185,1850.2043
Cambodia,KHM,2004,0.187,1965.8786
Cambodia,KHM,2005,0.209,2144.845
Cambodia,KHM,2006,0.2224,2286.3847
Cambodia,KHM,2007,0.2537,2422.7565
Cambodia,KHM,2008,0.2796,2482.0068
Cambodia,KHM,2009,0.3233,2433.3061
Cambodia,KHM,2010,0.3564,2426.687
Cambodia,KHM,2011,0.3572,2496
Cambodia,KHM,2012,0.3688,2634
Cambodia,KHM,2013,0.3712,2782
Cambodia,KHM,2014,0.4251,2930
Cambodia,KHM,2015,0.5493,3086
Cambodia,KHM,2016,0.6681,3251
Cambodia,KHM,2017,0.8042,3425.3947
Cambodia,KHM,2018,0.7925,3628.5611
Cameroon,CMR,1950,0.0323,1070
Cameroon,CMR,1951,0.0418,1095
Cameroon,CMR,1952,0.0632,1122
Cameroon,CMR,1953,0.0444,1148
Cameroon,CMR,1954,0.0499,1175
Cameroon,CMR,1955,0.0498,1202
Cameroon,CMR,1956,0.0497,1229
Cameroon,CMR,1957,0.0525,1256
Cameroon,CMR,1958,0.056,1283
Cameroon,CMR,1959,0.0549,1310
Cameroon,CMR,1960,0.0524,1326
Cameroon,CMR,1961,0.0534,1321
Cameroon,CMR,1962,0.0536,1339
Cameroon,CMR,1963,0.0544,1366
Cameroon,CMR,1964,0.0597,1390
Cameroon,CMR,1965,0.053900000000000003,1393
Cameroon,CMR,1966,0.0583,1431
Cameroon,CMR,1967,0.0757,1443
Cameroon,CMR,1968,0.0815,1508
Cameroon,CMR,1969,0.0899,1551
Cameroon,CMR,1970,0.0978,1565
Cameroon,CMR,1971,0.121,1578
Cameroon,CMR,1972,0.1253,1612
Cameroon,CMR,1973,0.1272,1599
Cameroon,CMR,1974,0.1344,1632
Cameroon,CMR,1975,0.1558,1677
Cameroon,CMR,1976,0.1421,1664
Cameroon,CMR,1977,0.1977,1706
Cameroon,CMR,1978,0.2454,1744
Cameroon,CMR,1979,0.217,1785
Cameroon,CMR,1980,0.4507,1900
Cameroon,CMR,1981,0.5984,2153
Cameroon,CMR,1982,0.689,2257
Cameroon,CMR,1983,0.6931,2345
Cameroon,CMR,1984,0.6203,2450
Cameroon,CMR,1985,0.6425,2585
Cameroon,CMR,1986,0.1917,2683
Cameroon,CMR,1987,0.1717,2471
Cameroon,CMR,1988,0.1945,2287
Cameroon,CMR,1989,0.6632,2021
Cameroon,CMR,1990,0.2211,1930
Cameroon,CMR,1991,0.2198,1833.3545
Cameroon,CMR,1992,0.217,1754.2467
Cameroon,CMR,1993,0.2228,1677.14
Cameroon,CMR,1994,0.2147,1615.5973
Cameroon,CMR,1995,0.2356,1648.6416
Cameroon,CMR,1996,0.2572,1710.106
Cameroon,CMR,1997,0.2201,1780.4967
Cameroon,CMR,1998,0.213,1847.2189
Cameroon,CMR,1999,0.1983,1902.266
Cameroon,CMR,2000,0.2157,1961.0879
Cameroon,CMR,2001,0.2088,2028.5474
Cameroon,CMR,2002,0.2033,2084.9206
Cameroon,CMR,2003,0.2201,2143.98
Cameroon,CMR,2004,0.2231,2198.236
Cameroon,CMR,2005,0.2025,2222.9109
Cameroon,CMR,2006,0.2059,2269.518
Cameroon,CMR,2007,0.3045,2315.6069
Cameroon,CMR,2008,0.2818,2352.7995
Cameroon,CMR,2009,0.3332,2370.1305
Cameroon,CMR,2010,0.3275,2420.1328
Cameroon,CMR,2011,0.3119,2494
Cameroon,CMR,2012,0.2867,2541
Cameroon,CMR,2013,0.2297,2612
Cameroon,CMR,2014,0.302,2696
Cameroon,CMR,2015,0.3325,2778
Cameroon,CMR,2016,0.3266,2828
Cameroon,CMR,2017,0.3134,2850.2726
Cameroon,CMR,2018,0.3146,2888.0459
Canada,CAN,1820,0.0045,1441
Canada,CAN,1830,0.0031,1594
Canada,CAN,1840,0.0022,1852
Canada,CAN,1850,0.0237,2120
Canada,CAN,1860,0.1148,2313
Canada,CAN,1870,0.3254,2702
Canada,CAN,1871,0.4673,2797
Canada,CAN,1872,0.478,2718
Canada,CAN,1873,0.4104,2936
Canada,CAN,1874,0.4082,2955
Canada,CAN,1875,0.4651,2844
Canada,CAN,1876,0.4539,2616
Canada,CAN,1877,0.4871,2753
Canada,CAN,1878,0.4593,2609
Canada,CAN,1879,0.5114,2813
Canada,CAN,1880,1.2093,2895
Canada,CAN,1881,1.2764,3252
Canada,CAN,1882,1.4929,3362
Canada,CAN,1883,1.6579,3331
Canada,CAN,1884,1.8975,3556
Canada,CAN,1885,1.799,3304
Canada,CAN,1886,1.8985,3308
Canada,CAN,1887,2.166,3379
Canada,CAN,1888,2.8095,3585
Canada,CAN,1889,2.3576,3569
Canada,CAN,1890,2.5641,3790
Canada,CAN,1891,2.8498,3840
Canada,CAN,1892,2.8104,3779
Canada,CAN,1893,2.9754,3720
Canada,CAN,1894,2.8121,3857
Canada,CAN,1895,2.6567,3779
Canada,CAN,1896,2.8475,3647
Canada,CAN,1897,2.848,4004
Canada,CAN,1898,2.9928,4117
Canada,CAN,1899,3.6033,4457
Canada,CAN,1900,3.8119,4640
Canada,CAN,1901,4.3168,4937
Canada,CAN,1902,4.5335,5310
Canada,CAN,1903,4.8097,5314
Canada,CAN,1904,5.5408,5228
Canada,CAN,1905,5.7654,5678
Canada,CAN,1906,5.9281,6130
Canada,CAN,1907,7.2511,6177
Canada,CAN,1908,7.1195,5694
Canada,CAN,1909,6.6434,6137
Canada,CAN,1910,7.3761,6481
Canada,CAN,1911,8.4187,6715
Canada,CAN,1912,9.1994,6977
Canada,CAN,1913,10.629,7088
Canada,CAN,1914,8.9877,6416
Canada,CAN,1915,7.875,6747
Canada,CAN,1916,9.6584,7406
Canada,CAN,1917,10.557,7653
Canada,CAN,1918,10.8647,7079
Canada,CAN,1919,9.0551,6406
Canada,CAN,1920,9.8512,6154
Canada,CAN,1921,9.2233,5351
Canada,CAN,1922,7.7892,6046
Canada,CAN,1923,10.2824,6338
Canada,CAN,1924,8.4085,6339
Canada,CAN,1925,8.034,6918
Canada,CAN,1926,8.8915,7168
Canada,CAN,1927,9.4833,7726
Canada,CAN,1928,9.4982,8244
Canada,CAN,1929,9.8693,8074
Canada,CAN,1930,9.2644,7669
Canada,CAN,1931,7.3482,6382
Canada,CAN,1932,6.7195,5852
Canada,CAN,1933,6.5785,5372
Canada,CAN,1934,7.4846,5883
Canada,CAN,1935,7.3004,6298
Canada,CAN,1936,7.8969,6574
Canada,CAN,1937,8.4755,7130
Canada,CAN,1938,7.6721,7246
Canada,CAN,1939,8.4162,7600
Canada,CAN,1940,9.4906,8557
Canada,CAN,1941,10.3388,9645
Canada,CAN,1942,11.0919,11210
Canada,CAN,1943,11.473,11577
Canada,CAN,1944,11.4583,11864
Canada,CAN,1945,10.4601,11370
Canada,CAN,1946,10.894,11048
Canada,CAN,1947,11.0944,11298
Canada,CAN,1948,12.0304,11261
Canada,CAN,1949,10.7903,11260
Canada,CAN,1950,11.2233,11622
Canada,CAN,1951,11.5551,12007
Canada,CAN,1952,11.0352,12486
Canada,CAN,1953,10.8264,12726
Canada,CAN,1954,10.6896,12272
Canada,CAN,1955,10.8125,13072
Canada,CAN,1956,11.7782,13791
Canada,CAN,1957,11.0385,13719
Canada,CAN,1958,10.712,13603
Canada,CAN,1959,10.5804,13829
Canada,CAN,1960,10.798,13952
Canada,CAN,1961,10.6395,14080
Canada,CAN,1962,11.1304,14787
Canada,CAN,1963,11.1338,15248
Canada,CAN,1964,12.3198,15938
Canada,CAN,1965,12.8346,16694
Canada,CAN,1966,12.9695,17448
Canada,CAN,1967,13.8568,17658
Canada,CAN,1968,14.668,18297
Canada,CAN,1969,14.6072,18988
Canada,CAN,1970,15.962,19207
Canada,CAN,1971,16.2169,20024
Canada,CAN,1972,17.2521,20837
Canada,CAN,1973,17.0095,22058
Canada,CAN,1974,17.1291,22643
Canada,CAN,1975,17.2073,22819
Canada,CAN,1976,17.0828,23754
Canada,CAN,1977,17.2541,24265
Canada,CAN,1978,17.3849,24994
Canada,CAN,1979,18.2805,25775
Canada,CAN,1980,18.1369,25784
Canada,CAN,1981,17.4164,26256
Canada,CAN,1982,16.6337,25151
Canada,CAN,1983,16.2223,25625
Canada,CAN,1984,16.7119,26836
Canada,CAN,1985,16.3807,28025
Canada,CAN,1986,15.5206,28472
Canada,CAN,1987,16.3048,29246
Canada,CAN,1988,16.9987,30275
Canada,CAN,1989,17.0307,30458
Canada,CAN,1990,16.6298,30082
Canada,CAN,1991,16.1247,29151.6968
Canada,CAN,1992,16.4227,29141.1923
Canada,CAN,1993,16.2531,29657.5744
Canada,CAN,1994,16.5715,30745.8228
Canada,CAN,1995,16.8341,31330.7201
Canada,CAN,1996,17.211,31594.2418
Canada,CAN,1997,17.5265,32709.6916
Canada,CAN,1998,17.6199,33785.7463
Canada,CAN,1999,17.9434,35345.721
Canada,CAN,2000,18.5218,36942.5623
Canada,CAN,2001,18.1037,37307.2059
Canada,CAN,2002,18.111,38123.9864
Canada,CAN,2003,18.4941,38559.9759
Canada,CAN,2004,18.254,39491.57
Canada,CAN,2005,17.9035,40485.0192
Canada,CAN,2006,17.5618,41247.1493
Canada,CAN,2007,18.058,41806.8652
Canada,CAN,2008,17.3788,41896.4256
Canada,CAN,2009,16.1977,40312.6217
Canada,CAN,2010,16.3644,41209.4262
Canada,CAN,2011,16.4993,42197
Canada,CAN,2012,16.301,42445
Canada,CAN,2013,16.2537,42994
Canada,CAN,2014,15.9981,43607
Canada,CAN,2015,15.9066,43619
Canada,CAN,2016,15.3799,43745
Canada,CAN,2017,15.5004,44591.6417
Canada,CAN,2018,15.6299,44868.7435
Cape Verde,CPV,1950,0.5762,1006
Cape Verde,CPV,1951,0.4135,1019
Cape Verde,CPV,1952,0.1914,1031
Cape Verde,CPV,1953,0.0941,1044
Cape Verde,CPV,1954,0.1119,1030
Cape Verde,CPV,1955,0.1115,1034
Cape Verde,CPV,1956,0.1485,1047
Cape Verde,CPV,1957,0.0927,1012
Cape Verde,CPV,1958,0.074,1004
Cape Verde,CPV,1959,0.0917,1087
Cape Verde,CPV,1960,0.1088,1135
Cape Verde,CPV,1961,0.1069,1173
Cape Verde,CPV,1962,0.087,1207
Cape Verde,CPV,1963,0.0677,1237
Cape Verde,CPV,1964,0.1312,1262
Cape Verde,CPV,1965,0.1111,1286
Cape Verde,CPV,1966,0.0921,1309
Cape Verde,CPV,1967,0.074,1328
Cape Verde,CPV,1968,0.1143,1347
Cape Verde,CPV,1969,0.1388,1366
Cape Verde,CPV,1970,0.1362,1385
Cape Verde,CPV,1971,0.1349,1435
Cape Verde,CPV,1972,0.1886,1457
Cape Verde,CPV,1973,0.2296,1470
Cape Verde,CPV,1974,0.2441,1497
Cape Verde,CPV,1975,0.2847,1237
Cape Verde,CPV,1976,0.2701,1251
Cape Verde,CPV,1977,0.2949,1176
Cape Verde,CPV,1978,0.7551,1275
Cape Verde,CPV,1979,0.8907,1301
Cape Verde,CPV,1980,0.426,1352
Cape Verde,CPV,1981,0.1142,1447
Cape Verde,CPV,1982,0.1245,1470
Cape Verde,CPV,1983,0.122,1588
Cape Verde,CPV,1984,0.2753,1626
Cape Verde,CPV,1985,0.2704,1742
Cape Verde,CPV,1986,0.1852,1766
Cape Verde,CPV,1987,0.251,1817
Cape Verde,CPV,1988,0.225,1898
Cape Verde,CPV,1989,0.2434,1980
Cape Verde,CPV,1990,0.2819,1965
Cape Verde,CPV,1991,0.2857,1988.3073
Cape Verde,CPV,1992,0.2987,2029.596
Cape Verde,CPV,1993,0.3003,2159.2202
Cape Verde,CPV,1994,0.3018,2291.0803
Cape Verde,CPV,1995,0.313,2444.9032
Cape Verde,CPV,1996,0.3613,2594.0997
Cape Verde,CPV,1997,0.3625,2777.4651
Cape Verde,CPV,1998,0.3819,2999.6245
Cape Verde,CPV,1999,0.4357,3346.8799
Cape Verde,CPV,2000,0.5049,3583.5868
Cape Verde,CPV,2001,0.5382,3799.0326
Cape Verde,CPV,2002,0.6204,3998.2617
Cape Verde,CPV,2003,0.6841,4185.4891
Cape Verde,CPV,2004,0.7222,4368.0548
Cape Verde,CPV,2005,0.9496,4659.3962
Cape Verde,CPV,2006,1.0074,5140.8706
Cape Verde,CPV,2007,1.0643,5597.8503
Cape Verde,CPV,2008,0.9753,5985.1068
Cape Verde,CPV,2009,1.0691,5926.5065
Cape Verde,CPV,2010,1.1305,6033.7202
Cape Verde,CPV,2011,1.2339,6295
Cape Verde,CPV,2012,0.9935,6273
Cape Verde,CPV,2013,0.9666,6234
Cape Verde,CPV,2014,0.9403,6262
Cape Verde,CPV,2015,0.9357,6266
Cape Verde,CPV,2016,1.0141,6418
Cape Verde,CPV,2017,1.077,6576.9429
Cape Verde,CPV,2018,1.0983,6831.216
Central African Republic,CAF,1959,0.0669,1581
Central African Republic,CAF,1960,0.0586,1567
Central African Republic,CAF,1961,0.0576,1597
Central African Republic,CAF,1962,0.0472,1525
Central African Republic,CAF,1963,0.0464,1492
Central African Republic,CAF,1964,0.0456,1486
Central African Republic,CAF,1965,0.0536,1466
Central African Republic,CAF,1966,0.0504,1427
Central African Republic,CAF,1967,0.0536,1452
Central African Republic,CAF,1968,0.105,1435
Central African Republic,CAF,1969,0.105,1476
Central African Republic,CAF,1970,0.1153,1508
Central African Republic,CAF,1971,0.0995,1427
Central African Republic,CAF,1972,0.0902,1368
Central African Republic,CAF,1973,0.0851,1403
Central African Republic,CAF,1974,0.059,1333
Central African Republic,CAF,1975,0.0524,1323
Central African Republic,CAF,1976,0.0642,1345
Central African Republic,CAF,1977,0.0629,1417
Central African Republic,CAF,1978,0.0702,1398
Central African Republic,CAF,1979,0.0479,1326
Central African Republic,CAF,1980,0.0483,1234
Central African Republic,CAF,1981,0.0599,1219
Central African Republic,CAF,1982,0.0612,1208
Central African Republic,CAF,1983,0.0609,1105
Central African Republic,CAF,1984,0.0606,1146
Central African Republic,CAF,1985,0.0634,1148
Central African Republic,CAF,1986,0.0621,1162
Central African Republic,CAF,1987,0.0983,1079
Central African Republic,CAF,1988,0.0857,1073
Central African Republic,CAF,1989,0.0907,1070
Central African Republic,CAF,1990,0.0653,1023
Central African Republic,CAF,1991,0.0662,1006.9958
Central African Republic,CAF,1992,0.0656,965.1934
Central African Republic,CAF,1993,0.065,933.0602
Central African Republic,CAF,1994,0.0666,952.0174
Central African Republic,CAF,1995,0.0648,978.5566
Central African Republic,CAF,1996,0.0642,885.8864
Central African Republic,CAF,1997,0.0637,917.48
Central African Republic,CAF,1998,0.0633,936.2383
Central African Republic,CAF,1999,0.0649,967.8432
Central African Republic,CAF,2000,0.0644,963.9462
Central African Republic,CAF,2001,0.066,952.5118
Central African Republic,CAF,2002,0.0636,928.7716
Central African Republic,CAF,2003,0.0576,845.5055
Central African Republic,CAF,2004,0.0555,853.182
Central African Republic,CAF,2005,0.0535,858.5237
Central African Republic,CAF,2006,0.0552,881.4852
Central African Republic,CAF,2007,0.055,897.4783
Central African Republic,CAF,2008,0.0386,901.8513
Central African Republic,CAF,2009,0.0372,898.7005
Central African Republic,CAF,2010,0.0384,910.3104
Central African Republic,CAF,2011,0.0423,909
Central African Republic,CAF,2012,0.0429,916
Central African Republic,CAF,2013,0.0264,567
Central African Republic,CAF,2014,0.0279,561
Central African Republic,CAF,2015,0.04,576
Central African Republic,CAF,2016,0.0436,589
Central African Republic,CAF,2017,0.047,606.6967
Central African Republic,CAF,2018,0.0471,623.4889
Chad,TCD,1959,0.0211,983
Chad,TCD,1960,0.0183,974
Chad,TCD,1961,0.0168,971
Chad,TCD,1962,0.027,1004
Chad,TCD,1963,0.0288,972
Chad,TCD,1964,0.0305,929
Chad,TCD,1965,0.0321,913
Chad,TCD,1966,0.025,878
Chad,TCD,1967,0.0341,866
Chad,TCD,1968,0.0356,843
Chad,TCD,1969,0.0452,881
Chad,TCD,1970,0.0342,880
Chad,TCD,1971,0.0403,877
Chad,TCD,1972,0.0317,800
Chad,TCD,1973,0.0413,746
Chad,TCD,1974,0.0376,829
Chad,TCD,1975,0.0448,952
Chad,TCD,1976,0.0439,918
Chad,TCD,1977,0.0465,830
Chad,TCD,1978,0.0448,808
Chad,TCD,1979,0.0456,622
Chad,TCD,1980,0.0463,583
Chad,TCD,1981,0.0453,521
Chad,TCD,1982,0.0435,524
Chad,TCD,1983,0.0425,577
Chad,TCD,1984,0.0436,601
Chad,TCD,1985,0.0352,642
Chad,TCD,1986,0.0356,662
Chad,TCD,1987,0.0366,663
Chad,TCD,1988,0.0118,692
Chad,TCD,1989,0.0178,685
Chad,TCD,1990,0.0633,692
Chad,TCD,1991,0.0625,703.2837
Chad,TCD,1992,0.064,698.739
Chad,TCD,1993,0.0614,680.8005
Chad,TCD,1994,0.06,713.8271
Chad,TCD,1995,0.0601,700.7076
Chad,TCD,1996,0.0601,694.105
Chad,TCD,1997,0.0601,719.1531
Chad,TCD,1998,0.0594,753.8608
Chad,TCD,1999,0.0591,733.7812
Chad,TCD,2000,0.0583,716.0424
Chad,TCD,2001,0.0578,783.0552
Chad,TCD,2002,0.0565,831.8292
Chad,TCD,2003,0.0793,925.5126
Chad,TCD,2004,0.0768,1200.2726
Chad,TCD,2005,0.0758,1266.105
Chad,TCD,2006,0.0757,1225.5163
Chad,TCD,2007,0.0789,1422.3408
Chad,TCD,2008,0.0829,1422.2312
Chad,TCD,2009,0.0815,1533.1795
Chad,TCD,2010,0.0834,1720.3343
Chad,TCD,2011,0.0905,1661
Chad,TCD,2012,0.048,1793
Chad,TCD,2013,0.0496,1888
Chad,TCD,2014,0.0724,2279
Chad,TCD,2015,0.0494,2384
Chad,TCD,2016,0.0696,2189
Chad,TCD,2017,0.069,2066.3463
Chad,TCD,2018,0.0675,2046.3631
Chile,CHL,1895,0.1789,3304
Chile,CHL,1896,0.1801,3379
Chile,CHL,1897,0.2118,3210
Chile,CHL,1898,0.2425,3609
Chile,CHL,1899,0.2049,3467
Chile,CHL,1900,0.2711,3386
Chile,CHL,1901,0.49370000000000003,3416
Chile,CHL,1902,0.6092,3604
Chile,CHL,1903,0.6635,3381
Chile,CHL,1904,0.5963,3647
Chile,CHL,1905,0.6218,3470
Chile,CHL,1906,0.7213,3668
Chile,CHL,1907,0.6363,3810
Chile,CHL,1908,0.7087,4020
Chile,CHL,1909,0.6696,4042
Chile,CHL,1910,0.7899,4485
Chile,CHL,1911,0.86240000000000006,4481
Chile,CHL,1912,0.949,4806
Chile,CHL,1913,0.9083,4836
Chile,CHL,1914,0.7598,4071
Chile,CHL,1915,0.8092,3813
Chile,CHL,1916,0.9661,4600
Chile,CHL,1917,1.036,4621
Chile,CHL,1918,1.0092,4602
Chile,CHL,1919,0.976,3853
Chile,CHL,1920,0.6903,4248
Chile,CHL,1921,0.8171,3727
Chile,CHL,1922,0.6663,3814
Chile,CHL,1923,0.7264,4514
Chile,CHL,1924,0.9476,4779
Chile,CHL,1925,0.8821,4903
Chile,CHL,1926,0.8936,4702
Chile,CHL,1927,0.8758,4544
Chile,CHL,1928,0.8148,5609
Chile,CHL,1929,0.8821,5679
Chile,CHL,1930,0.8333,4876
Chile,CHL,1931,0.6236,3904
Chile,CHL,1932,0.6066,2950
Chile,CHL,1933,0.8432,3618
Chile,CHL,1934,0.9782,4269
Chile,CHL,1935,1.0178,4511
Chile,CHL,1936,0.9842,4584
Chile,CHL,1937,1.0162,5083
Chile,CHL,1938,1.0462,5070
Chile,CHL,1939,0.9314,5106
Chile,CHL,1940,0.9613,5177
Chile,CHL,1941,0.9994,5091
Chile,CHL,1942,1.0233,5161
Chile,CHL,1943,1.057,5209
Chile,CHL,1944,1.0425,5209
Chile,CHL,1945,0.9402,5553
Chile,CHL,1946,0.8886,5918
Chile,CHL,1947,0.9163,5187
Chile,CHL,1948,0.9786,5939
Chile,CHL,1949,0.9083,5710
Chile,CHL,1950,1.2807,5880
Chile,CHL,1951,1.4832,6001
Chile,CHL,1952,1.5436,6252
Chile,CHL,1953,1.4826,6582
Chile,CHL,1954,1.5458,6237
Chile,CHL,1955,1.5837,6341
Chile,CHL,1956,1.5818,6285
Chile,CHL,1957,1.5349,6758
Chile,CHL,1958,1.5961,6958
Chile,CHL,1959,1.5948,6409
Chile,CHL,1960,1.657,6781
Chile,CHL,1961,1.7412,6923
Chile,CHL,1962,1.9709,7071
Chile,CHL,1963,2.0042,7336
Chile,CHL,1964,1.9843,7320
Chile,CHL,1965,1.9742,7208
Chile,CHL,1966,2.051,7844
Chile,CHL,1967,2.066,7933
Chile,CHL,1968,2.2392,8053
Chile,CHL,1969,2.3409,8187
Chile,CHL,1970,2.5182,8195
Chile,CHL,1971,2.7211,8773
Chile,CHL,1972,2.7849,8520
Chile,CHL,1973,2.6873,7911
Chile,CHL,1974,2.4812,7857
Chile,CHL,1975,2.1662,6731
Chile,CHL,1976,2.2336,6868
Chile,CHL,1977,2.107,7438
Chile,CHL,1978,2.0595,7936
Chile,CHL,1979,2.1968,8475
Chile,CHL,1980,2.1975,9024
Chile,CHL,1981,2.1014,9427
Chile,CHL,1982,1.743,8016
Chile,CHL,1983,1.7356,7667
Chile,CHL,1984,1.8212,7992
Chile,CHL,1985,1.7364,8024
Chile,CHL,1986,1.7687,8325
Chile,CHL,1987,1.7717,8721
Chile,CHL,1988,2.0694,9199
Chile,CHL,1989,2.4507,10005
Chile,CHL,1990,2.4778,10203
Chile,CHL,1991,2.2934,10746.4916
Chile,CHL,1992,2.3308,11773.3007
Chile,CHL,1993,2.4348,12296.9256
Chile,CHL,1994,2.6483,12692.5511
Chile,CHL,1995,2.856,13715.933
Chile,CHL,1996,3.2639,14433.3198
Chile,CHL,1997,3.749,15079.8312
Chile,CHL,1998,3.7914,15259.5408
Chile,CHL,1999,4.0158,14846.4175
Chile,CHL,2000,3.7866,15211.6233
Chile,CHL,2001,3.3873,15448.0088
Chile,CHL,2002,3.4729,15509.8248
Chile,CHL,2003,3.4615,15809.1778
Chile,CHL,2004,3.6857,16478.9728
Chile,CHL,2005,3.7649,17137.486
Chile,CHL,2006,3.9102,17920.8031
Chile,CHL,2007,4.276,18487.9007
Chile,CHL,2008,4.2371,18804.0294
Chile,CHL,2009,3.9026,18184.4814
Chile,CHL,2010,4.1794,18909.8473
Chile,CHL,2011,4.5298,19705
Chile,CHL,2012,4.5794,20531
Chile,CHL,2013,4.6559,21135
Chile,CHL,2014,4.3681,21335
Chile,CHL,2015,4.5536,21589
Chile,CHL,2016,4.6346,21696
Chile,CHL,2017,4.5503,21650.3918
Chile,CHL,2018,4.5068,22104.7654
China,CHN,1911,0.0647,905
China,CHN,1913,0.0245,985
China,CHN,1929,0.0731,1003
China,CHN,1930,0.077,1012
China,CHN,1931,0.0814,1015
China,CHN,1932,0.0776,1039
China,CHN,1933,0.0844,923
China,CHN,1934,0.0979,937
China,CHN,1935,0.1138,1007
China,CHN,1936,0.1276,1065
China,CHN,1937,0.1181,1034
China,CHN,1938,0.1073,1003
China,CHN,1950,0.1422,799
China,CHN,1951,0.1792,950
China,CHN,1952,0.2197,1047
China,CHN,1953,0.2255,1157
China,CHN,1954,0.2668,1049
China,CHN,1955,0.3112,1119
China,CHN,1956,0.3473,1189
China,CHN,1957,0.4056,1195
China,CHN,1958,0.8193,1173
China,CHN,1959,1.1076,1117
China,CHN,1960,1.2096,1057
China,CHN,1961,0.8505,874
China,CHN,1962,0.6738,926
China,CHN,1963,0.6579,1034
China,CHN,1964,0.6504,1152
China,CHN,1965,0.6908,1253
China,CHN,1966,0.7401,1261
China,CHN,1967,0.6035,1237
China,CHN,1968,0.632,1178
China,CHN,1969,0.754,1264
China,CHN,1970,0.9763,1398
China,CHN,1971,1.0712,1446
China,CHN,1972,1.114,1431
China,CHN,1973,1.1336,1513
China,CHN,1974,1.1317,1519
China,CHN,1975,1.2774,1594
China,CHN,1976,1.301,1519
China,CHN,1977,1.3998,1583
China,CHN,1978,1.5355,1744
China,CHN,1979,1.5471,1859
China,CHN,1980,1.4944,1930
China,CHN,1981,1.4561,1962
China,CHN,1982,1.5629,2128
China,CHN,1983,1.6253,2227
China,CHN,1984,1.7434,2444
China,CHN,1985,1.8577,2619
China,CHN,1986,1.9216,2748
China,CHN,1987,2.0229,2931
China,CHN,1988,2.1322,3045
China,CHN,1989,2.1269,3022
China,CHN,1990,2.1114,2982
China,CHN,1991,2.1847,3051.3151
China,CHN,1992,2.263,3227.7441
China,CHN,1993,2.3971,3506.4801
China,CHN,1994,2.5203,3730.1641
China,CHN,1995,2.706,3999.7292
China,CHN,1996,2.7989,4219.6442
China,CHN,1997,2.7814,4310.8282
China,CHN,1998,2.6419,4309.8472
China,CHN,1999,2.6144,4466.7363
China,CHN,2000,2.6649,4730.3544
China,CHN,2001,2.7056,4995.1447
China,CHN,2002,2.9622,5343.1123
China,CHN,2003,3.4555,5649.4632
China,CHN,2004,3.9482,6067.5912
China,CHN,2005,4.4159,6626.5918
China,CHN,2006,4.8481,7271.0357
China,CHN,2007,5.1847,7895.7129
China,CHN,2008,5.5386,8190.1121
China,CHN,2009,5.7939,8734.0406
China,CHN,2010,6.295,9658.4186
China,CHN,2011,6.9223,10221
China,CHN,2012,7.0623,10680
China,CHN,2013,7.1506,11328
China,CHN,2014,7.1353,11944
China,CHN,2015,7.0003,12244
China,CHN,2016,6.8742,12569
China,CHN,2017,6.9812,12733.9314
China,CHN,2018,7.2077,13101.7064
Colombia,COL,1921,0.0045,1769
Colombia,COL,1922,0.0213,1851
Colombia,COL,1923,0.0272,1930
Colombia,COL,1924,0.0281,2000
Colombia,COL,1925,0.0615,2000
Colombia,COL,1926,0.1146,2136
Colombia,COL,1927,0.1089,2270
Colombia,COL,1928,0.1739,2375
Colombia,COL,1929,0.1627,2399
Colombia,COL,1930,0.0806,2350
Colombia,COL,1931,0.04,2308
Colombia,COL,1932,0.0096,2409
Colombia,COL,1933,0.0629,2514
Colombia,COL,1934,0.0853,2432
Colombia,COL,1935,0.2744,2673
Colombia,COL,1936,0.3133,2780
Colombia,COL,1937,0.3087,2791
Colombia,COL,1938,0.3281,2938
Colombia,COL,1939,0.4983,3037
Colombia,COL,1940,0.4394,3021
Colombia,COL,1941,0.386,2992
Colombia,COL,1942,0.4214,2920
Colombia,COL,1943,0.3689,2856
Colombia,COL,1944,0.4577,2970
Colombia,COL,1945,0.4225,3027
Colombia,COL,1946,0.457,3215
Colombia,COL,1947,0.4556,3255
Colombia,COL,1948,0.3942,3268
Colombia,COL,1949,0.4403,3359
Colombia,COL,1950,0.6258,3432
Colombia,COL,1951,0.664,3427
Colombia,COL,1952,0.6833,3529
Colombia,COL,1953,0.8282,3629
Colombia,COL,1954,0.7194,3759
Colombia,COL,1955,0.8671,3783
Colombia,COL,1956,0.8876,3811
Colombia,COL,1957,0.9329,3826
Colombia,COL,1958,0.9263,3798
Colombia,COL,1959,1.0335,3942
Colombia,COL,1960,1.0207,3980
Colombia,COL,1961,1.0983,4049
Colombia,COL,1962,1.1361,4135
Colombia,COL,1963,1.2044,4140
Colombia,COL,1964,1.193,4264
Colombia,COL,1965,1.2207,4286
Colombia,COL,1966,1.2176,4383
Colombia,COL,1967,1.2445,4438
Colombia,COL,1968,1.303,4581
Colombia,COL,1969,1.3378,4744
Colombia,COL,1970,1.3208,4932
Colombia,COL,1971,1.3762,5091
Colombia,COL,1972,1.3957,5348
Colombia,COL,1973,1.4607,5577
Colombia,COL,1974,1.5462,5767
Colombia,COL,1975,1.488,5772
Colombia,COL,1976,1.5434,5918
Colombia,COL,1977,1.5594,6046
Colombia,COL,1978,1.614,6443
Colombia,COL,1979,1.6823,6658
Colombia,COL,1980,1.6421,6786
Colombia,COL,1981,1.6097,6782
Colombia,COL,1982,1.6255,6698
Colombia,COL,1983,1.7138,6655
Colombia,COL,1984,1.6604,6741
Colombia,COL,1985,1.6053,6809
Colombia,COL,1986,1.5947,7071
Colombia,COL,1987,1.6068,7296
Colombia,COL,1988,1.6346,7442
Colombia,COL,1989,1.6265,7533
Colombia,COL,1990,1.7188,7693
Colombia,COL,1991,1.6782,7713.022
Colombia,COL,1992,1.7865,7888.1055
Colombia,COL,1993,1.8049,8180.8705
Colombia,COL,1994,1.8678,8447.8572
Colombia,COL,1995,1.6138,8735.8833
Colombia,COL,1996,1.6121,8770.5832
Colombia,COL,1997,1.7097,8952.473
Colombia,COL,1998,1.6984,8863.2614
Colombia,COL,1999,1.4042,8382.1399
Colombia,COL,2000,1.4196,8496.7919
Colombia,COL,2001,1.3896,8528.0335
Colombia,COL,2002,1.3561,8630.5424
Colombia,COL,2003,1.3763,8855.2174
Colombia,COL,2004,1.2969,9211.2791
Colombia,COL,2005,1.4083,9524.7227
Colombia,COL,2006,1.4353,10039.6831
Colombia,COL,2007,1.3759,10602.3049
Colombia,COL,2008,1.506,10846.7377
Colombia,COL,2009,1.6214,10894.1023
Colombia,COL,2010,1.6867,11191.6864
Colombia,COL,2011,1.6661,11788
Colombia,COL,2012,1.7304,12123
Colombia,COL,2013,1.8804,12568
Colombia,COL,2014,1.8885,12972
Colombia,COL,2015,1.9353,13218
Colombia,COL,2016,1.9355,13326
Colombia,COL,2017,1.7644,13358.0323
Colombia,COL,2018,1.7092,13545.0495
Comoros,COM,1959,0.0584,639
Comoros,COM,1960,0.0575,679
Comoros,COM,1961,0.0566,671
Comoros,COM,1962,0.0557,714
Comoros,COM,1963,0.0549,846
Comoros,COM,1964,0.053900000000000003,888
Comoros,COM,1965,0.0707,870
Comoros,COM,1966,0.0866,937
Comoros,COM,1967,0.0849,952
Comoros,COM,1968,0.0831,928
Comoros,COM,1969,0.0813,918
Comoros,COM,1970,0.1274,961
Comoros,COM,1971,0.1249,974
Comoros,COM,1972,0.1225,966
Comoros,COM,1973,0.12,1006
Comoros,COM,1974,0.1172,1004
Comoros,COM,1975,0.1282,1038
Comoros,COM,1976,0.1515,1009
Comoros,COM,1977,0.1461,966
Comoros,COM,1978,0.1023,964
Comoros,COM,1979,0.0739,1023
Comoros,COM,1980,0.1547,1065
Comoros,COM,1981,0.15,1081
Comoros,COM,1982,0.1457,1124
Comoros,COM,1983,0.1417,1149
Comoros,COM,1984,0.1379,1168
Comoros,COM,1985,0.134,1162
Comoros,COM,1986,0.1202,1157
Comoros,COM,1987,0.1265,1149
Comoros,COM,1988,0.1322,1152
Comoros,COM,1989,0.1284,1108
Comoros,COM,1990,0.1602,1092
Comoros,COM,1991,0.1556,1101.0036
Comoros,COM,1992,0.1595,1185.5141
Comoros,COM,1993,0.1631,1210.6353
Comoros,COM,1994,0.1585,1136.7435
Comoros,COM,1995,0.1619,1166.9368
Comoros,COM,1996,0.165,1141.6016
Comoros,COM,1997,0.1679,1177.5825
Comoros,COM,1998,0.1777,1179.8441
Comoros,COM,1999,0.1801,1189.2567
Comoros,COM,2000,0.1892,1204.4024
Comoros,COM,2001,0.1911,1217.4992
Comoros,COM,2002,0.1866,1229.8559
Comoros,COM,2003,0.2325,1240.0513
Comoros,COM,2004,0.2454,1247.2749
Comoros,COM,2005,0.2336,1265.6867
Comoros,COM,2006,0.2632,1388.0026
Comoros,COM,2007,0.1656,1382.5391
Comoros,COM,2008,0.1672,1419.3671
Comoros,COM,2009,0.2014,1455.2823
Comoros,COM,2010,0.2337,1432.5624
Comoros,COM,2011,0.2022,1479
Comoros,COM,2012,0.2126,1509
Comoros,COM,2013,0.2471,1619
Comoros,COM,2014,0.2123,1647
Comoros,COM,2015,0.2309,1696
Comoros,COM,2016,0.2717,1702
Comoros,COM,2017,0.3286,1712.8394
Comoros,COM,2018,0.3522,1724.4206
Congo,COG,1959,0.1879,1977
Congo,COG,1960,0.2195,1999
Congo,COG,1961,0.2564,2020
Congo,COG,1962,0.2227,2039
Congo,COG,1963,0.2138,2059
Congo,COG,1964,0.2377,2079
Congo,COG,1965,0.2125,2099
Congo,COG,1966,0.2593,2157
Congo,COG,1967,0.2644,2216
Congo,COG,1968,0.3595,2275
Congo,COG,1969,0.3893,2335
Congo,COG,1970,0.4308,2396
Congo,COG,1971,0.5016,2546
Congo,COG,1972,0.4715,2582
Congo,COG,1973,0.8423,2950
Congo,COG,1974,1.0879,2848
Congo,COG,1975,0.7153,2745
Congo,COG,1976,0.7803,2794
Congo,COG,1977,0.2946,2517
Congo,COG,1978,0.1922,2595
Congo,COG,1979,0.2016,2807
Congo,COG,1980,0.2281,3075
Congo,COG,1981,0.2571,3625
Congo,COG,1982,0.7126,4355
Congo,COG,1983,0.5888,4473
Congo,COG,1984,0.5706,4664
Congo,COG,1985,0.6208,4484
Congo,COG,1986,0.5029,4058
Congo,COG,1987,0.608,3953
Congo,COG,1988,0.669,3908
Congo,COG,1989,0.6522,3865
Congo,COG,1990,0.4277,3794
Congo,COG,1991,0.447,3862.5743
Congo,COG,1992,0.5177,3940.9717
Congo,COG,1993,0.4533,3874.1698
Congo,COG,1994,0.6719,3635.9892
Congo,COG,1995,0.438,3763.5958
Congo,COG,1996,0.4808,3988.8773
Congo,COG,1997,0.6699,3899.7627
Congo,COG,1998,0.1204,4042.7783
Congo,COG,1999,0.1194,3925.6864
Congo,COG,2000,0.1807,4159.2227
Congo,COG,2001,0.238,4256.6554
Congo,COG,2002,0.1738,4458.6342
Congo,COG,2003,0.2689,4467.904
Congo,COG,2004,0.2703,4560.5125
Congo,COG,2005,0.275,4820.7073
Congo,COG,2006,0.301,5016.0576
Congo,COG,2007,0.3125,4844.9702
Congo,COG,2008,0.3315,5081.1316
Congo,COG,2009,0.4159,5379.0042
Congo,COG,2010,0.459,5738.163
Congo,COG,2011,0.5096,5875
Congo,COG,2012,0.6529,5949
Congo,COG,2013,0.694,6031
Congo,COG,2014,0.6549,6321
Congo,COG,2015,0.7108,6272
Congo,COG,2016,0.7433,5974
Congo,COG,2017,0.6976,5747.0252
Congo,COG,2018,0.6907,5714.5917
Costa Rica,CRI,1950,0.3022,3129
Costa Rica,CRI,1951,0.3204,3110
Costa Rica,CRI,1952,0.3874,3370
Costa Rica,CRI,1953,0.4174,3751
Costa Rica,CRI,1954,0.3794,3649
Costa Rica,CRI,1955,0.3136,3921
Costa Rica,CRI,1956,0.4205,3668
Costa Rica,CRI,1957,0.3872,3835
Costa Rica,CRI,1958,0.3615,4152
Costa Rica,CRI,1959,0.3,4141
Costa Rica,CRI,1960,0.3689,4328
Costa Rica,CRI,1961,0.3555,4340
Costa Rica,CRI,1962,0.3834,4439
Costa Rica,CRI,1963,0.4042,4653
Costa Rica,CRI,1964,0.4377,4720
Costa Rica,CRI,1965,0.5311,4983
Costa Rica,CRI,1966,0.6033,5193
Costa Rica,CRI,1967,0.5158,5338
Costa Rica,CRI,1968,0.593,5574
Costa Rica,CRI,1969,0.6375,5773
Costa Rica,CRI,1970,0.6759,5984
Costa Rica,CRI,1971,0.8054,6199
Costa Rica,CRI,1972,0.9059,6564
Costa Rica,CRI,1973,1.0255,6884
Costa Rica,CRI,1974,0.9324,7061
Costa Rica,CRI,1975,0.9721,7007
Costa Rica,CRI,1976,0.9689,7182
Costa Rica,CRI,1977,1.1822,7602
Costa Rica,CRI,1978,1.2857,7763
Costa Rica,CRI,1979,1.1954,7905
Costa Rica,CRI,1980,1.0245,7828
Costa Rica,CRI,1981,0.9107,7461
Costa Rica,CRI,1982,0.8206,6751
Costa Rica,CRI,1983,0.8056,6743
Costa Rica,CRI,1984,0.7435,7065
Costa Rica,CRI,1985,0.8194,6918
Costa Rica,CRI,1986,0.9172,7087
Costa Rica,CRI,1987,0.9442,7221
Costa Rica,CRI,1988,0.9814,7270
Costa Rica,CRI,1989,0.9652,7489
Costa Rica,CRI,1990,0.9338,7567
Costa Rica,CRI,1991,1.0268,7552.3622
Costa Rica,CRI,1992,1.1385,8038.7678
Costa Rica,CRI,1993,1.1538,8363.483
Costa Rica,CRI,1994,1.5034,8479.5687
Costa Rica,CRI,1995,1.354,8576.4224
Costa Rica,CRI,1996,1.2902,8446.7812
Costa Rica,CRI,1997,1.3219,8683.9485
Costa Rica,CRI,1998,1.376,9053.8516
Costa Rica,CRI,1999,1.3995,9183.895
Costa Rica,CRI,2000,1.3613,9319.7662
Costa Rica,CRI,2001,1.4047,9451.6153
Costa Rica,CRI,2002,1.5229,9591.5533
Costa Rica,CRI,2003,1.5808,9831.2496
Costa Rica,CRI,2004,1.6193,10086.7837
Costa Rica,CRI,2005,1.5689,10308.374100000001
Costa Rica,CRI,2006,1.6124,10880.4767
Costa Rica,CRI,2007,1.8074,11584.6767
Costa Rica,CRI,2008,1.7902,11935.1578
Costa Rica,CRI,2009,1.7138,11638.0019
Costa Rica,CRI,2010,1.6369,12031.5709
Costa Rica,CRI,2011,1.578,12366
Costa Rica,CRI,2012,1.5487,12792
Costa Rica,CRI,2013,1.6093,12916
Costa Rica,CRI,2014,1.6158,13222
Costa Rica,CRI,2015,1.5277,13677
Costa Rica,CRI,2016,1.6171,14098
Costa Rica,CRI,2017,1.6791,14470.7773
Costa Rica,CRI,2018,1.6446,14686.2539
Cote d'Ivoire,CIV,1958,0.1519,1879
Cote d'Ivoire,CIV,1959,0.1612,1898
Cote d'Ivoire,CIV,1960,0.1318,2002
Cote d'Ivoire,CIV,1961,0.1523,2114
Cote d'Ivoire,CIV,1962,0.1555,2128
Cote d'Ivoire,CIV,1963,0.159,2378
Cote d'Ivoire,CIV,1964,0.1872,2691
Cote d'Ivoire,CIV,1965,0.2774,2520
Cote d'Ivoire,CIV,1966,0.2825,2595
Cote d'Ivoire,CIV,1967,0.2991,2509
Cote d'Ivoire,CIV,1968,0.3389,2758
Cote d'Ivoire,CIV,1969,0.386,2737
Cote d'Ivoire,CIV,1970,0.4395,2882
Cote d'Ivoire,CIV,1971,0.4607,2874
Cote d'Ivoire,CIV,1972,0.4863,2887
Cote d'Ivoire,CIV,1973,0.4924,2974
Cote d'Ivoire,CIV,1974,0.5297,2931
Cote d'Ivoire,CIV,1975,0.6217,2812
Cote d'Ivoire,CIV,1976,0.5899,3017
Cote d'Ivoire,CIV,1977,0.5767,3033
Cote d'Ivoire,CIV,1978,0.655,3202
Cote d'Ivoire,CIV,1979,0.7051,3139
Cote d'Ivoire,CIV,1980,0.6932,3253
Cote d'Ivoire,CIV,1981,0.4605,3242
Cote d'Ivoire,CIV,1982,0.6337,3131
Cote d'Ivoire,CIV,1983,0.494,2901
Cote d'Ivoire,CIV,1984,0.5386,2703
Cote d'Ivoire,CIV,1985,0.7041,2735
Cote d'Ivoire,CIV,1986,0.541,2718
Cote d'Ivoire,CIV,1987,0.687,2579
Cote d'Ivoire,CIV,1988,0.7936,2444
Cote d'Ivoire,CIV,1989,0.7186,2343
Cote d'Ivoire,CIV,1990,0.401,2083
Cote d'Ivoire,CIV,1991,0.3485,2036.2988
Cote d'Ivoire,CIV,1992,0.3,2011.5694
Cote d'Ivoire,CIV,1993,0.3837,1983.2336
Cote d'Ivoire,CIV,1994,0.3009,1951.5408
Cote d'Ivoire,CIV,1995,0.4307,2035.1682
Cote d'Ivoire,CIV,1996,0.5002,2179.0357
Cote d'Ivoire,CIV,1997,0.4635,2288.8086
Cote d'Ivoire,CIV,1998,0.4224,2393.499
Cote d'Ivoire,CIV,1999,0.3705,2417.4575
Cote d'Ivoire,CIV,2000,0.3928,2352.8563
Cote d'Ivoire,CIV,2001,0.4389,2342.8275
Cote d'Ivoire,CIV,2002,0.4038,2298.4566
Cote d'Ivoire,CIV,2003,0.2917,2263.0926
Cote d'Ivoire,CIV,2004,0.4082,2280.788
Cote d'Ivoire,CIV,2005,0.4084,2312.8426
Cote d'Ivoire,CIV,2006,0.3632,2343.9269
Cote d'Ivoire,CIV,2007,0.341,2380.1154
Cote d'Ivoire,CIV,2008,0.3362,2435.2705
Cote d'Ivoire,CIV,2009,0.2749,2508.8221
Cote d'Ivoire,CIV,2010,0.2953,2555.0163
Cote d'Ivoire,CIV,2011,0.3016,2444
Cote d'Ivoire,CIV,2012,0.387,2636
Cote d'Ivoire,CIV,2013,0.4313,2823
Cote d'Ivoire,CIV,2014,0.43,3011
Cote d'Ivoire,CIV,2015,0.405,3218
Cote d'Ivoire,CIV,2016,0.4952,3395
Cote d'Ivoire,CIV,2017,0.4853,3558.8382
Cote d'Ivoire,CIV,2018,0.4089,3713.6436
Croatia,HRV,1952,0.6944,2738
Croatia,HRV,1953,0.6844,2952
Croatia,HRV,1954,0.8093,3193
Croatia,HRV,1955,0.9185,3749
Croatia,HRV,1956,1.0421,3564
Croatia,HRV,1957,1.1216,4203
Croatia,HRV,1958,1.0969,4285
Croatia,HRV,1959,1.2482,4640
Croatia,HRV,1960,1.354,5067
Croatia,HRV,1961,1.4097,5404
Croatia,HRV,1962,1.4367,5509
Croatia,HRV,1963,1.5882,6059
Croatia,HRV,1964,1.7895,6591
Croatia,HRV,1965,1.8325,6741
Croatia,HRV,1966,1.8073,7184
Croatia,HRV,1967,1.8185,7382
Croatia,HRV,1968,1.9371,7667
Croatia,HRV,1969,2.0009,8209
Croatia,HRV,1970,2.6067,8751
Croatia,HRV,1971,2.6085,9414
Croatia,HRV,1972,2.3935,9631
Croatia,HRV,1973,2.9159,9969
Croatia,HRV,1974,2.907,10786
Croatia,HRV,1975,3.0107,11053
Croatia,HRV,1976,3.0934,11469
Croatia,HRV,1977,2.9858,12385
Croatia,HRV,1978,3.3479,13265
Croatia,HRV,1979,3.6436,13994
Croatia,HRV,1980,3.5576,14193
Croatia,HRV,1981,3.799,14182
Croatia,HRV,1982,3.4714,14123
Croatia,HRV,1983,3.7291,13841
Croatia,HRV,1984,3.9258,14104
Croatia,HRV,1985,3.9979,14067
Croatia,HRV,1986,4.1756,14416
Croatia,HRV,1987,4.0589,14362
Croatia,HRV,1988,4.1946,14207
Croatia,HRV,1989,4.1793,13959
Croatia,HRV,1990,4.8107,12948
Croatia,HRV,1991,3.5685,10296.1907
Croatia,HRV,1992,3.4591,9331.8927
Croatia,HRV,1993,3.578,8739.5402
Croatia,HRV,1994,3.4464,9352.584
Croatia,HRV,1995,3.6425,10180.2515
Croatia,HRV,1996,3.7911,11030.0793
Croatia,HRV,1997,4.0943,11997.5931
Croatia,HRV,1998,4.2325,12476.0465
Croatia,HRV,1999,4.493,12579.8768
Croatia,HRV,2000,4.44,13244.5407
Croatia,HRV,2001,4.7148,13817.6808
Croatia,HRV,2002,4.9792,14683.8377
Croatia,HRV,2003,5.2893,15740.4986
Croatia,HRV,2004,5.2218,16628.5744
Croatia,HRV,2005,5.3324,17581.3584
Croatia,HRV,2006,5.389,18707.4909
Croatia,HRV,2007,5.7001,19984.0374
Croatia,HRV,2008,5.4217,20717.3157
Croatia,HRV,2009,5.0236,19501.5886
Croatia,HRV,2010,4.8564,19511.3503
Croatia,HRV,2011,4.7882,19813
Croatia,HRV,2012,4.4435,19441
Croatia,HRV,2013,4.3108,19298
Croatia,HRV,2014,4.1551,19284
Croatia,HRV,2015,4.2093,19698
Croatia,HRV,2016,4.2967,20376
Croatia,HRV,2017,4.475,21232.3607
Croatia,HRV,2018,4.2581,22012.3147
Cuba,CUB,1941,0.0159,2198
Cuba,CUB,1942,0.017,2198
Cuba,CUB,1943,0.0166,2069
Cuba,CUB,1944,0.0169,2275
Cuba,CUB,1945,0.0207,2275
Cuba,CUB,1946,0.031,2405
Cuba,CUB,1947,0.0343,2560
Cuba,CUB,1948,0.0322,2507
Cuba,CUB,1949,0.0314,2482
Cuba,CUB,1950,0.9467,2638
Cuba,CUB,1951,1.0692,2664
Cuba,CUB,1952,1.0167,2844
Cuba,CUB,1953,0.982,2611
Cuba,CUB,1954,0.926,2611
Cuba,CUB,1955,1.0363,2638
Cuba,CUB,1956,0.8782,2740
Cuba,CUB,1957,2.0497,2922
Cuba,CUB,1958,2.6152,2922
Cuba,CUB,1959,2.2362,3006
Cuba,CUB,1960,1.9166,2994
Cuba,CUB,1961,1.6689,3068
Cuba,CUB,1962,1.899,2974
Cuba,CUB,1963,1.7087,2958
Cuba,CUB,1964,1.8322,3158
Cuba,CUB,1965,1.8339,3088
Cuba,CUB,1966,1.8692,3185
Cuba,CUB,1967,1.9037,3489
Cuba,CUB,1968,1.904,3229
Cuba,CUB,1969,2.0141,3137
Cuba,CUB,1970,2.1411,2976
Cuba,CUB,1971,2.2089,3161
Cuba,CUB,1972,2.3021,3253
Cuba,CUB,1973,2.4377,3486
Cuba,CUB,1974,2.4556,3609
Cuba,CUB,1975,2.8624,3733
Cuba,CUB,1976,2.8466,3786
Cuba,CUB,1977,3.0452,3913
Cuba,CUB,1978,3.1531,4114
Cuba,CUB,1979,3.2361,4183
Cuba,CUB,1980,3.1854,4106
Cuba,CUB,1981,3.3058,4420
Cuba,CUB,1982,3.4735,4487
Cuba,CUB,1983,3.0878,4705
Cuba,CUB,1984,3.2478,5051
Cuba,CUB,1985,3.224,5120
Cuba,CUB,1986,3.2941,5075
Cuba,CUB,1987,3.2988,4887
Cuba,CUB,1988,3.4255,4994
Cuba,CUB,1989,3.4005,4991
Cuba,CUB,1990,2.7978,4713
Cuba,CUB,1991,2.5456,3982.2657
Cuba,CUB,1992,1.9181,3399.9647
Cuba,CUB,1993,1.8373,2657.466
Cuba,CUB,1994,1.9728,2683.0985
Cuba,CUB,1995,2.0972,2860.7573
Cuba,CUB,1996,2.133,3249.6353
Cuba,CUB,1997,2.2575,3425.5618
Cuba,CUB,1998,2.2008,3415.5452
Cuba,CUB,1999,2.2073,3623.5954
Cuba,CUB,2000,2.3166,4009.3399
Cuba,CUB,2001,2.2585,4231.3238
Cuba,CUB,2002,2.279,4369.0403
Cuba,CUB,2003,2.3103,4506.6759
Cuba,CUB,2004,2.2418,4561.0167
Cuba,CUB,2005,2.1704,4713.7063
Cuba,CUB,2006,2.1927,5416.1412
Cuba,CUB,2007,2.1545,5635.6883
Cuba,CUB,2008,2.5014,6004.8939
Cuba,CUB,2009,2.5294,6248.3044
Cuba,CUB,2010,3.0465,6578.1906
Cuba,CUB,2011,2.6192,6928
Cuba,CUB,2012,2.6421,7138
Cuba,CUB,2013,2.4838,7379
Cuba,CUB,2014,2.427,7628
Cuba,CUB,2015,2.5882,7889
Cuba,CUB,2016,2.4859,8000
Cuba,CUB,2017,2.223,8141.7435
Cuba,CUB,2018,1.994,8325.6313
Cyprus,CYP,1950,0.5414,2885
Cyprus,CYP,1951,0.5638,2782
Cyprus,CYP,1952,0.622,3017
Cyprus,CYP,1953,0.7136,3274
Cyprus,CYP,1954,0.8506,3287
Cyprus,CYP,1955,0.8504,3360
Cyprus,CYP,1956,1.2492,3688
Cyprus,CYP,1957,1.4865,3848
Cyprus,CYP,1958,1.3696,3660
Cyprus,CYP,1959,1.4664,3814
Cyprus,CYP,1960,1.547,3496
Cyprus,CYP,1961,1.4995,3845
Cyprus,CYP,1962,1.5659,4211
Cyprus,CYP,1963,1.7048,4423
Cyprus,CYP,1964,1.7282,3971
Cyprus,CYP,1965,1.9796,4825
Cyprus,CYP,1966,2.1214,5083
Cyprus,CYP,1967,2.3038,5732
Cyprus,CYP,1968,2.7105,5947
Cyprus,CYP,1969,2.7549,6446
Cyprus,CYP,1970,2.7748,6590
Cyprus,CYP,1971,3.0337,7382
Cyprus,CYP,1972,3.8311,7809
Cyprus,CYP,1973,3.9419,7913
Cyprus,CYP,1974,3.0028,6503
Cyprus,CYP,1975,3.064,5528
Cyprus,CYP,1976,3.7834,6652
Cyprus,CYP,1977,4.056,7704
Cyprus,CYP,1978,4.2258,8257
Cyprus,CYP,1979,4.4785,9011
Cyprus,CYP,1980,4.7572,9451
Cyprus,CYP,1981,4.4919,9631
Cyprus,CYP,1982,4.5643,10131
Cyprus,CYP,1983,4.5404,10544
Cyprus,CYP,1984,4.6359,11330
Cyprus,CYP,1985,4.4693,11725
Cyprus,CYP,1986,5.0623,12121
Cyprus,CYP,1987,5.7852,12792
Cyprus,CYP,1988,5.6995,13748
Cyprus,CYP,1989,5.8981,14712
Cyprus,CYP,1990,6.0678,15560
Cyprus,CYP,1991,6.565,15417.1244
Cyprus,CYP,1992,6.8896,16570.3973
Cyprus,CYP,1993,7.0342,16439.2393
Cyprus,CYP,1994,7.1683,17210.9865
Cyprus,CYP,1995,6.865,18751.4865
Cyprus,CYP,1996,7.1242,18875.2886
Cyprus,CYP,1997,7.0807,19264.7878
Cyprus,CYP,1998,7.271,20212.739
Cyprus,CYP,1999,7.4229,21147.5251
Cyprus,CYP,2000,7.5484,22326.798
Cyprus,CYP,2001,7.2836,23095.736
Cyprus,CYP,2002,7.353,23828.0731
Cyprus,CYP,2003,7.6232,24347.0754
Cyprus,CYP,2004,7.7204,25355.2402
Cyprus,CYP,2005,7.7409,26164.2096
Cyprus,CYP,2006,7.8264,27142.0176
Cyprus,CYP,2007,7.9925,28109.9961
Cyprus,CYP,2008,8.057,28736.9745
Cyprus,CYP,2009,7.7121,27735.0329
Cyprus,CYP,2010,7.2798,27630.1039
Cyprus,CYP,2011,6.9219,27272
Cyprus,CYP,2012,6.3977,26011
Cyprus,CYP,2013,5.7537,24519
Cyprus,CYP,2014,6.0311,24411
Cyprus,CYP,2015,6.0038,24963
Cyprus,CYP,2016,6.3007,25577
Cyprus,CYP,2017,6.3772,26445.2868
Cyprus,CYP,2018,6.1722,27184.4166
Czechia,CZE,1970,15.7288,8748
Czechia,CZE,1971,16.182,9177
Czechia,CZE,1972,16.2596,9626
Czechia,CZE,1973,16.2278,10026
Czechia,CZE,1974,16.3026,10444
Czechia,CZE,1975,16.956,10954
Czechia,CZE,1976,17.5097,11317
Czechia,CZE,1977,17.9213,11634
Czechia,CZE,1978,17.967,12055
Czechia,CZE,1979,17.405,12164
Czechia,CZE,1980,17.5467,12336
Czechia,CZE,1981,17.3263,12306
Czechia,CZE,1982,17.1666,12109
Czechia,CZE,1983,17.2079,12301
Czechia,CZE,1984,17.8231,12573
Czechia,CZE,1985,17.6026,12855
Czechia,CZE,1986,17.7344,13211
Czechia,CZE,1987,17.5229,13514
Czechia,CZE,1988,17.2147,13791
Czechia,CZE,1989,16.4111,14027
Czechia,CZE,1990,15.879,14178
Czechia,CZE,1991,14.3907,12724.5409
Czechia,CZE,1992,13.9686,12810.4317
Czechia,CZE,1993,13.3834,12974.1973
Czechia,CZE,1994,12.7759,13517.5819
Czechia,CZE,1995,12.705,14550.1046
Czechia,CZE,1996,13.0387,15386.3207
Czechia,CZE,1997,12.6447,15494.3169
Czechia,CZE,1998,12.1385,15657.4256
Czechia,CZE,1999,11.3147,16102.5076
Czechia,CZE,2000,12.3552,17056.1595
Czechia,CZE,2001,12.3673,17868.5676
Czechia,CZE,2002,12.089,18431.0272
Czechia,CZE,2003,12.4438,19344.0902
Czechia,CZE,2004,12.5172,20555.0356
Czechia,CZE,2005,12.2516,22128.5801
Czechia,CZE,2006,12.2826,23888.164
Czechia,CZE,2007,12.3878,25382.8075
Czechia,CZE,2008,11.7978,26186.0454
Czechia,CZE,2009,10.9875,25093.8629
Czechia,CZE,2010,11.1615,25922.3941
Czechia,CZE,2011,10.8993,26725
Czechia,CZE,2012,10.5175,26474
Czechia,CZE,2013,10.0624,26338
Czechia,CZE,2014,9.8285,27024
Czechia,CZE,2015,9.8916,28194
Czechia,CZE,2016,10.0468,28823
Czechia,CZE,2017,10.113,29997.7582
Czechia,CZE,2018,9.9508,30748.5084
Democratic Republic of Congo,COD,1950,0.1214,909
Democratic Republic of Congo,COD,1951,0.1406,995
Democratic Republic of Congo,COD,1952,0.1643,1065
Democratic Republic of Congo,COD,1953,0.1768,1105
Democratic Republic of Congo,COD,1954,0.213,1148
Democratic Republic of Congo,COD,1955,0.2506,1170
Democratic Republic of Congo,COD,1956,0.2296,1224
Democratic Republic of Congo,COD,1957,0.2351,1237
Democratic Republic of Congo,COD,1958,0.2017,1176
Democratic Republic of Congo,COD,1959,0.1815,1191
Democratic Republic of Congo,COD,1960,0.1521,1192
Democratic Republic of Congo,COD,1961,0.1506,1041
Democratic Republic of Congo,COD,1962,0.1354,1223
Democratic Republic of Congo,COD,1963,0.1393,1248
Democratic Republic of Congo,COD,1964,0.1168,1191
Democratic Republic of Congo,COD,1965,0.1421,1176
Democratic Republic of Congo,COD,1966,0.1345,1224
Democratic Republic of Congo,COD,1967,0.1245,1176
Democratic Republic of Congo,COD,1968,0.178,1189
Democratic Republic of Congo,COD,1969,0.1875,1262
Democratic Republic of Congo,COD,1970,0.1354,1224
Democratic Republic of Congo,COD,1971,0.1439,1267
Democratic Republic of Congo,COD,1972,0.1429,1235
Democratic Republic of Congo,COD,1973,0.147,1305
Democratic Republic of Congo,COD,1974,0.151,1312
Democratic Republic of Congo,COD,1975,0.1411,1213
Democratic Republic of Congo,COD,1976,0.1445,1111
Democratic Republic of Congo,COD,1977,0.1434,1086
Democratic Republic of Congo,COD,1978,0.1413,993
Democratic Republic of Congo,COD,1979,0.1457,961
Democratic Republic of Congo,COD,1980,0.1322,953
Democratic Republic of Congo,COD,1981,0.1389,950
Democratic Republic of Congo,COD,1982,0.1099,920
Democratic Republic of Congo,COD,1983,0.1408,909
Democratic Republic of Congo,COD,1984,0.135,932
Democratic Republic of Congo,COD,1985,0.1209,909
Democratic Republic of Congo,COD,1986,0.109,923
Democratic Republic of Congo,COD,1987,0.121,918
Democratic Republic of Congo,COD,1988,0.1226,894
Democratic Republic of Congo,COD,1989,0.13,861
Democratic Republic of Congo,COD,1990,0.1228,813
Democratic Republic of Congo,COD,1991,0.0872,737.9345
Democratic Republic of Congo,COD,1992,0.0752,656.6917
Democratic Republic of Congo,COD,1993,0.0686,563.7109
Democratic Republic of Congo,COD,1994,0.0422,525.3887
Democratic Republic of Congo,COD,1995,0.0506,531.9909
Democratic Republic of Congo,COD,1996,0.0541,523.8681
Democratic Republic of Congo,COD,1997,0.0428,489.6422
Democratic Republic of Congo,COD,1998,0.0369,472.924
Democratic Republic of Congo,COD,1999,0.0287,452.0044
Democratic Republic of Congo,COD,2000,0.019,414.0469
Democratic Republic of Congo,COD,2001,0.0159,403.6019
Democratic Republic of Congo,COD,2002,0.017,413.8252
Democratic Republic of Congo,COD,2003,0.0202,436.0285
Democratic Republic of Congo,COD,2004,0.0217,463.997
Democratic Republic of Congo,COD,2005,0.0264,490.6905
Democratic Republic of Congo,COD,2006,0.0274,515.2584
Democratic Republic of Congo,COD,2007,0.029,546.0368
Democratic Republic of Congo,COD,2008,0.03,578.8487
Democratic Republic of Congo,COD,2009,0.0271,595.0161
Democratic Republic of Congo,COD,2010,0.0304,637.1298
Democratic Republic of Congo,COD,2011,0.0365,681
Democratic Republic of Congo,COD,2012,0.0341,710
Democratic Republic of Congo,COD,2013,0.0496,751
Democratic Republic of Congo,COD,2014,0.0628,802
Democratic Republic of Congo,COD,2015,0.0366,836
Democratic Republic of Congo,COD,2016,0.0256,836
Democratic Republic of Congo,COD,2017,0.0304,838.7815
Democratic Republic of Congo,COD,2018,0.0331,859.3817
Denmark,DNK,1843,0.097,2353
Denmark,DNK,1844,0.1116,2434
Denmark,DNK,1845,0.1464,2472
Denmark,DNK,1846,0.1577,2501
Denmark,DNK,1847,0.1184,2466
Denmark,DNK,1848,0.2119,2570
Denmark,DNK,1849,0.1826,2695
Denmark,DNK,1850,0.227,2817
Denmark,DNK,1851,0.2051,2649
Denmark,DNK,1852,0.217,2713
Denmark,DNK,1853,0.2308,2697
Denmark,DNK,1854,0.2907,2679
Denmark,DNK,1855,0.2849,2938
Denmark,DNK,1856,0.4016,2735
Denmark,DNK,1857,0.4057,2745
Denmark,DNK,1858,0.2966,2691
Denmark,DNK,1859,0.374,2834
Denmark,DNK,1860,0.3199,2775
Denmark,DNK,1861,0.4574,2785
Denmark,DNK,1862,0.391,2836
Denmark,DNK,1863,0.4308,2979
Denmark,DNK,1864,0.3662,2922
Denmark,DNK,1865,0.5669,2989
Denmark,DNK,1866,0.5183,2963
Denmark,DNK,1867,0.5008,2933
Denmark,DNK,1868,0.5866,2954
Denmark,DNK,1869,0.5059,3092
Denmark,DNK,1870,0.6055,3193
Denmark,DNK,1871,0.6224,3177
Denmark,DNK,1872,0.5916,3327
Denmark,DNK,1873,0.5915,3279
Denmark,DNK,1874,0.6323,3341
Denmark,DNK,1875,0.7352,3366
Denmark,DNK,1876,0.7701,3395
Denmark,DNK,1877,0.7536,3261
Denmark,DNK,1878,0.7086,3351
Denmark,DNK,1879,0.7923,3425
Denmark,DNK,1880,0.8937,3476
Denmark,DNK,1881,0.9373,3480
Denmark,DNK,1882,0.9955,3571
Denmark,DNK,1883,1.1327,3665
Denmark,DNK,1884,1.1166,3642
Denmark,DNK,1885,1.1594,3625
Denmark,DNK,1886,1.1,3724
Denmark,DNK,1887,1.1172,3818
Denmark,DNK,1888,1.2447,3808
Denmark,DNK,1889,1.316,3826
Denmark,DNK,1890,1.2483,4022
Denmark,DNK,1891,1.3283,4073
Denmark,DNK,1892,1.35,4141
Denmark,DNK,1893,1.2626,4191
Denmark,DNK,1894,1.4167,4235
Denmark,DNK,1895,1.4525,4415
Denmark,DNK,1896,1.7576,4521
Denmark,DNK,1897,1.8639,4564
Denmark,DNK,1898,1.915,4575
Denmark,DNK,1899,2.0699,4705
Denmark,DNK,1900,2.0065,4809
Denmark,DNK,1901,2.0654,4948
Denmark,DNK,1902,2.0959,5007
Denmark,DNK,1903,2.1553,5244
Denmark,DNK,1904,2.2976,5302
Denmark,DNK,1905,2.2086,5333
Denmark,DNK,1906,2.377,5423
Denmark,DNK,1907,2.0938,5557
Denmark,DNK,1908,2.567,5662
Denmark,DNK,1909,2.8066,5807
Denmark,DNK,1910,2.5464,5906
Denmark,DNK,1911,2.6808,6148
Denmark,DNK,1912,3.1416,6076
Denmark,DNK,1913,3.1856,6236
Denmark,DNK,1914,3.227,6551
Denmark,DNK,1915,3.4141,6022
Denmark,DNK,1916,3.2972,6202
Denmark,DNK,1917,2.3714,5765
Denmark,DNK,1918,2.7353,5514
Denmark,DNK,1919,2.5678,6153
Denmark,DNK,1920,2.2186,6363
Denmark,DNK,1921,2.0746000000000002,6099
Denmark,DNK,1922,2.9198,6641
Denmark,DNK,1923,3.1566,7267
Denmark,DNK,1924,3.6679,7218
Denmark,DNK,1925,3.1585,6978
Denmark,DNK,1926,3.0568,7329
Denmark,DNK,1927,3.8571,7425
Denmark,DNK,1928,3.6025,7627
Denmark,DNK,1929,4.302,8089
Denmark,DNK,1930,3.8938,8513
Denmark,DNK,1931,4.0055,8542
Denmark,DNK,1932,3.7254,8239
Denmark,DNK,1933,3.6809,8434
Denmark,DNK,1934,3.9991,8611
Denmark,DNK,1935,4.1326,8735
Denmark,DNK,1936,4.242,8886
Denmark,DNK,1937,4.3467,9035
Denmark,DNK,1938,3.8724,9185
Denmark,DNK,1939,4.2781,9553
Denmark,DNK,1940,3.8548,8155
Denmark,DNK,1941,4.4811,7291
Denmark,DNK,1942,4.199,7379
Denmark,DNK,1943,5.2004,8097
Denmark,DNK,1944,5.0593,8835
Denmark,DNK,1945,3.4654,8075
Denmark,DNK,1946,4.3069,9208
Denmark,DNK,1947,5.1804,9620
Denmark,DNK,1948,4.0777,9776
Denmark,DNK,1949,3.9917,10351
Denmark,DNK,1950,5.1514,11067
Denmark,DNK,1951,5.0874,11056
Denmark,DNK,1952,5.2687,11086
Denmark,DNK,1953,5.2853,11623
Denmark,DNK,1954,5.7976,11749
Denmark,DNK,1955,6.0946,11788
Denmark,DNK,1956,5.902,11858
Denmark,DNK,1957,5.5391,12696
Denmark,DNK,1958,5.924,12903
Denmark,DNK,1959,5.721,13767
Denmark,DNK,1960,6.494,14046
Denmark,DNK,1961,6.8708,14843
Denmark,DNK,1962,7.9344,15537
Denmark,DNK,1963,8.6781,15513
Denmark,DNK,1964,9.1343,16832
Denmark,DNK,1965,9.3044,17459
Denmark,DNK,1966,10.4407,17789
Denmark,DNK,1967,10.1467,18230
Denmark,DNK,1968,10.9478,18868
Denmark,DNK,1969,12.1125,19974
Denmark,DNK,1970,12.5809,20221
Denmark,DNK,1971,11.4898,20617
Denmark,DNK,1972,11.9414,21579
Denmark,DNK,1973,11.8037,22228
Denmark,DNK,1974,10.9179,21919
Denmark,DNK,1975,11.0108,21712
Denmark,DNK,1976,11.8283,23059
Denmark,DNK,1977,12.1282,23360
Denmark,DNK,1978,11.957,23632
Denmark,DNK,1979,12.3035,24409
Denmark,DNK,1980,11.7777,24272
Denmark,DNK,1981,10.1015,24063
Denmark,DNK,1982,10.4784,24807
Denmark,DNK,1983,9.7992,25450
Denmark,DNK,1984,9.9406,26581
Denmark,DNK,1985,11.7447,27710
Denmark,DNK,1986,11.5173,28681
Denmark,DNK,1987,11.4018,28728
Denmark,DNK,1988,10.759,29049
Denmark,DNK,1989,9.5137,29108
Denmark,DNK,1990,10.4206,29412
Denmark,DNK,1991,12.452,29915.4476
Denmark,DNK,1992,11.2884,30573.5733
Denmark,DNK,1993,11.6796,30649.538
Denmark,DNK,1994,12.4131,32359.2962
Denmark,DNK,1995,11.7725,33356.1414
Denmark,DNK,1996,14.2443,34325.4425
Denmark,DNK,1997,12.4014,35499.0633
Denmark,DNK,1998,11.5499,36361.2294
Denmark,DNK,1999,11.018,37523.4242
Denmark,DNK,2000,10.1647,39021.1776
Denmark,DNK,2001,10.429,39425.8652
Denmark,DNK,2002,10.3369,39709.3693
Denmark,DNK,2003,11.2543,39983.1434
Denmark,DNK,2004,10.1941,41178.5626
Denmark,DNK,2005,9.5001,42264.6303
Denmark,DNK,2006,10.9158,44025.4827
Denmark,DNK,2007,9.9921,44481.4688
Denmark,DNK,2008,9.3165,44246.3987
Denmark,DNK,2009,8.8333,42090.1733
Denmark,DNK,2010,8.8518,42932.3971
Denmark,DNK,2011,7.9196,43575
Denmark,DNK,2012,7.1005,43510
Denmark,DNK,2013,7.4042,43733
Denmark,DNK,2014,6.6282,44241
Denmark,DNK,2015,6.1884,44635
Denmark,DNK,2016,6.4803,44836
Denmark,DNK,2017,6.061,45455.5561
Denmark,DNK,2018,6.0277,46312.3443
Djibouti,DJI,1950,0.1773,3459
Djibouti,DJI,1951,0.4051,3566
Djibouti,DJI,1952,0.3961,3585
Djibouti,DJI,1953,0.4423,3633
Djibouti,DJI,1954,0.4858,3743
Djibouti,DJI,1955,0.5265,3765
Djibouti,DJI,1956,0.41,3810
Djibouti,DJI,1957,0.5966,3848
Djibouti,DJI,1958,0.6238,3840
Djibouti,DJI,1959,0.4602,3948
Djibouti,DJI,1960,0.4819,4087
Djibouti,DJI,1961,0.4968,4114
Djibouti,DJI,1962,0.5056,4057
Djibouti,DJI,1963,0.6555,4092
Djibouti,DJI,1964,0.7833,4055
Djibouti,DJI,1965,1.0516,4047
Djibouti,DJI,1966,1.1331,4063
Djibouti,DJI,1967,0.6692,4055
Djibouti,DJI,1968,0.8608,4028
Djibouti,DJI,1969,0.5622,4018
Djibouti,DJI,1970,0.872,4774
Djibouti,DJI,1971,0.9518,4846
Djibouti,DJI,1972,1.063,4787
Djibouti,DJI,1973,0.9421,4801
Djibouti,DJI,1974,0.9464,4414
Djibouti,DJI,1975,0.8826,4691
Djibouti,DJI,1976,0.796,4878
Djibouti,DJI,1977,0.7131,4036
Djibouti,DJI,1978,0.6543,3419
Djibouti,DJI,1979,1.0793,3308
Djibouti,DJI,1980,0.9697,3167
Djibouti,DJI,1981,0.8013,3091
Djibouti,DJI,1982,0.9035,3043
Djibouti,DJI,1983,0.8839,2963
Djibouti,DJI,1984,0.8663,2944
Djibouti,DJI,1985,0.8437,2880
Djibouti,DJI,1986,0.8306,2743
Djibouti,DJI,1987,0.7921,2670
Djibouti,DJI,1988,0.658,2652
Djibouti,DJI,1989,0.6888,2436
Djibouti,DJI,1990,0.4655,2308
Djibouti,DJI,1991,0.4709,2013.3427
Djibouti,DJI,1992,0.4885,2141.6341
Djibouti,DJI,1993,0.4858,2290.7846
Djibouti,DJI,1994,0.471,2175.3619
Djibouti,DJI,1995,0.494,2262.4287
Djibouti,DJI,1996,0.4554,2081.9955
Djibouti,DJI,1997,0.499,2080.5134
Djibouti,DJI,1998,0.5654,1974.5657
Djibouti,DJI,1999,0.5496,1930.5078
Djibouti,DJI,2000,0.5106,1880.9988
Djibouti,DJI,2001,0.4999,1845.6991
Djibouti,DJI,2002,0.5347,1824.4551
Djibouti,DJI,2003,0.5547,1945.6655
Djibouti,DJI,2004,0.5271,2097.1234
Djibouti,DJI,2005,0.5286,2126.8051
Djibouti,DJI,2006,0.5165,2342.2192
Djibouti,DJI,2007,0.5732,2396.0181
Djibouti,DJI,2008,0.6104,2463.4449
Djibouti,DJI,2009,0.5533,2521.5047
Djibouti,DJI,2010,0.6149,2543.8733
Djibouti,DJI,2011,0.5537,2590
Djibouti,DJI,2012,0.5613,2654
Djibouti,DJI,2013,0.6302,2724
Djibouti,DJI,2014,0.4321,2823
Djibouti,DJI,2015,0.4892,2941
Djibouti,DJI,2016,0.43,3064
Djibouti,DJI,2017,0.4273,3168.4477
Djibouti,DJI,2018,0.4054,3295.6815
Dominica,DMA,1951,0.0709,1066
Dominica,DMA,1952,0.1401,1121
Dominica,DMA,1953,0.0692,1073
Dominica,DMA,1954,0.0683,1098
Dominica,DMA,1955,0.0672,1130
Dominica,DMA,1956,0.066,1203
Dominica,DMA,1957,0.0647,1239
Dominica,DMA,1958,0.1268,1261
Dominica,DMA,1959,0.1866,1226
Dominica,DMA,1960,0.1831,1245
Dominica,DMA,1961,0.1801,1176
Dominica,DMA,1962,0.1774,1333
Dominica,DMA,1963,0.2329,1372
Dominica,DMA,1964,0.2293,1419
Dominica,DMA,1965,0.2253,1203
Dominica,DMA,1966,0.2211,1323
Dominica,DMA,1967,0.3248,1325
Dominica,DMA,1968,0.3185,1288
Dominica,DMA,1969,0.2609,1388
Dominica,DMA,1970,0.3608,1492
Dominica,DMA,1971,0.3584,1578
Dominica,DMA,1972,0.3576,1674
Dominica,DMA,1973,0.3575,1793
Dominica,DMA,1974,0.4082,1894
Dominica,DMA,1975,0.4066,1940
Dominica,DMA,1976,0.4034,2066
Dominica,DMA,1977,0.3492,2117
Dominica,DMA,1978,0.3453,2365
Dominica,DMA,1979,0.4399,1932
Dominica,DMA,1980,0.4865,2219
Dominica,DMA,1981,0.4865,2499
Dominica,DMA,1982,0.5373,2592
Dominica,DMA,1983,0.5411,2644
Dominica,DMA,1984,0.5954,2802
Dominica,DMA,1985,0.6506,2872
Dominica,DMA,1986,0.6567,3107
Dominica,DMA,1987,0.663,3370
Dominica,DMA,1988,0.7718,3687
Dominica,DMA,1989,0.8289,3714
Dominica,DMA,1990,0.8325,3939
Dominica,DMA,1991,0.833,4083.996
Dominica,DMA,1992,0.831,4271.6901
Dominica,DMA,1993,0.8796,4339.817
Dominica,DMA,1994,0.9283,4459.3653
Dominica,DMA,1995,1.1336,4606.7337
Dominica,DMA,1996,1.0331,4894.8419
Dominica,DMA,1997,1.1419,5170.808
Dominica,DMA,1998,1.0963,5462.6971
Dominica,DMA,1999,1.1544,5584.0238
Dominica,DMA,2000,1.473,5696.9552
Dominica,DMA,2001,1.5777,5799.8162
Dominica,DMA,2002,1.469,5771.3748
Dominica,DMA,2003,1.6725,6321.9557
Dominica,DMA,2004,2.0301,6602.7
Dominica,DMA,2005,2.0246,6697.5345
Dominica,DMA,2006,2.0206,7133.7813
Dominica,DMA,2007,2.5877,7698.7736
Dominica,DMA,2008,2.3279,8454.0627
Dominica,DMA,2009,2.2755,8511.8581
Dominica,DMA,2010,2.4297,8768.4774
Dominica,DMA,2011,2.1701,8944
Dominica,DMA,2012,2.3238,8823
Dominica,DMA,2013,2.3732,9145
Dominica,DMA,2014,2.4739,9507
Dominica,DMA,2015,2.471,9319
Dominica,DMA,2016,2.5178,9550
Dominica,DMA,2017,2.256,8842.0227
Dominica,DMA,2018,2.2508,9021.1737
Dominican Republic,DOM,1950,0.1471,1637
Dominican Republic,DOM,1951,0.1471,1780
Dominican Republic,DOM,1952,0.2355,1868
Dominican Republic,DOM,1953,0.2378,1790
Dominican Republic,DOM,1954,0.2327,1833
Dominican Republic,DOM,1955,0.329,1886
Dominican Republic,DOM,1956,0.3422,2008
Dominican Republic,DOM,1957,0.3468,2066
Dominican Republic,DOM,1958,0.3459,2104
Dominican Republic,DOM,1959,0.3495,2047
Dominican Republic,DOM,1960,0.3157,2075
Dominican Republic,DOM,1961,0.302,1964
Dominican Republic,DOM,1962,0.3525,2222
Dominican Republic,DOM,1963,0.3432,2291
Dominican Republic,DOM,1964,0.4649,2365
Dominican Republic,DOM,1965,0.3985,2007
Dominican Republic,DOM,1966,0.4174,2206
Dominican Republic,DOM,1967,0.38,2211
Dominican Republic,DOM,1968,0.5526,2150
Dominican Republic,DOM,1969,0.6062,2316
Dominican Republic,DOM,1970,0.6901,2488
Dominican Republic,DOM,1971,0.7604,2678
Dominican Republic,DOM,1972,0.9818,2928
Dominican Republic,DOM,1973,1.22,3196
Dominican Republic,DOM,1974,1.2783,3295
Dominican Republic,DOM,1975,1.2309,3365
Dominican Republic,DOM,1976,1.1984,3504
Dominican Republic,DOM,1977,1.0354,3586
Dominican Republic,DOM,1978,0.9803,3583
Dominican Republic,DOM,1979,1.1964,3649
Dominican Republic,DOM,1980,1.1074,3781
Dominican Republic,DOM,1981,1.0336,3846
Dominican Republic,DOM,1982,1.0388,3826
Dominican Republic,DOM,1983,1.2687,3905
Dominican Republic,DOM,1984,1.1672,3830
Dominican Republic,DOM,1985,1.1202,3653
Dominican Republic,DOM,1986,1.231,3682
Dominican Republic,DOM,1987,1.4394,3877
Dominican Republic,DOM,1988,1.4191,3821
Dominican Republic,DOM,1989,1.4659,4219
Dominican Republic,DOM,1990,1.2527,3939
Dominican Republic,DOM,1991,1.3119,3969.5687
Dominican Republic,DOM,1992,1.4063,4185.4059
Dominican Republic,DOM,1993,1.4853,4490.0162
Dominican Republic,DOM,1994,1.5353,4597.1508
Dominican Republic,DOM,1995,1.932,4851.6288
Dominican Republic,DOM,1996,2.0728,5198.5666
Dominican Republic,DOM,1997,2.1357,5616.8899
Dominican Republic,DOM,1998,2.1655,6012.6926
Dominican Republic,DOM,1999,2.136,6419.7811
Dominican Republic,DOM,2000,2.2419,6788.0839
Dominican Republic,DOM,2001,2.2265,6917.0304
Dominican Republic,DOM,2002,2.4011,7327.366
Dominican Republic,DOM,2003,2.4118,7324.6973
Dominican Republic,DOM,2004,1.9314,7441.4476
Dominican Republic,DOM,2005,1.9721,8156.431
Dominican Republic,DOM,2006,2.0732,9059.8844
Dominican Republic,DOM,2007,2.1408,9866.458
Dominican Republic,DOM,2008,2.1497,10225.5288
Dominican Republic,DOM,2009,2.0655,10365.6749
Dominican Republic,DOM,2010,2.12,11276.4608
Dominican Republic,DOM,2011,2.1724,11679
Dominican Republic,DOM,2012,2.1403,11848
Dominican Republic,DOM,2013,2.1165,12251
Dominican Republic,DOM,2014,2.1446,13017
Dominican Republic,DOM,2015,2.2851,13762
Dominican Republic,DOM,2016,2.3702,14489
Dominican Republic,DOM,2017,2.2845,15018.9353
Dominican Republic,DOM,2018,2.4182,15912.3995
Ecuador,ECU,1917,0.0143,1599
Ecuador,ECU,1918,0.0142,1615
Ecuador,ECU,1919,0.014,1647
Ecuador,ECU,1920,0.0139,1680
Ecuador,ECU,1921,0.0138,1696
Ecuador,ECU,1922,0.0137,1714
Ecuador,ECU,1923,0.0194,1731
Ecuador,ECU,1924,0.023,1749
Ecuador,ECU,1925,0.0362,1765
Ecuador,ECU,1926,0.0472,1784
Ecuador,ECU,1927,0.1199,1836
Ecuador,ECU,1928,0.2396,1892
Ecuador,ECU,1929,0.3012,1948
Ecuador,ECU,1930,0.3348,1969
Ecuador,ECU,1931,0.3716,1929
Ecuador,ECU,1932,0.3378,1890
Ecuador,ECU,1933,0.3367,1890
Ecuador,ECU,1934,0.3321,1890
Ecuador,ECU,1935,0.347,1890
Ecuador,ECU,1936,0.3784,1908
Ecuador,ECU,1937,0.4113,1927
Ecuador,ECU,1938,0.4243,1948
Ecuador,ECU,1939,0.4298,1967
Ecuador,ECU,1940,0.4256,2050
Ecuador,ECU,1941,0.2772,2016
Ecuador,ECU,1942,0.388,2056
Ecuador,ECU,1943,0.3773,2259
Ecuador,ECU,1944,0.4597,2230
Ecuador,ECU,1945,0.4123,2182
Ecuador,ECU,1946,0.3591,2381
Ecuador,ECU,1947,0.3654,2571
Ecuador,ECU,1948,0.3934,2844
Ecuador,ECU,1949,0.386,2815
Ecuador,ECU,1950,0.2132,2970
Ecuador,ECU,1951,0.1975,2925
Ecuador,ECU,1952,0.2445,3202
Ecuador,ECU,1953,0.2187,3185
Ecuador,ECU,1954,0.2501,3352
Ecuador,ECU,1955,0.3027,3349
Ecuador,ECU,1956,0.3189,3381
Ecuador,ECU,1957,0.2708,3437
Ecuador,ECU,1958,0.3078,3441
Ecuador,ECU,1959,0.2926,3524
Ecuador,ECU,1960,0.3877,3649
Ecuador,ECU,1961,0.3518,3633
Ecuador,ECU,1962,0.3251,3716
Ecuador,ECU,1963,0.3626,3698
Ecuador,ECU,1964,0.4206,3843
Ecuador,ECU,1965,0.4336,4090
Ecuador,ECU,1966,0.4476,4074
Ecuador,ECU,1967,0.4656,4163
Ecuador,ECU,1968,0.5436,4264
Ecuador,ECU,1969,0.6088,4366
Ecuador,ECU,1970,0.7049,4535
Ecuador,ECU,1971,0.6754,4658
Ecuador,ECU,1972,0.7138,4801
Ecuador,ECU,1973,0.7946,5244
Ecuador,ECU,1974,0.8942,5392
Ecuador,ECU,1975,1.0516,5514
Ecuador,ECU,1976,1.127,5877
Ecuador,ECU,1977,1.012,6073
Ecuador,ECU,1978,1.3725,6314
Ecuador,ECU,1979,1.5597,6472
Ecuador,ECU,1980,1.6782,6582
Ecuador,ECU,1981,2.0314,6664
Ecuador,ECU,1982,2.2873,6558
Ecuador,ECU,1983,2.2613,6252
Ecuador,ECU,1984,2.3961,6336
Ecuador,ECU,1985,2.1346,6433
Ecuador,ECU,1986,1.6351,6452
Ecuador,ECU,1987,1.5776,5893
Ecuador,ECU,1988,1.7599,6357
Ecuador,ECU,1989,2.017,6207
Ecuador,ECU,1990,1.6086,6221
Ecuador,ECU,1991,1.5428,6513.3368
Ecuador,ECU,1992,2.0492,6715.4743
Ecuador,ECU,1993,2.1976,6770.1786
Ecuador,ECU,1994,1.208,6940.0903
Ecuador,ECU,1995,1.9804,6985.1555
Ecuador,ECU,1996,2.0529,6993.6438
Ecuador,ECU,1997,1.5234,7181.1009
Ecuador,ECU,1998,1.8292,7307.1694
Ecuador,ECU,1999,1.7171,6884.7926
Ecuador,ECU,2000,1.6215,6908.243
Ecuador,ECU,2001,1.7763,7131.194
Ecuador,ECU,2002,1.8833,7359.7072
Ecuador,ECU,2003,2.0006,7468.5035
Ecuador,ECU,2004,2.1172,7958.9207
Ecuador,ECU,2005,2.1676,8256.7777
Ecuador,ECU,2006,2.0552,8521.5598
Ecuador,ECU,2007,2.3562,8633.5844
Ecuador,ECU,2008,2.0345,9103.8717
Ecuador,ECU,2009,2.2,9081.3705
Ecuador,ECU,2010,2.32,9327.2128
Ecuador,ECU,2011,2.4533,9985
Ecuador,ECU,2012,2.401,10398
Ecuador,ECU,2013,2.506,10760
Ecuador,ECU,2014,2.7086,11036
Ecuador,ECU,2015,2.5141,10905
Ecuador,ECU,2016,2.3955,10527
Ecuador,ECU,2017,2.3399,10637.2771
Ecuador,ECU,2018,2.2195,10638.8251
Egypt,EGY,1913,0.0035,1674
Egypt,EGY,1950,0.5003,1450.9724
Egypt,EGY,1951,0.504,1443
Egypt,EGY,1952,0.5073,1435
Egypt,EGY,1953,0.4893,1425
Egypt,EGY,1954,0.5159,1417
Egypt,EGY,1955,0.4583,1411
Egypt,EGY,1956,0.4167,1443
Egypt,EGY,1957,0.4859,1474
Egypt,EGY,1958,0.5428,1510
Egypt,EGY,1959,0.4904,1545
Egypt,EGY,1960,0.602,1580
Egypt,EGY,1961,0.6236,1643
Egypt,EGY,1962,0.6606,1712
Egypt,EGY,1963,0.7456,1785
Egypt,EGY,1964,0.8599,1859
Egypt,EGY,1965,0.9072,1934
Egypt,EGY,1966,0.8494,1900
Egypt,EGY,1967,0.613,1835
Egypt,EGY,1968,0.6956,1827
Egypt,EGY,1969,0.5835,1914
Egypt,EGY,1970,0.6274,1999
Egypt,EGY,1971,0.6517,2045
Egypt,EGY,1972,0.7056,2047
Egypt,EGY,1973,0.644,2063
Egypt,EGY,1974,0.6919,2099
Egypt,EGY,1975,0.8057,2265
Egypt,EGY,1976,0.8739,2560
Egypt,EGY,1977,0.9377,2817
Egypt,EGY,1978,0.9512,2939
Egypt,EGY,1979,1.0147,3076
Egypt,EGY,1980,1.0431,3298
Egypt,EGY,1981,1.1465,3309
Egypt,EGY,1982,1.2392,3543
Egypt,EGY,1983,1.2194,3701
Egypt,EGY,1984,1.328,3810
Egypt,EGY,1985,1.2953,3939
Egypt,EGY,1986,1.4701,3921
Egypt,EGY,1987,1.4351,3929
Egypt,EGY,1988,1.3916,4001
Egypt,EGY,1989,1.3124,4030
Egypt,EGY,1990,1.34,4022
Egypt,EGY,1991,1.346,4180.1326
Egypt,EGY,1992,1.3626,4338.9538
Egypt,EGY,1993,1.541,4542.6325
Egypt,EGY,1994,1.384,4746.5882
Egypt,EGY,1995,1.5223,5001.0667
Egypt,EGY,1996,1.4712,5293.1005
Egypt,EGY,1997,1.6568,5594.5972
Egypt,EGY,1998,1.8348,5884.8018
Egypt,EGY,1999,1.844,6211.0158
Egypt,EGY,2000,2.039,6593.5318
Egypt,EGY,2001,1.7718,6914.9368
Egypt,EGY,2002,1.7596,7142.6864
Egypt,EGY,2003,2.0111,7365.8027
Egypt,EGY,2004,2.0108,7661.8599
Egypt,EGY,2005,2.1853,8021.8835
Egypt,EGY,2006,2.2897,8509.6144
Egypt,EGY,2007,2.3764,9130.5979
Egypt,EGY,2008,2.4457,9698.0166
Egypt,EGY,2009,2.5041,10159.0022
Egypt,EGY,2010,2.4268,10719.2913
Egypt,EGY,2011,2.5202,10737
Egypt,EGY,2012,2.4151,10767
Egypt,EGY,2013,2.3409,10775
Egypt,EGY,2014,2.4514,11016
Egypt,EGY,2015,2.3708,11159
Egypt,EGY,2016,2.4789,11351
Egypt,EGY,2017,2.5985,11619.6884
Egypt,EGY,2018,2.3137,11957.2122
El Salvador,SLV,1950,0.1216,2375
El Salvador,SLV,1951,0.1441,2361
El Salvador,SLV,1952,0.1703,2472
El Salvador,SLV,1953,0.1794,2577
El Salvador,SLV,1954,0.1971,2536
El Salvador,SLV,1955,0.1897,2590
El Salvador,SLV,1956,0.2117,2715
El Salvador,SLV,1957,0.2337,2775
El Salvador,SLV,1958,0.2278,2751
El Salvador,SLV,1959,0.2246,2788
El Salvador,SLV,1960,0.2237,2813
El Salvador,SLV,1961,0.2046,2821
El Salvador,SLV,1962,0.2212,3062
El Salvador,SLV,1963,0.3725,3096
El Salvador,SLV,1964,0.3958,3282
El Salvador,SLV,1965,0.3249,3351
El Salvador,SLV,1966,0.3958,3464
El Salvador,SLV,1967,0.3416,3534
El Salvador,SLV,1968,0.3618,3524
El Salvador,SLV,1969,0.3328,3520
El Salvador,SLV,1970,0.3889,3488
El Salvador,SLV,1971,0.4002,3553
El Salvador,SLV,1972,0.4337,3668
El Salvador,SLV,1973,0.4961,3767
El Salvador,SLV,1974,0.4852,3912
El Salvador,SLV,1975,0.5068,4030
El Salvador,SLV,1976,0.5195,4084
El Salvador,SLV,1977,0.5259,4221
El Salvador,SLV,1978,0.538,4375
El Salvador,SLV,1979,0.5269,4194
El Salvador,SLV,1980,0.4616,3781
El Salvador,SLV,1981,0.3898,3507
El Salvador,SLV,1982,0.3699,3339
El Salvador,SLV,1983,0.3924,3330
El Salvador,SLV,1984,0.3261,3357
El Salvador,SLV,1985,0.3981,3366
El Salvador,SLV,1986,0.3933,3327
El Salvador,SLV,1987,0.4765,3351
El Salvador,SLV,1988,0.474,3344
El Salvador,SLV,1989,0.4898,3322
El Salvador,SLV,1990,0.4696,3378
El Salvador,SLV,1991,0.5905,3493.5761
El Salvador,SLV,1992,0.61240000000000006,3750.5172
El Salvador,SLV,1993,0.7241,4052.9578
El Salvador,SLV,1994,0.8114,4316.398
El Salvador,SLV,1995,0.888,4592.2836
El Salvador,SLV,1996,0.7758,4671.339
El Salvador,SLV,1997,0.9425,4882.6802
El Salvador,SLV,1998,0.9885,5077.8921
El Salvador,SLV,1999,0.956,5263.8868
El Salvador,SLV,2000,0.9632,5403.7147
El Salvador,SLV,2001,0.9883,5550.1868
El Salvador,SLV,2002,1.0181,5751.0607
El Salvador,SLV,2003,1.0735,5957.2011
El Salvador,SLV,2004,1.0382,6145.9799
El Salvador,SLV,2005,1.0406,6441.4958
El Salvador,SLV,2006,1.105,6782.2312
El Salvador,SLV,2007,1.1212,7139.1821
El Salvador,SLV,2008,1.0445,7312.6558000000005
El Salvador,SLV,2009,1.0251,7166.1592
El Salvador,SLV,2010,1.0218,7351.1146
El Salvador,SLV,2011,1.0465,7607
El Salvador,SLV,2012,1.0375,7726
El Salvador,SLV,2013,0.9726,7845
El Salvador,SLV,2014,0.9771,7935
El Salvador,SLV,2015,1.0554,8109
El Salvador,SLV,2016,1.0456,8280
El Salvador,SLV,2017,0.9417,8428.0316
El Salvador,SLV,2018,0.9923,8598.1982
Equatorial Guinea,GNQ,1950,0.0487,797
Equatorial Guinea,GNQ,1951,0.0476,827
Equatorial Guinea,GNQ,1952,0.0469,845
Equatorial Guinea,GNQ,1953,0.0465,867
Equatorial Guinea,GNQ,1954,0.1231,901
Equatorial Guinea,GNQ,1955,0.1528,915
Equatorial Guinea,GNQ,1956,0.1513,940
Equatorial Guinea,GNQ,1957,0.1346,958
Equatorial Guinea,GNQ,1958,0.1919,974
Equatorial Guinea,GNQ,1959,0.1892,1015
Equatorial Guinea,GNQ,1960,0.0861,1101
Equatorial Guinea,GNQ,1961,0.085,1191
Equatorial Guinea,GNQ,1962,0.0838,1310
Equatorial Guinea,GNQ,1963,0.0964,1486
Equatorial Guinea,GNQ,1964,0.0948,1690
Equatorial Guinea,GNQ,1965,0.1061,1898
Equatorial Guinea,GNQ,1966,0.0905,1953
Equatorial Guinea,GNQ,1967,0.0879,2058
Equatorial Guinea,GNQ,1968,0.0979,2102
Equatorial Guinea,GNQ,1969,0.1446,2015
Equatorial Guinea,GNQ,1970,0.1205,1934
Equatorial Guinea,GNQ,1971,0.2207,1989
Equatorial Guinea,GNQ,1972,0.3037,2007
Equatorial Guinea,GNQ,1973,0.1056,2204
Equatorial Guinea,GNQ,1974,0.193,2466
Equatorial Guinea,GNQ,1975,0.2435,3080
Equatorial Guinea,GNQ,1976,0.2512,3453
Equatorial Guinea,GNQ,1977,0.2572,3668
Equatorial Guinea,GNQ,1978,0.2905,3451
Equatorial Guinea,GNQ,1979,0.2574,2882
Equatorial Guinea,GNQ,1980,0.2346,2613
Equatorial Guinea,GNQ,1981,0.2633,2603
Equatorial Guinea,GNQ,1982,0.2574,2533
Equatorial Guinea,GNQ,1983,0.2021,2534
Equatorial Guinea,GNQ,1984,0.2431,2437
Equatorial Guinea,GNQ,1985,0.1873,2662
Equatorial Guinea,GNQ,1986,0.2184,2534
Equatorial Guinea,GNQ,1987,0.2583,2579
Equatorial Guinea,GNQ,1988,0.269,2577
Equatorial Guinea,GNQ,1989,0.2883,2479
Equatorial Guinea,GNQ,1990,0.1486,2474
Equatorial Guinea,GNQ,1991,0.1524,2427.8802
Equatorial Guinea,GNQ,1992,0.1475,2690.6331
Equatorial Guinea,GNQ,1993,0.1505,2880.204
Equatorial Guinea,GNQ,1994,0.1606,3081.1525
Equatorial Guinea,GNQ,1995,0.1696,3364.6326
Equatorial Guinea,GNQ,1996,0.2486,4426.3378
Equatorial Guinea,GNQ,1997,0.5669,8445.645
Equatorial Guinea,GNQ,1998,0.4724,9712.2262
Equatorial Guinea,GNQ,1999,0.6991,11690.1352
Equatorial Guinea,GNQ,2000,1.0155,12914.8513
Equatorial Guinea,GNQ,2001,4.6927,21167.7414
Equatorial Guinea,GNQ,2002,11.8203,24845.0422
Equatorial Guinea,GNQ,2003,11.5949,27571.159
Equatorial Guinea,GNQ,2004,13.8956,33419.8858
Equatorial Guinea,GNQ,2005,10.7252,35569.7076
Equatorial Guinea,GNQ,2006,9.0608,36615.7057
Equatorial Guinea,GNQ,2007,6.7957,41277.7557
Equatorial Guinea,GNQ,2008,7.108,47562.3195
Equatorial Guinea,GNQ,2009,5.9984,47161.2847
Equatorial Guinea,GNQ,2010,7.2104,42037.8974
Equatorial Guinea,GNQ,2011,9.5901,43841
Equatorial Guinea,GNQ,2012,8.8971,46255
Equatorial Guinea,GNQ,2013,10.7563,43209
Equatorial Guinea,GNQ,2014,9.9609,41907
Equatorial Guinea,GNQ,2015,9.2715,37822
Equatorial Guinea,GNQ,2016,9.3712,33317
Equatorial Guinea,GNQ,2017,9.7348,31047.8288
Equatorial Guinea,GNQ,2018,8.5654,28528.953
Estonia,EST,1855,0.0068,1787
Estonia,EST,1973,19.7753,13799
Estonia,EST,1980,23.8296,15044
Estonia,EST,1981,23.2252,15478
Estonia,EST,1982,23.5249,15927
Estonia,EST,1983,23.7219,16361
Estonia,EST,1984,23.7794,16660
Estonia,EST,1985,25.4611,16541
Estonia,EST,1986,25.2344,16866
Estonia,EST,1987,24.4083,16898
Estonia,EST,1988,24.2422,17661
Estonia,EST,1989,24.7581,18779
Estonia,EST,1990,24.0536,17247
Estonia,EST,1991,21.8466,15350.6349
Estonia,EST,1992,16.0147,13214.3876
Estonia,EST,1993,13.0396,12207.1842
Estonia,EST,1994,13.751,12070.0606
Estonia,EST,1995,12.7094,12881.2785
Estonia,EST,1996,13.4965,13547.6609
Estonia,EST,1997,13.2265,15074.7755
Estonia,EST,1998,12.0289,15593.0051
Estonia,EST,1999,11.3349,15335.1063
Estonia,EST,2000,11.0679,16806.9746
Estonia,EST,2001,11.4004,17696.6101
Estonia,EST,2002,11.1004,18589.1495
Estonia,EST,2003,12.5535,19771.743
Estonia,EST,2004,12.737,20803.7576
Estonia,EST,2005,12.6553,22518.5412
Estonia,EST,2006,12.2296,24578.8162
Estonia,EST,2007,14.8939,26177.8717
Estonia,EST,2008,13.3392,24429.0222
Estonia,EST,2009,10.8439,20538.0481
Estonia,EST,2010,14.2596,20713.4256
Estonia,EST,2011,14.3789,21997
Estonia,EST,2012,13.4876,23026
Estonia,EST,2013,14.9635,23436
Estonia,EST,2014,14.3475,24146
Estonia,EST,2015,12.0574,24493
Estonia,EST,2016,13.3439,24857
Estonia,EST,2017,14.2403,26254.202
Estonia,EST,2018,13.5644,27408.6649
Eswatini,SWZ,1950,0.0134,604
Eswatini,SWZ,1951,0.0131,623
Eswatini,SWZ,1952,0.0128,628
Eswatini,SWZ,1953,0.0126,638
Eswatini,SWZ,1954,0.0123,658
Eswatini,SWZ,1955,0.0121,663
Eswatini,SWZ,1956,0.0118,673
Eswatini,SWZ,1957,0.0116,682
Eswatini,SWZ,1958,0.0113,684
Eswatini,SWZ,1959,0.0111,706
Eswatini,SWZ,1960,0.098,783
Eswatini,SWZ,1961,0.0107,861
Eswatini,SWZ,1964,0.0301,1172
Eswatini,SWZ,1965,0.21560000000000001,1320
Eswatini,SWZ,1966,0.525,1341
Eswatini,SWZ,1967,0.5755,1431
Eswatini,SWZ,1968,0.685,1329
Eswatini,SWZ,1969,0.7263,1350
Eswatini,SWZ,1970,0.8496,1704
Eswatini,SWZ,1971,0.8995,1722
Eswatini,SWZ,1972,0.8337,1889
Eswatini,SWZ,1973,0.7864,1902
Eswatini,SWZ,1974,0.6425,2204
Eswatini,SWZ,1975,0.6745,2856
Eswatini,SWZ,1976,0.6467,3142
Eswatini,SWZ,1977,0.6402,3083
Eswatini,SWZ,1978,0.7997,3030
Eswatini,SWZ,1979,0.7865,2990
Eswatini,SWZ,1980,0.7916,2946
Eswatini,SWZ,1981,0.7167,3049
Eswatini,SWZ,1982,0.6923,3005
Eswatini,SWZ,1983,0.4158,2888
Eswatini,SWZ,1984,0.4938,2858
Eswatini,SWZ,1985,0.6289,2812
Eswatini,SWZ,1986,0.6329,3210
Eswatini,SWZ,1987,0.5824,3403
Eswatini,SWZ,1988,0.5635,3492
Eswatini,SWZ,1989,0.546,3668
Eswatini,SWZ,1990,1.1672,3881
Eswatini,SWZ,1991,1.0317,3851.2898
Eswatini,SWZ,1992,0.9593,3901.4001
Eswatini,SWZ,1993,0.8007,3982.2794
Eswatini,SWZ,1994,1.1869,4134.2081
Eswatini,SWZ,1995,1.1464,4383.6775
Eswatini,SWZ,1996,0.8332,4514.5491
Eswatini,SWZ,1997,1.1866,4620.9185
Eswatini,SWZ,1998,1.1853,4712.5363
Eswatini,SWZ,1999,1.2458,4827.2863
Eswatini,SWZ,2000,1.2026,4894.5207
Eswatini,SWZ,2001,1.0808,4976.9049
Eswatini,SWZ,2002,1.0607,5136.7248
Eswatini,SWZ,2003,0.9816,5377.5576
Eswatini,SWZ,2004,0.9747,5559.4701
Eswatini,SWZ,2005,0.9848,5867.2334
Eswatini,SWZ,2006,0.9796,6187.7662
Eswatini,SWZ,2007,0.998,6467.8204
Eswatini,SWZ,2008,0.9736,6791.3922
Eswatini,SWZ,2009,1.0014,7011.0953
Eswatini,SWZ,2010,0.9359,7192.752
Eswatini,SWZ,2011,0.9399,7389
Eswatini,SWZ,2012,1.083,7552
Eswatini,SWZ,2013,1.2878,7805
Eswatini,SWZ,2014,0.7027,7927
Eswatini,SWZ,2015,0.7865,7969
Eswatini,SWZ,2016,0.9473,7881
Eswatini,SWZ,2017,0.8763,7963.2881
Eswatini,SWZ,2018,0.9093,8068.2118
Ethiopia,ETH,1950,0.0048,622
Ethiopia,ETH,1951,0.0034,630
Ethiopia,ETH,1952,0.0053,636
Ethiopia,ETH,1953,0.0095,662
Ethiopia,ETH,1954,0.0139,650
Ethiopia,ETH,1955,0.0114,673
Ethiopia,ETH,1956,0.0119,682
Ethiopia,ETH,1957,0.0155,665
Ethiopia,ETH,1958,0.015,674
Ethiopia,ETH,1959,0.0156,681
Ethiopia,ETH,1960,0.0159,701
Ethiopia,ETH,1961,0.015,722
Ethiopia,ETH,1962,0.017,736
Ethiopia,ETH,1963,0.0177,818
Ethiopia,ETH,1964,0.0167,840
Ethiopia,ETH,1965,0.0258,872
Ethiopia,ETH,1966,0.0321,888
Ethiopia,ETH,1967,0.0408,907
Ethiopia,ETH,1968,0.064,902
Ethiopia,ETH,1969,0.0603,917
Ethiopia,ETH,1970,0.0581,948
Ethiopia,ETH,1971,0.0632,968
Ethiopia,ETH,1972,0.0467,995
Ethiopia,ETH,1973,0.0564,1004
Ethiopia,ETH,1974,0.0545,993
Ethiopia,ETH,1975,0.0371,972
Ethiopia,ETH,1976,0.0355,974
Ethiopia,ETH,1977,0.0312,977
Ethiopia,ETH,1978,0.0403,952
Ethiopia,ETH,1979,0.0535,999
Ethiopia,ETH,1980,0.0517,1033
Ethiopia,ETH,1981,0.0517,1009
Ethiopia,ETH,1982,0.0398,980
Ethiopia,ETH,1983,0.0481,999
Ethiopia,ETH,1984,0.0419,956
Ethiopia,ETH,1985,0.0442,880
Ethiopia,ETH,1986,0.0523,920
Ethiopia,ETH,1987,0.059,980
Ethiopia,ETH,1988,0.059,969
Ethiopia,ETH,1989,0.0604,956
Ethiopia,ETH,1990,0.0624,915
Ethiopia,ETH,1991,0.0596,810.7901
Ethiopia,ETH,1992,0.0571,708.3694
Ethiopia,ETH,1993,0.0562,699.2273
Ethiopia,ETH,1994,0.0398,731.7509
Ethiopia,ETH,1995,0.0439,744.1418
Ethiopia,ETH,1996,0.0475,782.9941
Ethiopia,ETH,1997,0.0491,815.1455
Ethiopia,ETH,1998,0.0504,786.279
Ethiopia,ETH,1999,0.0481,761.9033
Ethiopia,ETH,2000,0.0523,771.7315
Ethiopia,ETH,2001,0.0626,783.8964
Ethiopia,ETH,2002,0.0632,793.9149
Ethiopia,ETH,2003,0.0675,764.5283
Ethiopia,ETH,2004,0.0695,771.4652
Ethiopia,ETH,2005,0.0649,829.2432
Ethiopia,ETH,2006,0.0678,880.6544
Ethiopia,ETH,2007,0.0724,936.3744
Ethiopia,ETH,2008,0.0774,989.9804
Ethiopia,ETH,2009,0.0757,1043.5319
Ethiopia,ETH,2010,0.0723,1106.3831
Ethiopia,ETH,2011,0.0821,1199
Ethiopia,ETH,2012,0.0874,1287
Ethiopia,ETH,2013,0.1025,1365
Ethiopia,ETH,2014,0.1225,1459
Ethiopia,ETH,2015,0.1259,1553
Ethiopia,ETH,2016,0.1385,1635
Ethiopia,ETH,2017,0.1432,1753.3181
Ethiopia,ETH,2018,0.1479,1838.4903
Finland,FIN,1860,0.0212,1522
Finland,FIN,1861,0.0422,1527
Finland,FIN,1862,0.0421,1428
Finland,FIN,1863,0.0442,1527
Finland,FIN,1864,0.0273,1545
Finland,FIN,1865,0.0357,1516
Finland,FIN,1866,0.0398,1527
Finland,FIN,1867,0.0356,1412
Finland,FIN,1868,0.0502,1599
Finland,FIN,1869,0.0396,1755
Finland,FIN,1870,0.0518,1817
Finland,FIN,1871,0.0636,1796
Finland,FIN,1872,0.0506,1825
Finland,FIN,1873,0.0479,1902
Finland,FIN,1874,0.0668,1919
Finland,FIN,1875,0.0445,1930
Finland,FIN,1876,0.0495,2007
Finland,FIN,1877,0.0581,1930
Finland,FIN,1878,0.0646,1870
Finland,FIN,1879,0.0382,1860
Finland,FIN,1880,0.0484,1841
Finland,FIN,1881,0.0477,1769
Finland,FIN,1882,0.0574,1918
Finland,FIN,1883,0.0549,1961
Finland,FIN,1884,0.0659,1943
Finland,FIN,1885,0.1,1962
Finland,FIN,1886,0.0575,2034
Finland,FIN,1887,0.0567,2034
Finland,FIN,1888,0.0527,2075
Finland,FIN,1889,0.0693,2115
Finland,FIN,1890,0.0886,2201
Finland,FIN,1891,0.0921,2152
Finland,FIN,1892,0.0804,2040
Finland,FIN,1893,0.0795,2138
Finland,FIN,1894,0.089,2230
Finland,FIN,1895,0.0938,2378
Finland,FIN,1896,0.1174,2503
Finland,FIN,1897,0.2021,2589
Finland,FIN,1898,0.1885,2659
Finland,FIN,1899,0.2818,2562
Finland,FIN,1900,0.2275,2659
Finland,FIN,1901,0.1578,2608
Finland,FIN,1902,0.148,2536
Finland,FIN,1903,0.1882,2687
Finland,FIN,1904,0.1917,2759
Finland,FIN,1905,0.2108,2777
Finland,FIN,1906,0.2191,2860
Finland,FIN,1907,0.3124,2923
Finland,FIN,1908,0.4908,2915
Finland,FIN,1909,0.4431,3003
Finland,FIN,1910,0.3639,3038
Finland,FIN,1911,0.4469,3091
Finland,FIN,1912,0.5005,3223
Finland,FIN,1913,0.5573,3365
Finland,FIN,1914,0.2292,3190
Finland,FIN,1915,0.0351,3000
Finland,FIN,1916,0.0589,3017
Finland,FIN,1917,0.0394,2520
Finland,FIN,1918,0.0237,2184
Finland,FIN,1919,0.0766,2643
Finland,FIN,1920,0.0877,2942
Finland,FIN,1921,0.0893,3003
Finland,FIN,1922,0.2228,3280
Finland,FIN,1923,0.4585,3486
Finland,FIN,1924,0.5364,3545
Finland,FIN,1925,0.5212,3711
Finland,FIN,1926,0.4819,3813
Finland,FIN,1927,0.8518,4076
Finland,FIN,1928,0.9257,4315
Finland,FIN,1929,0.9829,4331
Finland,FIN,1930,0.7701,4250
Finland,FIN,1931,0.8686,4114
Finland,FIN,1932,0.8653,4065
Finland,FIN,1933,0.9165,4307
Finland,FIN,1934,1.116,4763
Finland,FIN,1935,0.9859,4930
Finland,FIN,1936,1.382,5227
Finland,FIN,1937,1.8748,5485
Finland,FIN,1938,1.5639,5721
Finland,FIN,1939,1.3278,5432
Finland,FIN,1940,0.6263,5133
Finland,FIN,1941,0.8714,5295
Finland,FIN,1942,0.7486,5303
Finland,FIN,1943,1.0427,5893
Finland,FIN,1944,0.7145,5874
Finland,FIN,1945,0.1665,5499
Finland,FIN,1946,0.8466,5871
Finland,FIN,1947,1.3947,5925
Finland,FIN,1948,2.1469,6307
Finland,FIN,1949,1.2416,6604
Finland,FIN,1950,1.6328,6779
Finland,FIN,1951,1.9694,7286
Finland,FIN,1952,2.1127,7450
Finland,FIN,1953,1.8256,7415
Finland,FIN,1954,2.1833,7973
Finland,FIN,1955,2.5778,8284
Finland,FIN,1956,2.8414,8440
Finland,FIN,1957,2.8311,8751
Finland,FIN,1958,2.4312,8725
Finland,FIN,1959,3.0811,9172
Finland,FIN,1960,3.4021,9931
Finland,FIN,1961,3.3399,10613
Finland,FIN,1962,3.7322,10869
Finland,FIN,1963,4.2716,11148
Finland,FIN,1964,5.0168,11647
Finland,FIN,1965,5.5378,12226
Finland,FIN,1966,6.437,12471
Finland,FIN,1967,6.2301,12667
Finland,FIN,1968,7.2445,12900
Finland,FIN,1969,8.2366,14151
Finland,FIN,1970,8.7493,15266
Finland,FIN,1971,8.7564,15565
Finland,FIN,1972,9.4828,16654
Finland,FIN,1973,10.5488,17669
Finland,FIN,1974,9.9192,18109
Finland,FIN,1975,9.7538,18237
Finland,FIN,1976,10.8141,18104
Finland,FIN,1977,10.562,18100
Finland,FIN,1978,10.8916,18425
Finland,FIN,1979,11.3672,19657
Finland,FIN,1980,12.1421,20640
Finland,FIN,1981,10.6872,20935
Finland,FIN,1982,8.8884,21495
Finland,FIN,1983,8.5277,21944
Finland,FIN,1984,8.6222,22486
Finland,FIN,1985,10.089,23148
Finland,FIN,1986,10.7932,23621
Finland,FIN,1987,11.6314,24519
Finland,FIN,1988,10.4933,25644
Finland,FIN,1989,10.5378,27012
Finland,FIN,1990,11.4023,26884
Finland,FIN,1991,11.004,25174.899
Finland,FIN,1992,10.7602,24219.7606
Finland,FIN,1993,11.1101,23943.7449
Finland,FIN,1994,12.1071,24797.6594
Finland,FIN,1995,11.3577,25761.6242
Finland,FIN,1996,12.4697,26637.2657
Finland,FIN,1997,12.1744,28239.8745
Finland,FIN,1998,11.4963,29715.3414
Finland,FIN,1999,11.3781,30986.8883
Finland,FIN,2000,10.9944,32689.7689
Finland,FIN,2001,12.0251,33481.6787
Finland,FIN,2002,12.4794,33986.5541
Finland,FIN,2003,13.9002,34607.2193
Finland,FIN,2004,13.155,35888.6132
Finland,FIN,2005,10.8477,36787.2574
Finland,FIN,2006,12.9587,38160.7026
Finland,FIN,2007,12.6026,39998.5254
Finland,FIN,2008,11.0193,40129.6533
Finland,FIN,2009,10.4706,36662.6133
Finland,FIN,2010,11.9467,37615.1134
Finland,FIN,2011,10.5132,38432
Finland,FIN,2012,9.461,37704
Finland,FIN,2013,9.5106,37246
Finland,FIN,2014,8.7239,36858
Finland,FIN,2015,8.0506,36836
Finland,FIN,2016,8.5907,37239
Finland,FIN,2017,8.1018,38366.5596
Finland,FIN,2018,8.3021,38896.7005
France,FRA,1820,0.0927,1809
France,FRA,1821,0.0957,1953
France,FRA,1822,0.1001,1875
France,FRA,1823,0.0995,1934
France,FRA,1824,0.1097,1986
France,FRA,1825,0.1227,1898
France,FRA,1826,0.1259,1949
France,FRA,1827,0.1809,1908
France,FRA,1828,0.1899,1897
France,FRA,1829,0.1836,1946
France,FRA,1830,0.1969,1898
France,FRA,1831,0.181,1926
France,FRA,1832,0.1987,2091
France,FRA,1833,0.2146,2053
France,FRA,1834,0.2629,2056
France,FRA,1835,0.2716,2125
France,FRA,1836,0.3105,2090
France,FRA,1837,0.3298,2118
France,FRA,1838,0.3432,2211
France,FRA,1839,0.3331,2130
France,FRA,1840,0.3382,2276
France,FRA,1841,0.3944,2321
France,FRA,1842,0.4129,2260
France,FRA,1843,0.4118,2370
France,FRA,1844,0.4302,2444
France,FRA,1845,0.5008,2359
France,FRA,1846,0.5181,2356
France,FRA,1847,0.5804,2606
France,FRA,1848,0.4629,2437
France,FRA,1849,0.4804,2506
France,FRA,1850,0.5401,2546
France,FRA,1851,0.5502,2499
France,FRA,1852,0.5907,2652
France,FRA,1853,0.6923,2515
France,FRA,1854,0.7963,2627
France,FRA,1855,0.8994,2577
France,FRA,1856,0.9397,2687
France,FRA,1857,0.9551,2836
France,FRA,1858,0.9344,3029
France,FRA,1859,0.9429,2828
France,FRA,1860,1.025,3016
France,FRA,1861,1.1058,2820
France,FRA,1862,1.1639,3051
France,FRA,1863,1.1784,3145
France,FRA,1864,1.2455,3169
France,FRA,1865,1.3077,3067
France,FRA,1866,1.4168,3083
France,FRA,1867,1.4319,2890
France,FRA,1868,1.4609,3159
France,FRA,1869,1.4944,3198
France,FRA,1870,1.3235,2990
France,FRA,1871,1.3139,3027
France,FRA,1872,1.5901,3312
France,FRA,1873,1.7164,3064
France,FRA,1874,1.6308,3438
France,FRA,1875,1.6968,3537
France,FRA,1876,1.6972,3233
France,FRA,1877,1.6579,3390
France,FRA,1878,1.6894,3333
France,FRA,1879,1.7458,3113
France,FRA,1880,1.9663,3379
France,FRA,1881,2.0101,3497
France,FRA,1882,2.1173,3647
France,FRA,1883,2.2157,3647
France,FRA,1884,2.1237,3591
France,FRA,1885,2.0373,3518
France,FRA,1886,2.0166,3566
France,FRA,1887,2.1196,3585
France,FRA,1888,2.2004,3617
France,FRA,1889,2.2504,3701
France,FRA,1890,2.4747,3787
France,FRA,1891,2.475,3877
France,FRA,1892,2.4751,3974
France,FRA,1893,2.4271,4041
France,FRA,1894,2.5645,4186
France,FRA,1895,2.5836,4095
France,FRA,1896,2.6686,4280
France,FRA,1897,2.7904,4207
France,FRA,1898,2.882,4399
France,FRA,1899,3.0101,4640
France,FRA,1900,3.2309,4584
France,FRA,1901,3.1203,4505
France,FRA,1902,2.9335,4423
France,FRA,1903,3.2207,4513
France,FRA,1904,3.1335,4538
France,FRA,1905,3.1651,4613
France,FRA,1906,3.388,4691
France,FRA,1907,3.6075,4894
France,FRA,1908,3.6307,4854
France,FRA,1909,3.7151,5048
France,FRA,1910,3.7338,4726
France,FRA,1911,3.9015,5180
France,FRA,1912,3.9605,5601
France,FRA,1913,4.2986,5555
France,FRA,1914,2.9906,5158
France,FRA,1915,2.6238,5177
France,FRA,1916,2.8043,5520
France,FRA,1917,3.1271,4748
France,FRA,1918,2.8044,3819
France,FRA,1919,3.0127,4481
France,FRA,1920,3.94,5144
France,FRA,1921,3.574,4901
France,FRA,1922,4.2109,5754
France,FRA,1923,4.7232,5984
France,FRA,1924,5.2646,6661
France,FRA,1925,5.4126,6641
France,FRA,1926,5.3753,6773
France,FRA,1927,5.3233,6621
France,FRA,1928,5.2537,7063
France,FRA,1929,5.788,7508
France,FRA,1930,5.8516,7224
France,FRA,1931,5.3466,6751
France,FRA,1932,4.7138,6311
France,FRA,1933,4.9082,6757
France,FRA,1934,4.9638,6682
France,FRA,1935,4.8236,6513
France,FRA,1936,4.8976,6765
France,FRA,1937,5.3908,7152
France,FRA,1938,5.0043,7119
France,FRA,1939,4.8284,7640
France,FRA,1940,3.4153,6443
France,FRA,1941,2.969,5274
France,FRA,1942,3.0246,4752
France,FRA,1943,3.0813,4559
France,FRA,1944,1.9607,3861
France,FRA,1945,2.6174,4101
France,FRA,1946,4.0213,6145
France,FRA,1947,4.4523,6596
France,FRA,1948,4.7472,7002
France,FRA,1949,5.5074,7884
France,FRA,1950,4.8389,8266
France,FRA,1951,5.4463,8705
France,FRA,1952,5.3689,8869
France,FRA,1953,5.0344,9060
France,FRA,1954,5.266,9428
France,FRA,1955,5.5108,9881
France,FRA,1956,6.1351,10278
France,FRA,1957,6.283,10779
France,FRA,1958,5.9671,10927
France,FRA,1959,5.8108,11124
France,FRA,1960,6.4676,11792
France,FRA,1961,6.8009,12302
France,FRA,1962,7.074,12859
France,FRA,1963,7.1023,13330
France,FRA,1964,7.6372,14057
France,FRA,1965,7.4459,14609
France,FRA,1966,7.7003,15213
France,FRA,1967,8.125,15792
France,FRA,1968,8.3349,16365
France,FRA,1969,8.7758,17352
France,FRA,1970,9.0522,18187
France,FRA,1971,9.6185,18881
France,FRA,1972,9.9369,19549
France,FRA,1973,10.3388,20441
France,FRA,1974,9.9167,20902
France,FRA,1975,9.1136,20653
France,FRA,1976,9.8545,21465
France,FRA,1977,9.4935,22177
France,FRA,1978,9.8643,22698
France,FRA,1979,9.895,23326
France,FRA,1980,9.4543,23537
France,FRA,1981,8.4536,23655
France,FRA,1982,8.0639,24120
France,FRA,1983,7.7102,24300
France,FRA,1984,7.4612,24519
France,FRA,1985,7.2972,24755
France,FRA,1986,6.99,25238
France,FRA,1987,6.9015,25756
France,FRA,1988,6.8197,26763
France,FRA,1989,7.0346,27576
France,FRA,1990,6.9352,28129
France,FRA,1991,7.3292,28294.2638
France,FRA,1992,7.1216,28619.8041
France,FRA,1993,6.7573,28336.1603
France,FRA,1994,6.6165,28907.9774
France,FRA,1995,6.6776,29418.8641
France,FRA,1996,6.9365,29736.6448
France,FRA,1997,6.7887,30341.8059
France,FRA,1998,7.0821,31323.0776
France,FRA,1999,7.0105,32284.6116
France,FRA,2000,6.8779,33409.6815
France,FRA,2001,6.9132,33920.0974
France,FRA,2002,6.7891,34152.7745
France,FRA,2003,6.8371,34292.0301
France,FRA,2004,6.8066,35093.8241
France,FRA,2005,6.7984,35495.4647
France,FRA,2006,6.5968,36166.1597
France,FRA,2007,6.3913,36845.6851
France,FRA,2008,6.2369,36761.7921
France,FRA,2009,5.8941,35534.9272
France,FRA,2010,5.9888,36086.7266
France,FRA,2011,5.5951,36691
France,FRA,2012,5.5996,36571
France,FRA,2013,5.5958,36632
France,FRA,2014,5.0766,36527
France,FRA,2015,5.1186,36827
France,FRA,2016,5.1584,37124
France,FRA,2017,5.1971,37895.0004
France,FRA,2018,4.9603,38515.9193
Gabon,GAB,1959,0.0443,3857
Gabon,GAB,1960,0.2633,3982
Gabon,GAB,1961,0.326,4415
Gabon,GAB,1962,0.172,4497
Gabon,GAB,1963,0.1416,4599
Gabon,GAB,1964,0.363,4616
Gabon,GAB,1965,0.4053,4626
Gabon,GAB,1966,0.7016,4761
Gabon,GAB,1967,1.8252,4882
Gabon,GAB,1968,3.4648,4927
Gabon,GAB,1969,2.4801,5252
Gabon,GAB,1970,3.5315,5587
Gabon,GAB,1971,4.734,6027
Gabon,GAB,1972,4.4744,6559
Gabon,GAB,1973,8.5231,6935
Gabon,GAB,1974,8.5836,9083
Gabon,GAB,1975,8.2838,9985
Gabon,GAB,1976,8.6238,12747
Gabon,GAB,1977,9.3255,10849
Gabon,GAB,1978,10.9162,8013
Gabon,GAB,1979,9.5187,8091
Gabon,GAB,1980,9.1207,8402
Gabon,GAB,1981,8.8144,8625
Gabon,GAB,1982,8.5657,8099
Gabon,GAB,1983,7.0258,8281
Gabon,GAB,1984,7.4268,8612
Gabon,GAB,1985,7.6151,8131
Gabon,GAB,1986,5.8241,7818
Gabon,GAB,1987,4.5882,6320
Gabon,GAB,1988,4.8089,6982
Gabon,GAB,1989,6.233,7422
Gabon,GAB,1990,4.7233,7646
Gabon,GAB,1991,4.6339,8296.5739
Gabon,GAB,1992,4.9043,8194.4995
Gabon,GAB,1993,4.8309,8551.0587
Gabon,GAB,1994,4.138,9192.563
Gabon,GAB,1995,4.2454,9833.989
Gabon,GAB,1996,4.2717,10389.2098
Gabon,GAB,1997,4.1835,11202.8388
Gabon,GAB,1998,4.2359,11758.1601
Gabon,GAB,1999,3.9935,10648.0895
Gabon,GAB,2000,3.8007,10637.7997
Gabon,GAB,2001,3.7932,11104.553
Gabon,GAB,2002,3.527,11141.4627
Gabon,GAB,2003,3.4957,11665.8323
Gabon,GAB,2004,3.4406,12022.5072
Gabon,GAB,2005,3.4942,12437.9597
Gabon,GAB,2006,2.8972,12342.7793
Gabon,GAB,2007,2.7772,13455.6125
Gabon,GAB,2008,2.7413,13330.2548
Gabon,GAB,2009,2.6979,13617.8961
Gabon,GAB,2010,2.9451,14926.6996
Gabon,GAB,2011,2.9266,16403
Gabon,GAB,2012,2.877,16932
Gabon,GAB,2013,2.8998,17532
Gabon,GAB,2014,2.8222,18053
Gabon,GAB,2015,2.7055,18389
Gabon,GAB,2016,2.7099,18413
Gabon,GAB,2017,2.2269,17963.0127
Gabon,GAB,2018,2.2455,17613.5564
Gambia,GMB,1950,0.0481,982
Gambia,GMB,1951,0.0474,1015
Gambia,GMB,1952,0.0351,1022
Gambia,GMB,1953,0.0345,1036
Gambia,GMB,1954,0.0453,1068
Gambia,GMB,1955,0.0445,1074
Gambia,GMB,1956,0.0545,1086
Gambia,GMB,1957,0.0641,1097
Gambia,GMB,1958,0.0732,1097
Gambia,GMB,1959,0.0512,1129
Gambia,GMB,1960,0.0502,1167
Gambia,GMB,1961,0.059,1318
Gambia,GMB,1962,0.0675,1262
Gambia,GMB,1963,0.0756,1232
Gambia,GMB,1964,0.074,1274
Gambia,GMB,1965,0.0723,1368
Gambia,GMB,1966,0.0794,1545
Gambia,GMB,1967,0.0773,1548
Gambia,GMB,1968,0.0835,1519
Gambia,GMB,1969,0.1056,1629
Gambia,GMB,1970,0.1026,1422
Gambia,GMB,1971,0.115,1376
Gambia,GMB,1972,0.1339,1334
Gambia,GMB,1973,0.1228,1411
Gambia,GMB,1974,0.119,1452
Gambia,GMB,1975,0.1832,1497
Gambia,GMB,1976,0.1774,1436
Gambia,GMB,1977,0.1969,1417
Gambia,GMB,1978,0.2334,1446
Gambia,GMB,1979,0.2376,1360
Gambia,GMB,1980,0.2472,1325
Gambia,GMB,1981,0.2396,1521
Gambia,GMB,1982,0.2377,1581
Gambia,GMB,1983,0.2302,1482
Gambia,GMB,1984,0.2373,1462
Gambia,GMB,1985,0.2279,1451
Gambia,GMB,1986,0.2038,1422
Gambia,GMB,1987,0.216,1406
Gambia,GMB,1988,0.2097,1417
Gambia,GMB,1989,0.1961,1407
Gambia,GMB,1990,0.2071,1400
Gambia,GMB,1991,0.1993,1390.705
Gambia,GMB,1992,0.1926,1391.4055
Gambia,GMB,1993,0.1969,1385.5908
Gambia,GMB,1994,0.1909,1345.035
Gambia,GMB,1995,0.1915,1317.2425
Gambia,GMB,1996,0.1889,1336.8473
Gambia,GMB,1997,0.1862,1308.4867
Gambia,GMB,1998,0.1953,1324.9245
Gambia,GMB,1999,0.2152,1385.6318
Gambia,GMB,2000,0.2085,1440.8619
Gambia,GMB,2001,0.2209,1495.0918
Gambia,GMB,2002,0.214,1473.4007
Gambia,GMB,2003,0.2072,1478.9562
Gambia,GMB,2004,0.2155,1585.7992
Gambia,GMB,2005,0.2112,1541.6116
Gambia,GMB,2006,0.221,1530.6844
Gambia,GMB,2007,0.2145,1557.8474
Gambia,GMB,2008,0.2169,1618.4445
Gambia,GMB,2009,0.219,1692.6423
Gambia,GMB,2010,0.2411,1772.7269
Gambia,GMB,2011,0.2419,1669
Gambia,GMB,2012,0.2385,1725
Gambia,GMB,2013,0.2202,1767
Gambia,GMB,2014,0.2534,1743
Gambia,GMB,2015,0.2512,1786
Gambia,GMB,2016,0.2472,1788
Gambia,GMB,2017,0.2416,1819.4099
Gambia,GMB,2018,0.2378,1882.2399
Georgia,GEO,1973,2.3317,9456
Georgia,GEO,1980,2.8484,10519
Georgia,GEO,1981,2.7779,11053
Georgia,GEO,1982,2.8112,11611
Georgia,GEO,1983,2.8311,12234
Georgia,GEO,1984,2.8335,13128
Georgia,GEO,1985,3.0261,13868
Georgia,GEO,1986,2.9563,13839
Georgia,GEO,1987,2.9516,13707
Georgia,GEO,1988,3.0321,14665
Georgia,GEO,1989,2.992,14161
Georgia,GEO,1990,2.9472,12140
Georgia,GEO,1991,2.9536,9535.0506
Georgia,GEO,1992,2.8803,5286.9248
Georgia,GEO,1993,1.9036,3792.6177
Georgia,GEO,1994,1.1904,3463.4761
Georgia,GEO,1995,0.4602,3610.8408
Georgia,GEO,1996,0.8364,4030.8847
Georgia,GEO,1997,0.9398,4480.8979
Georgia,GEO,1998,1.0795,4619.9048
Georgia,GEO,1999,0.9673,4763.3506
Georgia,GEO,2000,1.0317,4891.6641
Georgia,GEO,2001,0.8686,5125.1274
Georgia,GEO,2002,0.7871,5406.9533
Georgia,GEO,2003,0.8812,6013.0092
Georgia,GEO,2004,1.0118,6342.7082
Georgia,GEO,2005,1.1918,6849.789
Georgia,GEO,2006,1.4552,7398.0526
Georgia,GEO,2007,1.5276,8300.1439
Georgia,GEO,2008,1.2815,8461.9173
Georgia,GEO,2009,1.4894,8062.0838
Georgia,GEO,2010,1.5145,8443.4361
Georgia,GEO,2011,1.9124,8946
Georgia,GEO,2012,2.0304,9491
Georgia,GEO,2013,1.9782,9829
Georgia,GEO,2014,2.2141,10297
Georgia,GEO,2015,2.4221,10603
Georgia,GEO,2016,2.5069,10899
Georgia,GEO,2017,2.5393,11430.7238
Georgia,GEO,2018,2.5243,11984.9049
Germany,DEU,1800,0.0442,1572
Germany,DEU,1820,0.1361,1572
Germany,DEU,1850,0.449,2276
Germany,DEU,1851,0.4966,2244
Germany,DEU,1852,0.5604,2273
Germany,DEU,1853,0.6026,2252
Germany,DEU,1854,0.7024,2300
Germany,DEU,1855,0.8193,2263
Germany,DEU,1856,0.8793,2440
Germany,DEU,1857,0.9302,2541
Germany,DEU,1858,0.9987,2509
Germany,DEU,1859,0.9413,2495
Germany,DEU,1860,1.0056,2613
Germany,DEU,1861,1.1329,2523
Germany,DEU,1862,1.2379,2622
Germany,DEU,1863,1.3307,2788
Germany,DEU,1864,1.513,2837
Germany,DEU,1865,1.6806,2821
Germany,DEU,1866,1.6513,2823
Germany,DEU,1867,1.7995,2815
Germany,DEU,1868,1.9184,2966
Germany,DEU,1869,1.9834,2965
Germany,DEU,1870,1.9405,2931
Germany,DEU,1871,2.1398,2896
Germany,DEU,1872,2.2858,3078
Germany,DEU,1873,2.4154,3186
Germany,DEU,1874,1.7394,3386
Germany,DEU,1875,2.4404,3366
Germany,DEU,1876,2.4604,3301
Germany,DEU,1877,2.3841,3241
Germany,DEU,1878,2.4345,3352
Germany,DEU,1879,2.5547,3234
Germany,DEU,1880,2.8407,3174
Germany,DEU,1881,3.0335,3228
Germany,DEU,1882,3.2151,3258
Germany,DEU,1883,3.3944,3416
Germany,DEU,1884,3.4603,3472
Germany,DEU,1885,3.5079,3532
Germany,DEU,1886,3.5154,3524
Germany,DEU,1887,3.64,3626
Germany,DEU,1888,3.9441,3732
Germany,DEU,1889,4.1661,3792
Germany,DEU,1890,4.3148,3870
Germany,DEU,1891,4.5219,3821
Germany,DEU,1892,4.3463,3936
Germany,DEU,1893,4.4018,4089
Germany,DEU,1894,4.5152,4141
Germany,DEU,1895,4.6248,4281
Germany,DEU,1896,4.9066,4368
Germany,DEU,1897,5.167,4423
Germany,DEU,1898,5.3176,4540
Germany,DEU,1899,5.5736,4631
Germany,DEU,1900,5.9211,4758
Germany,DEU,1901,5.8155,4576
Germany,DEU,1902,5.6194,4611
Germany,DEU,1903,5.9603,4795
Germany,DEU,1904,6.0869,4914
Germany,DEU,1905,6.4388,4948
Germany,DEU,1906,6.006,5024
Germany,DEU,1907,7.2299,5172
Germany,DEU,1908,7.1957,5187
Germany,DEU,1909,7.0987,5220
Germany,DEU,1910,7.0417,5337
Germany,DEU,1911,7.221,5432
Germany,DEU,1912,7.8545,5617
Germany,DEU,1913,8.4453,5815
Germany,DEU,1914,7.882,4876
Germany,DEU,1915,7.3493,4621
Germany,DEU,1916,7.9727,4678
Germany,DEU,1917,8.3776,4705
Germany,DEU,1918,8.0657,4755
Germany,DEU,1919,6.215,4122
Germany,DEU,1920,6.8801,4457
Germany,DEU,1921,7.5644,4906
Germany,DEU,1922,7.247,5310
Germany,DEU,1923,5.2464,4383
Germany,DEU,1924,7.0936,5099
Germany,DEU,1925,7.1444,5630
Germany,DEU,1926,6.4024,5746
Germany,DEU,1927,7.4058,6282
Germany,DEU,1928,7.7209,6519
Germany,DEU,1929,8.1888,6457
Germany,DEU,1930,6.9697,6333
Germany,DEU,1931,5.7815,5821
Germany,DEU,1932,5.1689,5359
Germany,DEU,1933,5.3911,5668
Germany,DEU,1934,5.9933,6150
Germany,DEU,1935,6.5878,6567
Germany,DEU,1936,7.2257,7095
Germany,DEU,1937,8.0922,7468
Germany,DEU,1938,8.5739,7960
Germany,DEU,1939,9.2012,8617
Germany,DEU,1940,9.2509,8612
Germany,DEU,1941,9.3279,9103
Germany,DEU,1942,9.4309,9149
Germany,DEU,1943,9.614,9389
Germany,DEU,1944,8.5119,9698
Germany,DEU,1945,1.6493,7195
Germany,DEU,1946,3.8688,3534
Germany,DEU,1947,4.5331,3883
Germany,DEU,1948,5.4029,4517
Germany,DEU,1949,6.1831,5231
Germany,DEU,1950,7.299,6186
Germany,DEU,1951,8.2058,6704
Germany,DEU,1952,8.6516,7257
Germany,DEU,1953,8.7903,7818
Germany,DEU,1954,9.2616,8364
Germany,DEU,1955,10.1136,9240
Germany,DEU,1956,10.6637,9846
Germany,DEU,1957,10.7768,10348
Germany,DEU,1958,10.426,10739
Germany,DEU,1959,10.3598,11440
Germany,DEU,1960,11.0871,12282
Germany,DEU,1961,11.2926,12675
Germany,DEU,1962,11.8563,13106
Germany,DEU,1963,12.5931,13367
Germany,DEU,1964,12.8033,14062
Germany,DEU,1965,12.5902,14642
Germany,DEU,1966,12.3852,14964
Germany,DEU,1967,12.1027,14979
Germany,DEU,1968,12.6503,15723
Germany,DEU,1969,13.4423,16641
Germany,DEU,1970,13.0573,17277
Germany,DEU,1971,13.1646,17657
Germany,DEU,1972,13.1997,18301
Germany,DEU,1973,13.7553,19074
Germany,DEU,1974,13.4676,19228
Germany,DEU,1975,12.7124,19193
Germany,DEU,1976,13.8464,20218
Germany,DEU,1977,13.3771,20837
Germany,DEU,1978,13.734,21447
Germany,DEU,1979,14.2518,22305
Germany,DEU,1980,14.0524,22497
Germany,DEU,1981,13.424,22553
Germany,DEU,1982,13.0346,22380
Germany,DEU,1983,13.0076,22840
Germany,DEU,1984,13.3009,23564
Germany,DEU,1985,13.4393,24133
Germany,DEU,1986,13.4626,24657
Germany,DEU,1987,13.2338,25027
Germany,DEU,1988,13.1408,25759
Germany,DEU,1989,12.8247,26393
Germany,DEU,1990,13.3134,25391
Germany,DEU,1991,12.759,26769.9603
Germany,DEU,1992,12.0792,27385.0556
Germany,DEU,1993,11.888,27250.7006
Germany,DEU,1994,11.6266,28140.0559
Germany,DEU,1995,11.5724,28868.9462
Germany,DEU,1996,11.7942,29349.9828
Germany,DEU,1997,11.4414,30186.9444
Germany,DEU,1998,11.3431,31129.5844
Germany,DEU,1999,11.0072,32087.604
Germany,DEU,2000,11.0546,33367.2838
Germany,DEU,2001,11.2536,34260.2876
Germany,DEU,2002,11.0378,34590.9302
Germany,DEU,2003,11.0416,34716.4405
Germany,DEU,2004,10.865,35528.7135
Germany,DEU,2005,10.6209,36205.575
Germany,DEU,2006,10.7806,38014.1369
Germany,DEU,2007,10.4779,39752.2067
Germany,DEU,2008,10.5461,40715.4342
Germany,DEU,2009,9.7688,38962.9387
Germany,DEU,2010,10.3053,41109.5818
Germany,DEU,2011,10.0082,43189
Germany,DEU,2012,10.0526,43320
Germany,DEU,2013,10.2428,43413
Germany,DEU,2014,9.7309,43922
Germany,DEU,2015,9.7278,44293
Germany,DEU,2016,9.7415,44689
Germany,DEU,2017,9.5076,45619.7846
Germany,DEU,2018,9.0721,46177.6187
Ghana,GHA,1950,0.1266,1788
Ghana,GHA,1951,0.1704,1808
Ghana,GHA,1952,0.1648,1728
Ghana,GHA,1953,0.1882,1916
Ghana,GHA,1954,0.1803,2099
Ghana,GHA,1955,0.2072,1913
Ghana,GHA,1956,0.1827,1970
Ghana,GHA,1957,0.2131,1978
Ghana,GHA,1958,0.2182,1892
Ghana,GHA,1959,0.2055,2106
Ghana,GHA,1960,0.2203,2197
Ghana,GHA,1961,0.1964,2212
Ghana,GHA,1962,0.2026,2257
Ghana,GHA,1963,0.2359,2270
Ghana,GHA,1964,0.2191,2254
Ghana,GHA,1965,0.2201,2220
Ghana,GHA,1966,0.1813,2158
Ghana,GHA,1967,0.1838,2134
Ghana,GHA,1968,0.2117,2101
Ghana,GHA,1969,0.1981,2112
Ghana,GHA,1970,0.3001,2270
Ghana,GHA,1971,0.2554,2377
Ghana,GHA,1972,0.2622,2235
Ghana,GHA,1973,0.2603,2227
Ghana,GHA,1974,0.3008,2319
Ghana,GHA,1975,0.2745,1988
Ghana,GHA,1976,0.2379,1878
Ghana,GHA,1977,0.2878,1882
Ghana,GHA,1978,0.2793,2008
Ghana,GHA,1979,0.2452,1929
Ghana,GHA,1980,0.2305,1844
Ghana,GHA,1981,0.267,1820
Ghana,GHA,1982,0.2594,1661
Ghana,GHA,1983,0.3024,1487
Ghana,GHA,1984,0.2069,1530
Ghana,GHA,1985,0.2583,1559
Ghana,GHA,1986,0.2302,1575
Ghana,GHA,1987,0.2408,1605
Ghana,GHA,1988,0.2446,1648
Ghana,GHA,1989,0.2296,1685
Ghana,GHA,1990,0.2566,1693
Ghana,GHA,1991,0.2768,1742.6276
Ghana,GHA,1992,0.2339,1771.6004
Ghana,GHA,1993,0.2676,1791.1127
Ghana,GHA,1994,0.3073,1813.6117
Ghana,GHA,1995,0.3029,1856.5728
Ghana,GHA,1996,0.3132,1907.9348
Ghana,GHA,1997,0.3465,1964.9124
Ghana,GHA,1998,0.3402,2017.9896
Ghana,GHA,1999,0.3386,2066.7412
Ghana,GHA,2000,0.3165,2100.2931
Ghana,GHA,2001,0.3408,2143.1062
Ghana,GHA,2002,0.3572,2192.0203
Ghana,GHA,2003,0.3585,2256.8173
Ghana,GHA,2004,0.3363,2329.5157
Ghana,GHA,2005,0.3118,2411.2876
Ghana,GHA,2006,0.4093,2503.9577
Ghana,GHA,2007,0.4189,2553.1659
Ghana,GHA,2008,0.3788,2725.7884
Ghana,GHA,2009,0.3102,2793.8709
Ghana,GHA,2010,0.3918,2946.0393
Ghana,GHA,2011,0.4422,3283
Ghana,GHA,2012,0.5507,3508
Ghana,GHA,2013,0.5329,3683
Ghana,GHA,2014,0.542,3747
Ghana,GHA,2015,0.5786,3809
Ghana,GHA,2016,0.581,3878
Ghana,GHA,2017,0.4718,4103.5561
Ghana,GHA,2018,0.5604,4267.0667
Greece,GRC,1867,0.0473,1997
Greece,GRC,1868,0.0234,2020
Greece,GRC,1869,0.0534,1992
Greece,GRC,1870,0.0549,1938
Greece,GRC,1871,0.0801,1859
Greece,GRC,1872,0.047,1806
Greece,GRC,1873,0.0513,2128
Greece,GRC,1874,0.0393,2013
Greece,GRC,1875,0.0427,1929
Greece,GRC,1879,9e-4,2063
Greece,GRC,1883,9e-4,2091
Greece,GRC,1888,8e-4,2566
Greece,GRC,1892,0.0804,2053
Greece,GRC,1893,0.0701,2185
Greece,GRC,1894,0.0709,2233
Greece,GRC,1895,0.0656,2149
Greece,GRC,1896,0.0779,2359
Greece,GRC,1897,0.0748,2004
Greece,GRC,1898,0.0943,2165
Greece,GRC,1899,0.0489,2209
Greece,GRC,1900,0.0837,1972
Greece,GRC,1901,0.083,1890
Greece,GRC,1902,0.0657,2423
Greece,GRC,1903,0.0782,2367
Greece,GRC,1904,0.0691,2498
Greece,GRC,1905,0.0538,2560
Greece,GRC,1906,0.0499,2530
Greece,GRC,1907,0.0816,2565
Greece,GRC,1908,0.1378,2550
Greece,GRC,1909,0.1052,2601
Greece,GRC,1910,0.1338,2592
Greece,GRC,1911,0.1674,3231
Greece,GRC,1913,0.2439,1876
Greece,GRC,1914,0.002,2394
Greece,GRC,1915,0.004,1822
Greece,GRC,1916,0.0118,1549
Greece,GRC,1917,0.0162,1352
Greece,GRC,1918,0.0219,2279
Greece,GRC,1919,0.0186,2031
Greece,GRC,1920,0.1175,2284
Greece,GRC,1921,0.1277,3057
Greece,GRC,1922,0.1152,3129
Greece,GRC,1923,0.1546,3169
Greece,GRC,1924,0.2157,3279
Greece,GRC,1925,0.3255,3411
Greece,GRC,1926,0.2964,3475
Greece,GRC,1927,0.3728,3539
Greece,GRC,1928,0.3781,3561
Greece,GRC,1929,0.4257,3733
Greece,GRC,1930,0.444,3599
Greece,GRC,1931,0.4193,3402
Greece,GRC,1932,0.4066,3649
Greece,GRC,1933,0.3441,3818
Greece,GRC,1934,0.4178,3854
Greece,GRC,1935,0.4239,3953
Greece,GRC,1936,0.4834,3913
Greece,GRC,1937,0.508,4414
Greece,GRC,1938,0.3971,4267
Greece,GRC,1939,0.0347,4205
Greece,GRC,1940,0.0325,3543
Greece,GRC,1941,0.0184,2987
Greece,GRC,1942,0.0306,2517
Greece,GRC,1943,0.0286,2115
Greece,GRC,1944,0.0147,1779
Greece,GRC,1945,0.0088,1495
Greece,GRC,1946,0.0165,2209
Greece,GRC,1947,0.0222,2810
Greece,GRC,1948,0.1781,2866
Greece,GRC,1949,0.2152,2979
Greece,GRC,1950,0.5382,3052
Greece,GRC,1951,0.5908,3287
Greece,GRC,1952,0.6139,3272
Greece,GRC,1953,0.6197,3681
Greece,GRC,1954,0.6394,3759
Greece,GRC,1955,0.7431,4007
Greece,GRC,1956,0.7789,4313
Greece,GRC,1957,0.8384,4557
Greece,GRC,1958,0.9104,4723
Greece,GRC,1959,0.9869,4846
Greece,GRC,1960,1.1351,5015
Greece,GRC,1961,1.1797,5408
Greece,GRC,1962,1.2153,5577
Greece,GRC,1963,1.4596,6122
Greece,GRC,1964,1.568,6601
Greece,GRC,1965,2.0108,7187
Greece,GRC,1966,2.1933,7570
Greece,GRC,1967,2.2871,7892
Greece,GRC,1968,2.6008,8394
Greece,GRC,1969,2.9527,9191
Greece,GRC,1970,2.7848,9900
Greece,GRC,1971,3.1834,10559
Greece,GRC,1972,3.5874,11795
Greece,GRC,1973,4.2002,12202
Greece,GRC,1974,4.0431,11716
Greece,GRC,1975,4.2899,12309
Greece,GRC,1976,4.6735,12919
Greece,GRC,1977,5.0413,13158
Greece,GRC,1978,5.0782,13860
Greece,GRC,1979,5.3405,14193
Greece,GRC,1980,5.286,14300
Greece,GRC,1981,5.157,14180
Greece,GRC,1982,5.2577,14153
Greece,GRC,1983,5.5563,14132
Greece,GRC,1984,5.6759,14453
Greece,GRC,1985,5.9962,14850
Greece,GRC,1986,5.8186,15047
Greece,GRC,1987,6.222,14944
Greece,GRC,1988,6.6379,15596
Greece,GRC,1989,7.2108,16117
Greece,GRC,1990,8.1582,15964
Greece,GRC,1991,8.0853,16409.6894
Greece,GRC,1992,8.1556,16545.9638
Greece,GRC,1993,8.0025,16331.3147
Greece,GRC,1994,8.1205,16724.2881
Greece,GRC,1995,8.0945,17148.1972
Greece,GRC,1996,8.2285,17719.5574
Greece,GRC,1997,8.6025,18588.2955
Greece,GRC,1998,8.9918,19378.7099
Greece,GRC,1999,8.8828,20076.5594
Greece,GRC,2000,9.2942,20965.3318
Greece,GRC,2001,9.4648,21913.7977
Greece,GRC,2002,9.3917,22893.9591
Greece,GRC,2003,9.7238,24380.0663
Greece,GRC,2004,9.7505,25780.3851
Greece,GRC,2005,10.1499,26091.5242
Greece,GRC,2006,10.0554,27731.1109
Greece,GRC,2007,10.3047,28822.9156
Greece,GRC,2008,10.0654,28907.925
Greece,GRC,2009,9.5221,27839.8975
Greece,GRC,2010,8.9424,26517.4651
Greece,GRC,2011,8.7311,24349
Greece,GRC,2012,8.4806,22693
Greece,GRC,2013,7.6101,22118
Greece,GRC,2014,7.3506,22344
Greece,GRC,2015,7.0322,22442
Greece,GRC,2016,6.7236,22574
Greece,GRC,2017,7.0822,22959.1219
Greece,GRC,2018,6.8244,23450.7658
Guatemala,GTM,1941,0.0046,4503
Guatemala,GTM,1942,0.0045,4463
Guatemala,GTM,1943,0.0043,2925
Guatemala,GTM,1944,0.0042,2775
Guatemala,GTM,1945,0.0054,2761
Guatemala,GTM,1946,0.0053,3191
Guatemala,GTM,1947,0.0051,3148
Guatemala,GTM,1948,0.005,3169
Guatemala,GTM,1949,0.006,3365
Guatemala,GTM,1950,0.1987,3323
Guatemala,GTM,1951,0.1984,3263
Guatemala,GTM,1952,0.1947,3226
Guatemala,GTM,1953,0.1996,3239
Guatemala,GTM,1954,0.2114,3194
Guatemala,GTM,1955,0.2526,3170
Guatemala,GTM,1956,0.2618,3347
Guatemala,GTM,1957,0.2559,3424
Guatemala,GTM,1958,0.2843,3470
Guatemala,GTM,1959,0.3028,3524
Guatemala,GTM,1960,0.3192,3496
Guatemala,GTM,1961,0.3244,3532
Guatemala,GTM,1962,0.3093,3543
Guatemala,GTM,1963,0.3307,3762
Guatemala,GTM,1964,0.3739,3814
Guatemala,GTM,1965,0.4054,3900
Guatemala,GTM,1966,0.347,4033
Guatemala,GTM,1967,0.3839,4114
Guatemala,GTM,1968,0.4027,4385
Guatemala,GTM,1969,0.4168,4497
Guatemala,GTM,1970,0.4085,4653
Guatemala,GTM,1971,0.422,4801
Guatemala,GTM,1972,0.4555,5037
Guatemala,GTM,1973,0.4806,5255
Guatemala,GTM,1974,0.489,5461
Guatemala,GTM,1975,0.547,5439
Guatemala,GTM,1976,0.5008,5705
Guatemala,GTM,1977,0.5623,6005
Guatemala,GTM,1978,0.5938,6156
Guatemala,GTM,1979,0.6583,6298
Guatemala,GTM,1980,0.6168,6384
Guatemala,GTM,1981,0.529,6256
Guatemala,GTM,1982,0.4712,5903
Guatemala,GTM,1983,0.4027,5585
Guatemala,GTM,1984,0.4229,5469
Guatemala,GTM,1985,0.4244,5292
Guatemala,GTM,1986,0.4343,5136
Guatemala,GTM,1987,0.4536,5098
Guatemala,GTM,1988,0.4609,5086
Guatemala,GTM,1989,0.4628,5144
Guatemala,GTM,1990,0.5367,5165
Guatemala,GTM,1991,0.5221,5166.5499
Guatemala,GTM,1992,0.6097,5303.5985
Guatemala,GTM,1993,0.5612,5382.9787
Guatemala,GTM,1994,0.6637,5414.5412
Guatemala,GTM,1995,0.6801,5501.0422
Guatemala,GTM,1996,0.6172,5511.9047
Guatemala,GTM,1997,0.689,5601.2075
Guatemala,GTM,1998,0.776,5730.6458
Guatemala,GTM,1999,0.7733,5824.8833
Guatemala,GTM,2000,0.8381,5860.2719
Guatemala,GTM,2001,0.8581,5882.7197
Guatemala,GTM,2002,0.8782,5980.242
Guatemala,GTM,2003,0.8358,6004.1447
Guatemala,GTM,2004,0.8737,6070.1942
Guatemala,GTM,2005,0.9247,6130.4823
Guatemala,GTM,2006,0.9089,6305.8186
Guatemala,GTM,2007,0.8865,6545.7524
Guatemala,GTM,2008,0.7777,6604.6824
Guatemala,GTM,2009,0.7992,6488.6462
Guatemala,GTM,2010,0.7585,6526.4576
Guatemala,GTM,2011,0.7517,6650
Guatemala,GTM,2012,0.7569,6714
Guatemala,GTM,2013,0.8197,6829
Guatemala,GTM,2014,0.8657,6981
Guatemala,GTM,2015,0.9735,7138
Guatemala,GTM,2016,1.0199,7221
Guatemala,GTM,2017,1.0223,7308.2695
Guatemala,GTM,2018,1.0811,7402.1146
Guinea,GIN,1958,0.0487,630
Guinea,GIN,1959,0.0458,655
Guinea,GIN,1960,0.1174,671
Guinea,GIN,1961,0.1733,703
Guinea,GIN,1962,0.1826,741
Guinea,GIN,1963,0.1896,689
Guinea,GIN,1964,0.1873,720
Guinea,GIN,1965,0.1831,756
Guinea,GIN,1966,0.1856,759
Guinea,GIN,1967,0.1841,767
Guinea,GIN,1968,0.1863,776
Guinea,GIN,1969,0.183,784
Guinea,GIN,1970,0.1905,795
Guinea,GIN,1971,0.1926,822
Guinea,GIN,1972,0.1939,826
Guinea,GIN,1973,0.1842,821
Guinea,GIN,1974,0.1897,848
Guinea,GIN,1975,0.1876,854
Guinea,GIN,1976,0.1945,905
Guinea,GIN,1977,0.1947,858
Guinea,GIN,1978,0.1917,897
Guinea,GIN,1979,0.1977,869
Guinea,GIN,1980,0.1978,872
Guinea,GIN,1981,0.1991,859
Guinea,GIN,1982,0.1934,858
Guinea,GIN,1983,0.1834,850
Guinea,GIN,1984,0.1837,824
Guinea,GIN,1985,0.1815,821
Guinea,GIN,1986,0.177,819
Guinea,GIN,1987,0.1712,826
Guinea,GIN,1988,0.1715,856
Guinea,GIN,1989,0.1693,869
Guinea,GIN,1990,0.158,861
Guinea,GIN,1991,0.157,827.0069
Guinea,GIN,1992,0.1577,833.2268
Guinea,GIN,1993,0.1578,862.7313
Guinea,GIN,1994,0.1589,882.4944
Guinea,GIN,1995,0.1603,906.2644
Guinea,GIN,1996,0.1654,927.1295
Guinea,GIN,1997,0.1683,976.4966
Guinea,GIN,1998,0.1734,1010.7919
Guinea,GIN,1999,0.1779,1031.3825
Guinea,GIN,2000,0.181,1046.5671
Guinea,GIN,2001,0.1854,1090.652
Guinea,GIN,2002,0.189,1148.5447
Guinea,GIN,2003,0.1942,1146.3353
Guinea,GIN,2004,0.1974,1159.825
Guinea,GIN,2005,0.2003,1186.6048
Guinea,GIN,2006,0.2031,1188.4846
Guinea,GIN,2007,0.2067,1253.4077
Guinea,GIN,2008,0.205,1290.4037
Guinea,GIN,2009,0.2118,1255.2419
Guinea,GIN,2010,0.2437,1291.6962
Guinea,GIN,2011,0.2489,1347
Guinea,GIN,2012,0.2274,1397
Guinea,GIN,2013,0.1937,1421
Guinea,GIN,2014,0.1942,1399
Guinea,GIN,2015,0.2144,1364
Guinea,GIN,2016,0.2338,1417
Guinea,GIN,2017,0.2684,1562.5074
Guinea,GIN,2018,0.2969,1606.4666
Guinea-Bissau,GNB,1950,0.0137,462
Guinea-Bissau,GNB,1951,0.0067,489
Guinea-Bissau,GNB,1952,0.0199,516
Guinea-Bissau,GNB,1953,0.0131,547
Guinea-Bissau,GNB,1954,0.0129,652
Guinea-Bissau,GNB,1955,0.0191,622
Guinea-Bissau,GNB,1956,0.0188,703
Guinea-Bissau,GNB,1957,0.0185,744
Guinea-Bissau,GNB,1958,0.0183,762
Guinea-Bissau,GNB,1959,0.0241,765
Guinea-Bissau,GNB,1960,0.0297,800
Guinea-Bissau,GNB,1961,0.0471,851
Guinea-Bissau,GNB,1962,0.0641,899
Guinea-Bissau,GNB,1963,0.075,932
Guinea-Bissau,GNB,1964,0.0913,1027
Guinea-Bissau,GNB,1965,0.1015,1097
Guinea-Bissau,GNB,1966,0.1001,1165
Guinea-Bissau,GNB,1967,0.0712,1232
Guinea-Bissau,GNB,1968,0.0915,1270
Guinea-Bissau,GNB,1969,0.0847,1333
Guinea-Bissau,GNB,1970,0.0988,1395
Guinea-Bissau,GNB,1971,0.102,1333
Guinea-Bissau,GNB,1972,0.09,1412
Guinea-Bissau,GNB,1973,0.1473,1411
Guinea-Bissau,GNB,1974,0.1354,1458
Guinea-Bissau,GNB,1975,0.1483,1479
Guinea-Bissau,GNB,1976,0.1237,1443
Guinea-Bissau,GNB,1977,0.1329,1317
Guinea-Bissau,GNB,1978,0.1329,1465
Guinea-Bissau,GNB,1979,0.1419,1468
Guinea-Bissau,GNB,1980,0.1875,1207
Guinea-Bissau,GNB,1981,0.18,1173
Guinea-Bissau,GNB,1982,0.1763,1195
Guinea-Bissau,GNB,1983,0.1721,1129
Guinea-Bissau,GNB,1984,0.1894,1162
Guinea-Bissau,GNB,1985,0.1974,1184
Guinea-Bissau,GNB,1986,0.2053,1146
Guinea-Bissau,GNB,1987,0.2128,1183
Guinea-Bissau,GNB,1988,0.2317,1235
Guinea-Bissau,GNB,1989,0.242,1259
Guinea-Bissau,GNB,1990,0.1766,1270
Guinea-Bissau,GNB,1991,0.1763,1282.7288
Guinea-Bissau,GNB,1992,0.176,1287.2765
Guinea-Bissau,GNB,1993,0.1756,1280.342
Guinea-Bissau,GNB,1994,0.1718,1284.927
Guinea-Bissau,GNB,1995,0.1683,1310.1873
Guinea-Bissau,GNB,1996,0.1649,1337.4676
Guinea-Bissau,GNB,1997,0.1779,1388.1027
Guinea-Bissau,GNB,1998,0.1492,1130.8127
Guinea-Bissau,GNB,1999,0.165,1256.0825
Guinea-Bissau,GNB,2000,0.122,1230.6406
Guinea-Bissau,GNB,2001,0.1224,1233.072
Guinea-Bissau,GNB,2002,0.1227,1196.2325
Guinea-Bissau,GNB,2003,0.1513,1181.9435
Guinea-Bissau,GNB,2004,0.1534,1194.6708
Guinea-Bissau,GNB,2005,0.158,1226.5609
Guinea-Bissau,GNB,2006,0.1569,1233.8132
Guinea-Bissau,GNB,2007,0.1635,1252.5739
Guinea-Bissau,GNB,2008,0.157,1270.7228
Guinea-Bissau,GNB,2009,0.158,1292.0293
Guinea-Bissau,GNB,2010,0.1564,1329.3724
Guinea-Bissau,GNB,2011,0.1547,1413
Guinea-Bissau,GNB,2012,0.153,1361
Guinea-Bissau,GNB,2013,0.1489,1378
Guinea-Bissau,GNB,2014,0.1537,1355
Guinea-Bissau,GNB,2015,0.1603,1393
Guinea-Bissau,GNB,2016,0.1706,1436
Guinea-Bissau,GNB,2017,0.1663,1482.9693
Guinea-Bissau,GNB,2018,0.1662,1501.4136
Haiti,HTI,1950,0.0353,1790
Haiti,HTI,1951,0.0403,1788
Haiti,HTI,1952,0.044,1860
Haiti,HTI,1953,0.0465,1771
Haiti,HTI,1954,0.0627,1884
Haiti,HTI,1955,0.0761,1776
Haiti,HTI,1956,0.0736,1897
Haiti,HTI,1957,0.0693,1752
Haiti,HTI,1958,0.0738,1855
Haiti,HTI,1959,0.0666,1734
Haiti,HTI,1960,0.0739,1809
Haiti,HTI,1961,0.0752,1702
Haiti,HTI,1962,0.0756,1828
Haiti,HTI,1963,0.0608,1675
Haiti,HTI,1964,0.0719,1604
Haiti,HTI,1965,0.0714,1588
Haiti,HTI,1966,0.07,1546
Haiti,HTI,1967,0.0588,1482
Haiti,HTI,1968,0.0585,1510
Haiti,HTI,1969,0.0686,1527
Haiti,HTI,1970,0.0822,1567
Haiti,HTI,1971,0.0847,1651
Haiti,HTI,1972,0.081,1635
Haiti,HTI,1973,0.0856,1678
Haiti,HTI,1974,0.0943,1742
Haiti,HTI,1975,0.0948,1726
Haiti,HTI,1976,0.1295,1835
Haiti,HTI,1977,0.133,1808
Haiti,HTI,1978,0.1389,1859
Haiti,HTI,1979,0.1358,1959
Haiti,HTI,1980,0.132,2063
Haiti,HTI,1981,0.1315,1964
Haiti,HTI,1982,0.1383,1855
Haiti,HTI,1983,0.1464,1835
Haiti,HTI,1984,0.1458,1803
Haiti,HTI,1985,0.1467,1776
Haiti,HTI,1986,0.1281,1729
Haiti,HTI,1987,0.1358,1682
Haiti,HTI,1988,0.1491,1701
Haiti,HTI,1989,0.1483,1619
Haiti,HTI,1990,0.1414,1602
Haiti,HTI,1991,0.136,1628.7188
Haiti,HTI,1992,0.1214,1535.9707
Haiti,HTI,1993,0.0917,1443.1808
Haiti,HTI,1994,0.0241,1262.3371
Haiti,HTI,1995,0.1131,1378.5417
Haiti,HTI,1996,0.1291,1426.4126
Haiti,HTI,1997,0.1679,1456.2339
Haiti,HTI,1998,0.151,1480.5769
Haiti,HTI,1999,0.1528,1513.3318
Haiti,HTI,2000,0.1931,1520.7292
Haiti,HTI,2001,0.1709,1501.1025
Haiti,HTI,2002,0.2039,1494.1837
Haiti,HTI,2003,0.191,1495.8921
Haiti,HTI,2004,0.1826,1439.2077
Haiti,HTI,2005,0.1875,1461.8
Haiti,HTI,2006,0.1875,1493.0382
Haiti,HTI,2007,0.1867,1541.7674
Haiti,HTI,2008,0.1825,1555.4932
Haiti,HTI,2009,0.1927,1604.1127
Haiti,HTI,2010,0.2148,1556.5504
Haiti,HTI,2011,0.225,1648
Haiti,HTI,2012,0.2209,1674
Haiti,HTI,2013,0.2602,1722
Haiti,HTI,2014,0.2564,1749
Haiti,HTI,2015,0.2488,1742
Haiti,HTI,2016,0.2752,1728
Haiti,HTI,2017,0.2826,1725.6064
Haiti,HTI,2018,0.3028,1729.0432
Honduras,HND,1950,0.1942,2018
Honduras,HND,1951,0.2191,2066
Honduras,HND,1952,0.2201,2083
Honduras,HND,1953,0.1989,2184
Honduras,HND,1954,0.219,1997
Honduras,HND,1955,0.2461,1986
Honduras,HND,1956,0.2494,2080
Honduras,HND,1957,0.307,2107
Honduras,HND,1958,0.3042,2106
Honduras,HND,1959,0.2957,2090
Honduras,HND,1960,0.3019,2147
Honduras,HND,1961,0.3512,2130
Honduras,HND,1962,0.3245,2174
Honduras,HND,1963,0.3206,2177
Honduras,HND,1964,0.3164,2209
Honduras,HND,1965,0.32,2314
Honduras,HND,1966,0.3336,2364
Honduras,HND,1967,0.352,2410
Honduras,HND,1968,0.4777,2463
Honduras,HND,1969,0.4457,2396
Honduras,HND,1970,0.5109,2391
Honduras,HND,1971,0.4749,2404
Honduras,HND,1972,0.5319,2448
Honduras,HND,1973,0.5073,2544
Honduras,HND,1974,0.5078,2797
Honduras,HND,1975,0.5267,2764
Honduras,HND,1976,0.5446,2954
Honduras,HND,1977,0.5945,3153
Honduras,HND,1978,0.5898,3346
Honduras,HND,1979,0.5391,3382
Honduras,HND,1980,0.5541,3282
Honduras,HND,1981,0.4766,3231
Honduras,HND,1982,0.4474,3076
Honduras,HND,1983,0.4903,2947
Honduras,HND,1984,0.4711,2968
Honduras,HND,1985,0.4405,2982
Honduras,HND,1986,0.4138,2898
Honduras,HND,1987,0.4721,2970
Honduras,HND,1988,0.527,3009
Honduras,HND,1989,0.5567,3045
Honduras,HND,1990,0.4877,2960
Honduras,HND,1991,0.4783,2993.124
Honduras,HND,1992,0.5121,3094.5478
Honduras,HND,1993,0.5234,3216.8805
Honduras,HND,1994,0.5698,3105.972
Honduras,HND,1995,0.6598,3163.8263
Honduras,HND,1996,0.6497,3210.2703
Honduras,HND,1997,0.6525,3303.2675
Honduras,HND,1998,0.7616,3332.9067
Honduras,HND,1999,0.7211,3215.1847
Honduras,HND,2000,0.7498,3335.7154
Honduras,HND,2001,0.8297,3365.233
Honduras,HND,2002,0.8468,3431.2512
Honduras,HND,2003,0.9311,3527.1218
Honduras,HND,2004,0.9878,3686.6669
Honduras,HND,2005,0.9158,3851.0554
Honduras,HND,2006,1.0055,4045.2976
Honduras,HND,2007,1.0509,4237.302
Honduras,HND,2008,1.0572,4358.7629
Honduras,HND,2009,0.974,4200.1605
Honduras,HND,2010,0.9486,4305.892
Honduras,HND,2011,1.0301,4421
Honduras,HND,2012,1.0524,4518
Honduras,HND,2013,1.0502,4561
Honduras,HND,2014,1.0395,4620
Honduras,HND,2015,1.0756,4706
Honduras,HND,2016,1.0024,4796
Honduras,HND,2017,0.9394,4941.2991
Honduras,HND,2018,1.0482,5041.6354
Hong Kong,HKG,1950,0.6681,4082
Hong Kong,HKG,1951,0.7566,3688
Hong Kong,HKG,1952,0.7139,3846
Hong Kong,HKG,1953,0.7683,3982
Hong Kong,HKG,1954,0.7625,4124
Hong Kong,HKG,1955,0.76,4280
Hong Kong,HKG,1956,0.8187,4450
Hong Kong,HKG,1957,0.872,4626
Hong Kong,HKG,1958,0.8395,4799
Hong Kong,HKG,1959,0.9194,4957
Hong Kong,HKG,1960,0.9693,5088
Hong Kong,HKG,1961,1.0724,5169
Hong Kong,HKG,1962,1.1397,5780
Hong Kong,HKG,1963,1.2821,6381
Hong Kong,HKG,1964,1.245,6664
Hong Kong,HKG,1965,1.3851,7414
Hong Kong,HKG,1966,1.4557,7412
Hong Kong,HKG,1967,1.6695,7474
Hong Kong,HKG,1968,1.6737,7696
Hong Kong,HKG,1969,2.0517,8534
Hong Kong,HKG,1970,2.1805,9250
Hong Kong,HKG,1971,2.3382,9787
Hong Kong,HKG,1972,2.334,10632
Hong Kong,HKG,1973,2.2999,11717
Hong Kong,HKG,1974,2.5929,11719
Hong Kong,HKG,1975,2.6154,11456
Hong Kong,HKG,1976,2.8871000000000002,12929
Hong Kong,HKG,1977,3.183,13986
Hong Kong,HKG,1978,3.4109,14689
Hong Kong,HKG,1979,3.3371,15903
Hong Kong,HKG,1980,3.4095,17086
Hong Kong,HKG,1981,3.7445,18301
Hong Kong,HKG,1982,3.8795,18527
Hong Kong,HKG,1983,4.0735,19349
Hong Kong,HKG,1984,4.2676,21042
Hong Kong,HKG,1985,4.3278,20883
Hong Kong,HKG,1986,4.7504,22823
Hong Kong,HKG,1987,5.1395,25414
Hong Kong,HKG,1988,5.2695,27063
Hong Kong,HKG,1989,5.3382,27377
Hong Kong,HKG,1990,4.7395,27960
Hong Kong,HKG,1991,4.9074,29008.6989
Hong Kong,HKG,1992,5.613,30202.5394
Hong Kong,HKG,1993,5.8664,31242.1989
Hong Kong,HKG,1994,5.1802,32219.3573
Hong Kong,HKG,1995,5.139,31941.9087
Hong Kong,HKG,1996,4.6735,32261.8037
Hong Kong,HKG,1997,4.8409,33385.8194
Hong Kong,HKG,1998,6.0659,30866.4285
Hong Kong,HKG,1999,6.5235,31134.1663
Hong Kong,HKG,2000,6.0976,32894.0108
Hong Kong,HKG,2001,5.6719,32734.2005
Hong Kong,HKG,2002,5.8917,33038.15
Hong Kong,HKG,2003,6.4244,33594.3163
Hong Kong,HKG,2004,6.1634,36052.9912
Hong Kong,HKG,2005,6.4599,38191.8984
Hong Kong,HKG,2006,6.1621,40172.8544
Hong Kong,HKG,2007,6.3702,42230.8863
Hong Kong,HKG,2008,6.2179,42635.4803
Hong Kong,HKG,2009,6.0046,41076.2343
Hong Kong,HKG,2010,5.7509,43170.5515
Hong Kong,HKG,2011,6.1584,44532
Hong Kong,HKG,2012,6.0654,44904
Hong Kong,HKG,2013,6.2503,46040
Hong Kong,HKG,2014,6.3762,47038
Hong Kong,HKG,2015,5.8993,47777
Hong Kong,HKG,2016,5.99,48330
Hong Kong,HKG,2017,5.8242,49918.6025
Hong Kong,HKG,2018,5.7976,50839.371400000004
Hungary,HUN,1870,0.3592,1741
Hungary,HUN,1890,0.7944,2348
Hungary,HUN,1900,1.3488,2681
Hungary,HUN,1910,1.5355,3188
Hungary,HUN,1913,1.69,3344
Hungary,HUN,1920,0.7035,2724
Hungary,HUN,1924,1.3748,3048
Hungary,HUN,1925,1.2262,3633
Hungary,HUN,1926,1.413,3446
Hungary,HUN,1927,1.5576,3566
Hungary,HUN,1928,1.6226,3849
Hungary,HUN,1929,1.769,3947
Hungary,HUN,1930,1.4534,3832
Hungary,HUN,1931,1.2895,3615
Hungary,HUN,1932,1.1682,3494
Hungary,HUN,1933,1.1366,3784
Hungary,HUN,1934,1.1926,3778
Hungary,HUN,1935,1.2407,3939
Hungary,HUN,1936,1.3232,4173
Hungary,HUN,1937,1.5039,4053
Hungary,HUN,1938,1.6193,4232
Hungary,HUN,1939,1.5742,4524
Hungary,HUN,1940,1.7171,4186
Hungary,HUN,1941,1.9309,4186
Hungary,HUN,1942,2.0337,4372
Hungary,HUN,1946,1.1631,2743
Hungary,HUN,1947,1.4899,2828
Hungary,HUN,1948,1.7627,3507
Hungary,HUN,1949,2.1923,3752
Hungary,HUN,1950,1.9694,3953
Hungary,HUN,1951,2.3401,4296
Hungary,HUN,1952,2.8348,4403
Hungary,HUN,1953,3.2773,4441
Hungary,HUN,1954,3.4814,4543
Hungary,HUN,1955,3.6328,4894
Hungary,HUN,1956,3.358,4632
Hungary,HUN,1957,3.8782,5051
Hungary,HUN,1958,3.9462,5367
Hungary,HUN,1959,4.2016,5553
Hungary,HUN,1960,4.5324,5816
Hungary,HUN,1961,4.8781,6083
Hungary,HUN,1962,5.0198,6315
Hungary,HUN,1963,5.5688,6644
Hungary,HUN,1964,6.1523,6994
Hungary,HUN,1965,6.0212,7029
Hungary,HUN,1966,6.0415,7406
Hungary,HUN,1967,5.7345,7801
Hungary,HUN,1968,5.9373,7865
Hungary,HUN,1969,6.037,8069
Hungary,HUN,1970,6.7465,8015
Hungary,HUN,1971,6.6554,8349
Hungary,HUN,1972,6.6508,8505
Hungary,HUN,1973,6.9793,8920
Hungary,HUN,1974,7.0551,9111
Hungary,HUN,1975,7.1482,9253
Hungary,HUN,1976,7.5479,9231
Hungary,HUN,1977,7.8038,9765
Hungary,HUN,1978,8.2261,9967
Hungary,HUN,1979,8.0097,9964
Hungary,HUN,1980,8.0534,10052
Hungary,HUN,1981,8.0354,10123
Hungary,HUN,1982,8.0816,10493
Hungary,HUN,1983,8.3283,10401
Hungary,HUN,1984,8.53,10696
Hungary,HUN,1985,8.1228,10452
Hungary,HUN,1986,7.9132,10678
Hungary,HUN,1987,8.0325,10861
Hungary,HUN,1988,7.4804,11207
Hungary,HUN,1989,7.2986,11003
Hungary,HUN,1990,7.0564,10296
Hungary,HUN,1991,6.7216,9255.9096
Hungary,HUN,1992,5.9935,9153.9208
Hungary,HUN,1993,6.1192,9294.464
Hungary,HUN,1994,5.9653,9772.2235
Hungary,HUN,1995,5.9319,10134.8339
Hungary,HUN,1996,6.0997,10359.1814
Hungary,HUN,1997,5.9779,10942.3259
Hungary,HUN,1998,5.95,11663.0285
Hungary,HUN,1999,6.0163,12316.724
Hungary,HUN,2000,5.7106,13129.2731
Hungary,HUN,2001,5.883,13933.5613
Hungary,HUN,2002,5.8034,14899.3063
Hungary,HUN,2003,6.0895,15829.8999
Hungary,HUN,2004,5.9451,16999.0055
Hungary,HUN,2005,5.9764,18140.6174
Hungary,HUN,2006,5.9311,19253.0631
Hungary,HUN,2007,5.8413,19763.7907
Hungary,HUN,2008,5.7295,20380.6318
Hungary,HUN,2009,5.168,19461.0703
Hungary,HUN,2010,5.245,20036.3347
Hungary,HUN,2011,5.072,20886
Hungary,HUN,2012,4.74,20631
Hungary,HUN,2013,4.4326,21126
Hungary,HUN,2014,4.4547,22040
Hungary,HUN,2015,4.7674,22788
Hungary,HUN,2016,4.8264,23279
Hungary,HUN,2017,5.0825,24349.9582
Hungary,HUN,2018,5.0897,25622.8123
Iceland,ISL,1950,5.1882,8498
Iceland,ISL,1951,4.4491,8080
Iceland,ISL,1952,5.2586,8823
Iceland,ISL,1953,6.0737,8886
Iceland,ISL,1954,5.0624,9446
Iceland,ISL,1955,5.7874,10096
Iceland,ISL,1956,5.887,10323
Iceland,ISL,1957,5.8478,10079
Iceland,ISL,1958,6.4832,10568
Iceland,ISL,1959,7.1986,10702
Iceland,ISL,1960,6.9055,10959
Iceland,ISL,1961,6.092,10728
Iceland,ISL,1962,6.5554,11435
Iceland,ISL,1963,7.0058,12366
Iceland,ISL,1964,6.9059,13386
Iceland,ISL,1965,7.2565,14100
Iceland,ISL,1966,7.6641,15058
Iceland,ISL,1967,7.3105,14642
Iceland,ISL,1968,7.9803,13648
Iceland,ISL,1969,6.2568,13880
Iceland,ISL,1970,6.7913,14830
Iceland,ISL,1971,7.1088,16606
Iceland,ISL,1972,7.0635,17366
Iceland,ISL,1973,8.2237,18277
Iceland,ISL,1974,8.0646,19054
Iceland,ISL,1975,7.3986,18935
Iceland,ISL,1976,7.7236,19877
Iceland,ISL,1977,8.5603,21465
Iceland,ISL,1978,8.5696,22579
Iceland,ISL,1979,8.7704,23443
Iceland,ISL,1980,8.1568,24528
Iceland,ISL,1981,7.5781,25284
Iceland,ISL,1982,6.8325,25477
Iceland,ISL,1983,6.5356,24605
Iceland,ISL,1984,7.5779,25357
Iceland,ISL,1985,6.7166,25990
Iceland,ISL,1986,7.286,27439
Iceland,ISL,1987,7.4682,29576
Iceland,ISL,1988,7.3717,28934
Iceland,ISL,1989,7.513,28652
Iceland,ISL,1990,8.7374,28760
Iceland,ISL,1991,8.1752,28258.0168
Iceland,ISL,1992,8.6678,26859.2819
Iceland,ISL,1993,9.1805,26833.8012
Iceland,ISL,1994,8.9186,27457.8069
Iceland,ISL,1995,9.2184,27235.8333
Iceland,ISL,1996,9.3379,28277.7871
Iceland,ISL,1997,9.6019,29939.1428
Iceland,ISL,1998,9.5809,31444.616
Iceland,ISL,1999,10.2221,32186.9311
Iceland,ISL,2000,10.4555,33108.291
Iceland,ISL,2001,10.1213,33794.4515
Iceland,ISL,2002,10.4836,33470.4948
Iceland,ISL,2003,10.3658,33920.7087
Iceland,ISL,2004,10.6805,36209.2439
Iceland,ISL,2005,10.0902,37884.057
Iceland,ISL,2006,10.5193,38707.2131
Iceland,ISL,2007,11.4558,41111.1543
Iceland,ISL,2008,12.2612,40810.2291
Iceland,ISL,2009,11.7943,37701.8511
Iceland,ISL,2010,11.3149,36272.687
Iceland,ISL,2011,10.8242,36740
Iceland,ISL,2012,10.7383,36990
Iceland,ISL,2013,10.6442,38258
Iceland,ISL,2014,10.5275,38563
Iceland,ISL,2015,10.7081,39727
Iceland,ISL,2016,10.4977,42085
Iceland,ISL,2017,10.7803,42978.2349
Iceland,ISL,2018,10.8799,43438.5412
India,IND,1861,0.002,896
India,IND,1884,0.0101,878
India,IND,1885,0.009,904
India,IND,1886,0.0101,874
India,IND,1887,0.0111,912
India,IND,1888,0.0122,918
India,IND,1889,0.0143,891
India,IND,1890,0.0156,931
India,IND,1891,0.0168,843
India,IND,1892,0.0184,910
India,IND,1893,0.0194,931
India,IND,1894,0.0196,944
India,IND,1895,0.0245,920
India,IND,1896,0.0264,850
India,IND,1897,0.0286,1004
India,IND,1898,0.0315,1004
India,IND,1899,0.0346,925
India,IND,1900,0.0409,955
India,IND,1901,0.045,969
India,IND,1902,0.0493,1044
India,IND,1903,0.0499,1052
India,IND,1904,0.0555,1050
India,IND,1905,0.0564,1025
India,IND,1906,0.0647,1047
India,IND,1907,0.0715,979
India,IND,1908,0.0813,987
India,IND,1909,0.0784,1116
India,IND,1910,0.0759,1111
India,IND,1911,0.0798,1101
India,IND,1912,0.0916,1098
India,IND,1913,0.1009,1073
India,IND,1914,0.1015,1130
India,IND,1915,0.106,1101
India,IND,1916,0.107,1132
India,IND,1917,0.1116,1111
India,IND,1918,0.1253,968
India,IND,1919,0.1364,1100
India,IND,1920,0.1102,1012
India,IND,1921,0.1178,1082
India,IND,1922,0.115,1117
India,IND,1923,0.1172,1070
India,IND,1924,0.1242,1111
India,IND,1925,0.1213,1113
India,IND,1926,0.1197,1137
India,IND,1927,0.1244,1125
India,IND,1928,0.1179,1125
India,IND,1929,0.1214,1160
India,IND,1930,0.122,1157
India,IND,1931,0.1104,1133
India,IND,1932,0.1014,1130
India,IND,1933,0.0981,1116
India,IND,1934,0.1081,1111
India,IND,1935,0.1114,1084
India,IND,1936,0.1079,1111
India,IND,1937,0.1179,1078
India,IND,1938,0.13,1065
India,IND,1939,0.126,1074
India,IND,1940,0.133,1093
India,IND,1941,0.136,1101
India,IND,1942,0.1363,1082
India,IND,1943,0.1197,1113
India,IND,1944,0.1233,1089
India,IND,1945,0.1377,1058
India,IND,1946,0.137,991
India,IND,1947,0.1406,985
India,IND,1948,0.1417,983
India,IND,1949,0.15,995
India,IND,1950,0.1626,987
India,IND,1951,0.1676,993
India,IND,1952,0.1736,1003
India,IND,1953,0.1739,1047
India,IND,1954,0.1801,1071
India,IND,1955,0.1924,1078
India,IND,1956,0.1958,1117
India,IND,1957,0.2157,1084
India,IND,1958,0.2213,1141
India,IND,1959,0.2299,1143
India,IND,1960,0.2474,1200
India,IND,1961,0.2622,1208
India,IND,1962,0.283,1208
India,IND,1963,0.2978,1242
India,IND,1964,0.2856,1309
India,IND,1965,0.3083,1229
India,IND,1966,0.313,1215
India,IND,1967,0.3069,1286
India,IND,1968,0.3278,1290
India,IND,1969,0.327,1347
India,IND,1970,0.3276,1384
India,IND,1971,0.3384,1364
India,IND,1972,0.3497,1329
India,IND,1973,0.3519,1360
India,IND,1974,0.3549,1344
India,IND,1975,0.3762,1430
India,IND,1976,0.3842,1417
India,IND,1977,0.3973,1494
India,IND,1978,0.3946,1540
India,IND,1979,0.4049,1427
India,IND,1980,0.4178,1495
India,IND,1981,0.4407,1557
India,IND,1982,0.4448,1570
India,IND,1983,0.4704,1663
India,IND,1984,0.4719,1690
India,IND,1985,0.5074,1720
India,IND,1986,0.5321,1755
India,IND,1987,0.556,1793
India,IND,1988,0.5877,1938
India,IND,1989,0.6327,2024
India,IND,1990,0.6625,2087
India,IND,1991,0.6911,2062.3102
India,IND,1992,0.7215,2115.2574
India,IND,1993,0.731,2176.4278
India,IND,1994,0.7582,2254.8989
India,IND,1995,0.7906,2355.9632
India,IND,1996,0.8407,2475.5681
India,IND,1997,0.8589,2514.0217
India,IND,1998,0.8609,2611.7814
India,IND,1999,0.9169,2707.7406
India,IND,2000,0.9265,2753.0855
India,IND,2001,0.9233,2837.8555
India,IND,2002,0.9357,2870.9236
India,IND,2003,0.9533,3035.9225
India,IND,2004,0.9963,3212.511
India,IND,2005,1.0334,3396.6487
India,IND,2006,1.0809,3629.4111
India,IND,2007,1.1479,3870.6989
India,IND,2008,1.2183,4030.6544
India,IND,2009,1.3244,4270.7078
India,IND,2010,1.3594,4525.7455
India,IND,2011,1.4238,4768
India,IND,2012,1.5513,4932
India,IND,2013,1.5903,5172
India,IND,2014,1.6871,5458
India,IND,2015,1.7315,5794
India,IND,2016,1.7986,6125
India,IND,2017,1.8181,6449.1134
India,IND,2018,1.922,6806.4986
Indonesia,IDN,1889,1e-4,1070
Indonesia,IDN,1890,4e-4,1030
Indonesia,IDN,1891,6e-4,1049
Indonesia,IDN,1892,0.0055,1081
Indonesia,IDN,1893,0.0115,1103
Indonesia,IDN,1894,0.0136,1106
Indonesia,IDN,1895,0.0215,1097
Indonesia,IDN,1896,0.0237,1092
Indonesia,IDN,1897,0.0301,1092
Indonesia,IDN,1898,0.0347,1084
Indonesia,IDN,1899,0.0299,1127
Indonesia,IDN,1900,0.0317,1151
Indonesia,IDN,1901,0.058,1121
Indonesia,IDN,1902,0.0393,1087
Indonesia,IDN,1903,0.0757,1135
Indonesia,IDN,1904,0.084,1138
Indonesia,IDN,1905,0.1019,1140
Indonesia,IDN,1906,0.1086,1157
Indonesia,IDN,1907,0.1277,1175
Indonesia,IDN,1908,0.1311,1160
Indonesia,IDN,1909,0.1414,1205
Indonesia,IDN,1910,0.1428,1264
Indonesia,IDN,1911,0.1556,1309
Indonesia,IDN,1912,0.1336,1315
Indonesia,IDN,1913,0.1336,1361
Indonesia,IDN,1914,0.1348,1345
Indonesia,IDN,1915,0.1337,1349
Indonesia,IDN,1916,0.1486,1344
Indonesia,IDN,1917,0.1558,1333
Indonesia,IDN,1918,0.1543,1358
Indonesia,IDN,1919,0.1635,1468
Indonesia,IDN,1920,0.1747,1409
Indonesia,IDN,1921,0.1829,1395
Indonesia,IDN,1922,0.1713,1417
Indonesia,IDN,1923,0.1956,1428
Indonesia,IDN,1924,0.2133,1486
Indonesia,IDN,1925,0.2206,1497
Indonesia,IDN,1926,0.2183,1565
Indonesia,IDN,1927,0.2505,1645
Indonesia,IDN,1928,0.2848,1685
Indonesia,IDN,1929,0.3517,1702
Indonesia,IDN,1930,0.3386,1704
Indonesia,IDN,1931,0.312,1568
Indonesia,IDN,1932,0.3019,1481
Indonesia,IDN,1933,0.3204,1470
Indonesia,IDN,1934,0.34,1465
Indonesia,IDN,1935,0.3484,1478
Indonesia,IDN,1936,0.3737,1543
Indonesia,IDN,1937,0.4287,1694
Indonesia,IDN,1938,0.4456,1655
Indonesia,IDN,1939,0.4796,1639
Indonesia,IDN,1940,0.4648,1766
Indonesia,IDN,1941,0.4218,1808
Indonesia,IDN,1949,0.3203,1159
Indonesia,IDN,1950,0.1414,1280
Indonesia,IDN,1951,0.1325,1356
Indonesia,IDN,1952,0.176,1401
Indonesia,IDN,1953,0.1772,1451
Indonesia,IDN,1954,0.1954,1517
Indonesia,IDN,1955,0.2697,1537
Indonesia,IDN,1956,0.2755,1533
Indonesia,IDN,1957,0.2761,1613
Indonesia,IDN,1958,0.2666,1530
Indonesia,IDN,1959,0.2792,1570
Indonesia,IDN,1960,0.2437,1613
Indonesia,IDN,1961,0.2886,1690
Indonesia,IDN,1962,0.2483,1653
Indonesia,IDN,1963,0.2396,1557
Indonesia,IDN,1964,0.2293,1583
Indonesia,IDN,1965,0.246,1567
Indonesia,IDN,1966,0.2269,1535
Indonesia,IDN,1967,0.2318,1470
Indonesia,IDN,1968,0.2534,1580
Indonesia,IDN,1969,0.2985,1739
Indonesia,IDN,1970,0.3118,1882
Indonesia,IDN,1971,0.3305,1946
Indonesia,IDN,1972,0.3579,2117
Indonesia,IDN,1973,0.3953,2375
Indonesia,IDN,1974,0.402,2439
Indonesia,IDN,1975,0.4127,2386
Indonesia,IDN,1976,0.4612,2536
Indonesia,IDN,1977,0.6004,2670
Indonesia,IDN,1978,0.668,2727
Indonesia,IDN,1979,0.6606,2810
Indonesia,IDN,1980,0.6434,2981
Indonesia,IDN,1981,0.6645,3119
Indonesia,IDN,1982,0.6835,2941
Indonesia,IDN,1983,0.6657,2994
Indonesia,IDN,1984,0.6962,3134
Indonesia,IDN,1985,0.737,3143
Indonesia,IDN,1986,0.7256,3269
Indonesia,IDN,1987,0.7215,3370
Indonesia,IDN,1988,0.7585,3500
Indonesia,IDN,1989,0.7389,3747
Indonesia,IDN,1990,0.8284,4007
Indonesia,IDN,1991,0.9785,4310.7779
Indonesia,IDN,1992,1.0844,4536.4099
Indonesia,IDN,1993,1.1515,4837.1313
Indonesia,IDN,1994,1.1492,5140.025
Indonesia,IDN,1995,1.1503,5494.9037
Indonesia,IDN,1996,1.276,5851.2955
Indonesia,IDN,1997,1.3841,6055.8485
Indonesia,IDN,1998,1.0498,5203.5794
Indonesia,IDN,1999,1.1694,5186.7134
Indonesia,IDN,2000,1.2989,5384.3867
Indonesia,IDN,2001,1.4147,5526.1473
Indonesia,IDN,2002,1.43,5720.2819
Indonesia,IDN,2003,1.5453,5938.8778
Indonesia,IDN,2004,1.5424,6180.91
Indonesia,IDN,2005,1.5422,6482.0121
Indonesia,IDN,2006,1.5119,6782.6245
Indonesia,IDN,2007,1.6708,7157.3132
Indonesia,IDN,2008,1.5556,7633.1658
Indonesia,IDN,2009,1.6845,7935.8443
Indonesia,IDN,2010,1.8688,8386.4332
Indonesia,IDN,2011,2.0593,8849
Indonesia,IDN,2012,2.0991,9285
Indonesia,IDN,2013,1.9701,9703
Indonesia,IDN,2014,1.9558,10090
Indonesia,IDN,2015,2.1343,10484
Indonesia,IDN,2016,2.1443,10911
Indonesia,IDN,2017,2.1733,11364.5533
Indonesia,IDN,2018,2.2972,11851.7372
Iran,IRN,1913,0.0798,1275
Iran,IRN,1950,4.9136,2742
Iran,IRN,1951,0.3947,2668
Iran,IRN,1952,0.2282,2597
Iran,IRN,1953,0.2084,2531
Iran,IRN,1954,0.0555,2464
Iran,IRN,1955,0.8196,2397
Iran,IRN,1956,1.1529,2541
Iran,IRN,1957,1.0745,2817
Iran,IRN,1958,1.2123,3057
Iran,IRN,1959,1.1976,3226
Iran,IRN,1960,1.7053,3437
Iran,IRN,1961,1.624,3622
Iran,IRN,1962,1.6223,3586
Iran,IRN,1963,1.7443,3867
Iran,IRN,1964,1.9549,4026
Iran,IRN,1965,2.1526,4388
Iran,IRN,1966,2.5017,4686
Iran,IRN,1967,2.5793,5062
Iran,IRN,1968,3.0456,5659
Iran,IRN,1969,2.9908,6212
Iran,IRN,1970,3.219,6677
Iran,IRN,1971,3.4707,7296
Iran,IRN,1972,3.525,8247
Iran,IRN,1973,4.1894,8706
Iran,IRN,1974,4.5232,9210
Iran,IRN,1975,4.2534,9377
Iran,IRN,1976,4.638,10665
Iran,IRN,1977,4.7045,10205
Iran,IRN,1978,4.5078,8710
Iran,IRN,1979,4.3769,7678
Iran,IRN,1980,3.1175,6334
Iran,IRN,1981,2.8108,5887
Iran,IRN,1982,3.2905,6535
Iran,IRN,1983,3.428,7108
Iran,IRN,1984,3.2957,6951
Iran,IRN,1985,3.3763,6853
Iran,IRN,1986,2.9964,5984
Iran,IRN,1987,3.0973,5713
Iran,IRN,1988,3.2998,5249
Iran,IRN,1989,3.4694,5303
Iran,IRN,1990,3.7246,5620
Iran,IRN,1991,3.9184,6380.5499
Iran,IRN,1992,3.8607,7036.3151
Iran,IRN,1993,3.9449,6914.7666
Iran,IRN,1994,4.3541,6884.7062
Iran,IRN,1995,4.4201,7093.7349
Iran,IRN,1996,4.3947,7746.409
Iran,IRN,1997,4.2297,8113.7242
Iran,IRN,1998,4.7756,8458.3864
Iran,IRN,1999,5.8564,8714.6266
Iran,IRN,2000,5.6253,9104.763
Iran,IRN,2001,5.9408,9620.6267
Iran,IRN,2002,5.9096,10467.3706
Iran,IRN,2003,6.0723,11502.8522
Iran,IRN,2004,6.4095,12404.3237
Iran,IRN,2005,6.644,13110.1423
Iran,IRN,2006,7.1382,14185.7533
Iran,IRN,2007,7.1865,15467.1074
Iran,IRN,2008,7.4132,15739.9839
Iran,IRN,2009,7.6658,16575.0711
Iran,IRN,2010,7.7244,17751.3308
Iran,IRN,2011,7.7355,18024
Iran,IRN,2012,7.9791,16745
Iran,IRN,2013,7.9785,16248
Iran,IRN,2014,8.2855,16493
Iran,IRN,2015,8.0088,16253
Iran,IRN,2016,8.0107,16783
Iran,IRN,2017,8.8288,17686.8048
Iran,IRN,2018,8.6449,17011.3042
Iraq,IRQ,1950,0.2882,2174
Iraq,IRQ,1951,0.4116,2303
Iraq,IRQ,1952,0.3231,2482
Iraq,IRQ,1953,0.4066,3394
Iraq,IRQ,1954,0.4792,3926
Iraq,IRQ,1955,0.6303,3663
Iraq,IRQ,1956,0.9622,3808
Iraq,IRQ,1957,0.8785,3666
Iraq,IRQ,1958,0.9589,3974
Iraq,IRQ,1959,1.0279,4022
Iraq,IRQ,1960,1.1326,4360
Iraq,IRQ,1961,1.1651,4720
Iraq,IRQ,1962,1.1755,4809
Iraq,IRQ,1963,1.1894,4578
Iraq,IRQ,1964,1.116,4965
Iraq,IRQ,1965,2.3034,5241
Iraq,IRQ,1966,3.1991,5338
Iraq,IRQ,1967,2.0534,5043
Iraq,IRQ,1968,2.1268,5745
Iraq,IRQ,1969,2.3578,5745
Iraq,IRQ,1970,2.4081,5536
Iraq,IRQ,1971,2.8113,5686
Iraq,IRQ,1972,2.785,5297
Iraq,IRQ,1973,2.7955,5982
Iraq,IRQ,1974,2.7324,6097
Iraq,IRQ,1975,2.8345,6878
Iraq,IRQ,1976,4.0382,8007
Iraq,IRQ,1977,3.501,7957
Iraq,IRQ,1978,3.2808,9075
Iraq,IRQ,1979,3.9839,10769
Iraq,IRQ,1980,3.3221,10165
Iraq,IRQ,1981,2.2715,8035
Iraq,IRQ,1982,2.1046,7704
Iraq,IRQ,1983,2.5963,6805
Iraq,IRQ,1984,2.6182,6593
Iraq,IRQ,1985,2.8412,6268
Iraq,IRQ,1986,2.9686,5992
Iraq,IRQ,1987,3.2099,6052
Iraq,IRQ,1988,4.0408,4635
Iraq,IRQ,1989,4.2508,4098
Iraq,IRQ,1990,2.8163,3918
Iraq,IRQ,1991,2.5258,1518.7421
Iraq,IRQ,1992,3.2,2046.1809
Iraq,IRQ,1993,3.3305,2132.3823
Iraq,IRQ,1994,3.6383,2108.538
Iraq,IRQ,1995,3.6767,1996.9278
Iraq,IRQ,1996,3.3336,2337.5227
Iraq,IRQ,1997,3.1754,2337.9479
Iraq,IRQ,1998,3.2604,2794.7865
Iraq,IRQ,1999,3.1436,3157.1125
Iraq,IRQ,2000,3.052,3649.4929
Iraq,IRQ,2001,3.4929,4147.6485
Iraq,IRQ,2002,3.4623,4631.6525
Iraq,IRQ,2003,3.5402,3782.4526
Iraq,IRQ,2004,4.3185,6061.5546
Iraq,IRQ,2005,4.1885,6441.4102
Iraq,IRQ,2006,3.5691,7117.6135
Iraq,IRQ,2007,2.1916,7587.6057
Iraq,IRQ,2008,3.2341,8587.2647
Iraq,IRQ,2009,3.5539,9268.7092
Iraq,IRQ,2010,3.7007,10274.3303
Iraq,IRQ,2011,4.4027,11484
Iraq,IRQ,2012,4.7919,12652
Iraq,IRQ,2013,4.9364,13158
Iraq,IRQ,2014,4.7992,12817
Iraq,IRQ,2015,4.6566,13014
Iraq,IRQ,2016,5.3089,13898
Iraq,IRQ,2017,5.6375,13211.2623
Iraq,IRQ,2018,5.4985,12835.8126
Ireland,IRL,1913,0.0517,4361
Ireland,IRL,1921,0.058,4038
Ireland,IRL,1924,1.8215,4095
Ireland,IRL,1925,1.7107,4101
Ireland,IRL,1926,2.3889,4100
Ireland,IRL,1927,2.0664,4229
Ireland,IRL,1928,2.0721,4363
Ireland,IRL,1929,3.2993,4501
Ireland,IRL,1930,3.2286,4618
Ireland,IRL,1931,3.3791,4737
Ireland,IRL,1932,2.2226,4599
Ireland,IRL,1933,3.2013,4463
Ireland,IRL,1934,3.2726,4594
Ireland,IRL,1935,3.2868,4728
Ireland,IRL,1936,3.4941,4865
Ireland,IRL,1937,3.5622,4713
Ireland,IRL,1938,3.4249,4865
Ireland,IRL,1939,3.9589,4865
Ireland,IRL,1940,3.9536,4865
Ireland,IRL,1941,2.8972,4865
Ireland,IRL,1942,2.4052,4865
Ireland,IRL,1943,2.4374,4865
Ireland,IRL,1944,2.1783,4865
Ireland,IRL,1945,2.3412,4812
Ireland,IRL,1946,2.8076,4865
Ireland,IRL,1947,3.018,4929
Ireland,IRL,1948,2.8919,5149
Ireland,IRL,1949,2.8601,5426
Ireland,IRL,1950,3.3392,5504
Ireland,IRL,1951,3.6073,5649
Ireland,IRL,1952,3.3069,5805
Ireland,IRL,1953,3.2866,5973
Ireland,IRL,1954,3.1467,6048
Ireland,IRL,1955,4.077,6248
Ireland,IRL,1956,3.8263,6212
Ireland,IRL,1957,3.428,6239
Ireland,IRL,1958,3.1801,6169
Ireland,IRL,1959,4.3955,6437
Ireland,IRL,1960,4.0011,6825
Ireland,IRL,1961,4.4298,7186
Ireland,IRL,1962,4.6937,7390
Ireland,IRL,1963,4.8006,7685
Ireland,IRL,1964,5.0551,7948
Ireland,IRL,1965,4.8581,8051
Ireland,IRL,1966,5.3251,8097
Ireland,IRL,1967,5.7599,8531
Ireland,IRL,1968,6.2227,9197
Ireland,IRL,1969,6.42,9706
Ireland,IRL,1970,6.6681,9881
Ireland,IRL,1971,7.6343,10128
Ireland,IRL,1972,7.3785,10621
Ireland,IRL,1973,7.5293,10946
Ireland,IRL,1974,7.5501,11225
Ireland,IRL,1975,7.0279,11662
Ireland,IRL,1976,6.9888,11639
Ireland,IRL,1977,7.2681,12425
Ireland,IRL,1978,7.158,13150
Ireland,IRL,1979,8.1995,13335
Ireland,IRL,1980,7.7617,13614
Ireland,IRL,1981,7.6158,13893
Ireland,IRL,1982,7.4024,14061
Ireland,IRL,1983,7.3944,13931
Ireland,IRL,1984,7.3029,14435
Ireland,IRL,1985,7.6189,14834
Ireland,IRL,1986,8.1191,14768
Ireland,IRL,1987,8.5972,15458
Ireland,IRL,1988,8.5086,16313
Ireland,IRL,1989,8.5656,17343
Ireland,IRL,1990,9.3833,18838
Ireland,IRL,1991,9.5726,19253.9435
Ireland,IRL,1992,9.4889,20032.7187
Ireland,IRL,1993,9.5056,20627.0786
Ireland,IRL,1994,9.7641,22004.8139
Ireland,IRL,1995,9.9806,24266.1422
Ireland,IRL,1996,10.3515,26562.909
Ireland,IRL,1997,10.6281,29455.9203
Ireland,IRL,1998,11.0386,31908.6479
Ireland,IRL,1999,11.3734,35377.1622
Ireland,IRL,2000,11.9607,38806.5014
Ireland,IRL,2001,12.3903,40966.333
Ireland,IRL,2002,11.7914,43012.8146
Ireland,IRL,2003,11.478,44372.7564
Ireland,IRL,2004,11.3761,47028.8647
Ireland,IRL,2005,11.6284,49223.3831
Ireland,IRL,2006,11.2522,51296.1944
Ireland,IRL,2007,11.0214,52322.2313
Ireland,IRL,2008,10.7265,49583.1415
Ireland,IRL,2009,9.3847,47375.7345
Ireland,IRL,2010,9.1767,48623.8105
Ireland,IRL,2011,8.298,48980
Ireland,IRL,2012,8.2987,48333
Ireland,IRL,2013,8.0798,48743
Ireland,IRL,2014,7.9771,52651
Ireland,IRL,2015,8.3156,54278
Ireland,IRL,2016,8.5514,56597
Ireland,IRL,2017,8.2329,60544.2773
Ireland,IRL,2018,8.134,64684.302
Israel,ISR,1950,1.3269,4490
Israel,ISR,1951,2.1693,5035
Israel,ISR,1952,2.548,4828
Israel,ISR,1953,2.6482,4638
Israel,ISR,1954,2.6843,5378
Israel,ISR,1955,2.8462,5899
Israel,ISR,1956,2.7122,6153
Israel,ISR,1957,2.8111,6363
Israel,ISR,1958,2.8989,6550
Israel,ISR,1959,2.8257,7175
Israel,ISR,1960,3.1352,7433
Israel,ISR,1961,3.2923,7964
Israel,ISR,1962,3.5504,8396
Israel,ISR,1963,3.5265,8915
Israel,ISR,1964,3.7886,9430
Israel,ISR,1965,5.1916,9997
Israel,ISR,1966,5.3079,9867
Israel,ISR,1967,5.1651,9918
Israel,ISR,1968,5.1529,11210
Israel,ISR,1969,5.4017,12310
Israel,ISR,1970,5.8852,12913
Israel,ISR,1971,5.5927,13885
Israel,ISR,1972,5.6369,15108
Israel,ISR,1973,6.2157,15374
Israel,ISR,1974,6.0518,15980
Israel,ISR,1975,5.9269,16176
Israel,ISR,1976,5.7563,16053
Israel,ISR,1977,5.6928,15721
Israel,ISR,1978,5.9206,16139
Israel,ISR,1979,5.7504,16761
Israel,ISR,1980,5.6701,17508
Israel,ISR,1981,5.5739,18103
Israel,ISR,1982,6.2153,18155
Israel,ISR,1983,6.0731,18468
Israel,ISR,1984,5.9202,18305
Israel,ISR,1985,6.0998,18605
Israel,ISR,1986,6.4256,19160
Israel,ISR,1987,6.4958,20196
Israel,ISR,1988,7.0024,20256
Israel,ISR,1989,7.2444,20091
Israel,ISR,1990,8.0534,20829
Israel,ISR,1991,7.8767,20912.9406
Israel,ISR,1992,8.8542,21531.5961
Israel,ISR,1993,8.9736,21484.9794
Israel,ISR,1994,9.2986,22128.8047
Israel,ISR,1995,9.4597,23378.1595
Israel,ISR,1996,9.5748,23979.9953
Israel,ISR,1997,9.8563,24226.7312
Israel,ISR,1998,9.8275,24506.1607
Israel,ISR,1999,9.4003,24644.2043
Israel,ISR,2000,10.0101,26058.8406
Israel,ISR,2001,10.3988,25427.3194
Israel,ISR,2002,9.6123,24823.5529
Israel,ISR,2003,9.9412,24545.245
Israel,ISR,2004,9.1736,25210.8788
Israel,ISR,2005,8.6568,25686.4057
Israel,ISR,2006,9.3028,26571.2554
Israel,ISR,2007,9.1717,27624.8831
Israel,ISR,2008,9.6826,27857.6187
Israel,ISR,2009,8.8819,27644.6975
Israel,ISR,2010,9.2952,28575.5315
Israel,ISR,2011,9.1617,29370
Israel,ISR,2012,9.8208,29517
Israel,ISR,2013,8.162,30257
Israel,ISR,2014,7.684,30686
Israel,ISR,2015,7.8931,30954
Israel,ISR,2016,7.5495,31701
Israel,ISR,2017,7.1415,32339.0925
Israel,ISR,2018,7.2238,32954.7701
Italy,ITA,1860,0.0011,2572.9098
Italy,ITA,1861,0.0256,2557.5492
Italy,ITA,1862,0.0465,2634.3525
Italy,ITA,1863,0.0403,2688.1148
Italy,ITA,1864,0.06,2642.0328
Italy,ITA,1865,0.0473,2780.2787
Italy,ITA,1866,0.0545,2588.2705
Italy,ITA,1867,0.053900000000000003,2611.3115
Italy,ITA,1868,0.0618,2626.6721
Italy,ITA,1869,0.0678,2695.7951
Italy,ITA,1870,0.0964,2826.3607
Italy,ITA,1871,0.0826,2811.12
Italy,ITA,1872,0.1058,2593
Italy,ITA,1873,0.098,2581
Italy,ITA,1874,0.1054,2715
Italy,ITA,1875,0.1073,2727
Italy,ITA,1876,0.1429,2662
Italy,ITA,1877,0.1316,2678
Italy,ITA,1878,0.1302,2745
Italy,ITA,1879,0.149,2753
Italy,ITA,1880,0.1723,2796
Italy,ITA,1881,0.2013,2880
Italy,ITA,1882,0.2105,2915
Italy,ITA,1883,0.2215,2942
Italy,ITA,1884,0.2436,2898
Italy,ITA,1885,0.2753,2941
Italy,ITA,1886,0.2718,3005
Italy,ITA,1887,0.329,3081
Italy,ITA,1888,0.3508,3065
Italy,ITA,1889,0.3599,2971
Italy,ITA,1890,0.3879,2974
Italy,ITA,1891,0.3473,3014
Italy,ITA,1892,0.3417,3017
Italy,ITA,1893,0.3283,3064
Italy,ITA,1894,0.4051,3081
Italy,ITA,1895,0.3707,3107
Italy,ITA,1896,0.3502,3153
Italy,ITA,1897,0.3632,3158
Italy,ITA,1898,0.3757,3145
Italy,ITA,1899,0.4091,3180
Italy,ITA,1900,0.4159,3264
Italy,ITA,1901,0.4014,3317
Italy,ITA,1902,0.4424,3371
Italy,ITA,1903,0.4476,3402
Italy,ITA,1904,0.4692,3461
Italy,ITA,1905,0.5131,3532
Italy,ITA,1906,0.6015,3652
Italy,ITA,1907,0.6453,3716
Italy,ITA,1908,0.6528,3795
Italy,ITA,1909,0.7164,3826
Italy,ITA,1910,0.7132,3829
Italy,ITA,1911,0.7322,3870
Italy,ITA,1912,0.7659,3875
Italy,ITA,1913,0.8223,4057
Italy,ITA,1914,0.746,3835
Italy,ITA,1915,0.6499,3642
Italy,ITA,1916,0.6413,3942
Italy,ITA,1917,0.4388,3955
Italy,ITA,1918,0.5154,3856
Italy,ITA,1919,0.5036,3701
Italy,ITA,1920,0.4812,3789
Italy,ITA,1921,0.5857,3660
Italy,ITA,1922,0.6828,3928
Italy,ITA,1923,0.7065,4248
Italy,ITA,1924,0.8403,4324
Italy,ITA,1925,0.8016,4580
Italy,ITA,1926,0.9197,4576
Italy,ITA,1927,1.0274,4454
Italy,ITA,1928,0.9621,4693
Italy,ITA,1929,1.1008,4889
Italy,ITA,1930,0.9805,4631
Italy,ITA,1931,0.84,4538
Italy,ITA,1932,0.6841,4602
Italy,ITA,1933,0.7366,4514
Italy,ITA,1934,0.9507,4466
Italy,ITA,1935,1.0787,4670
Italy,ITA,1936,0.7542,4471
Italy,ITA,1937,1.0561,4879
Italy,ITA,1938,1.0428,4981
Italy,ITA,1939,1.0609,5246
Italy,ITA,1940,1.1195,5099
Italy,ITA,1941,0.9726,4967
Italy,ITA,1942,0.9437,4661
Italy,ITA,1943,0.1593,3931
Italy,ITA,1944,0.0796,3162
Italy,ITA,1945,0.0963,2831
Italy,ITA,1946,0.4874,3805
Italy,ITA,1947,0.804,4498
Italy,ITA,1948,0.7719,4814
Italy,ITA,1949,0.8588,5188
Italy,ITA,1950,0.8891,5582
Italy,ITA,1951,1.0386,5958
Italy,ITA,1952,1.0682,6371
Italy,ITA,1953,1.173,6790
Italy,ITA,1954,1.3514,7092
Italy,ITA,1955,1.5158,7453
Italy,ITA,1956,1.7176,7745
Italy,ITA,1957,1.7825,8158
Italy,ITA,1958,1.7837,8544
Italy,ITA,1959,1.905,9011
Italy,ITA,1960,2.1972,9430
Italy,ITA,1961,2.4849,10158
Italy,ITA,1962,2.8994,10882
Italy,ITA,1963,3.2357,11576
Italy,ITA,1964,3.4272,11934
Italy,ITA,1965,3.6675,12111
Italy,ITA,1966,4.1101,12659
Italy,ITA,1967,4.4653,13476
Italy,ITA,1968,4.7197,14513
Italy,ITA,1969,5.0731,15248
Italy,ITA,1970,5.5376,15492
Italy,ITA,1971,5.772,15683
Italy,ITA,1972,6.0495,16035
Italy,ITA,1973,6.4693,16950
Italy,ITA,1974,6.5187,17607
Italy,ITA,1975,6.1712,17123
Italy,ITA,1976,6.5864,18147
Italy,ITA,1977,6.3541,18599
Italy,ITA,1978,6.6312,19230
Italy,ITA,1979,6.8578,20275
Italy,ITA,1980,6.8578,20959
Italy,ITA,1981,6.6418,21041
Italy,ITA,1982,6.4768,21123
Italy,ITA,1983,6.3139,21345
Italy,ITA,1984,6.4119,21868
Italy,ITA,1985,6.4806,22469
Italy,ITA,1986,6.3735,23106
Italy,ITA,1987,6.6675,23824
Italy,ITA,1988,6.7691,24743
Italy,ITA,1989,7.0972,25454
Italy,ITA,1990,7.7049,26003
Italy,ITA,1991,7.6915,26570.363
Italy,ITA,1992,7.6877,26960.6108
Italy,ITA,1993,7.5459,26902.3982
Italy,ITA,1994,7.4422,27668.258
Italy,ITA,1995,7.8676,28666.3523
Italy,ITA,1996,7.7811,29231.2756
Italy,ITA,1997,7.9038,29960.6998
Italy,ITA,1998,8.1411,30649.6291
Italy,ITA,1999,8.2326,31340.4814
Italy,ITA,2000,8.2991,32716.9801
Italy,ITA,2001,8.2738,33511.4333
Italy,ITA,2002,8.3593,33780.054
Italy,ITA,2003,8.6158,33917.7994
Italy,ITA,2004,8.6554,34472.1276
Italy,ITA,2005,8.6179,34872.1266
Italy,ITA,2006,8.4877,35713.8042
Italy,ITA,2007,8.351,36310.7349
Italy,ITA,2008,8.1277,35942.9393
Italy,ITA,2009,7.1861,34055.2256
Italy,ITA,2010,7.3519,34765.9379
Italy,ITA,2011,7.1201,35151
Italy,ITA,2012,6.7377,34068
Italy,ITA,2013,6.1468,33094
Italy,ITA,2014,5.7869,32829
Italy,ITA,2015,5.9642,33118
Italy,ITA,2016,5.9025,33419
Italy,ITA,2017,5.8155,34027.3374
Italy,ITA,2018,5.7568,34364.1682
Jamaica,JAM,1950,0.1933,2115
Jamaica,JAM,1951,0.362,2251
Jamaica,JAM,1952,0.3841,2397
Jamaica,JAM,1953,0.4112,2695
Jamaica,JAM,1954,0.5204,2962
Jamaica,JAM,1955,0.6393,3220
Jamaica,JAM,1956,0.8081,3491
Jamaica,JAM,1957,1.0181,3934
Jamaica,JAM,1958,0.8512,3918
Jamaica,JAM,1959,1.1426,4050
Jamaica,JAM,1960,0.9017,4230
Jamaica,JAM,1961,1.2888,4307
Jamaica,JAM,1962,1.2627,4339
Jamaica,JAM,1963,1.4061,4395
Jamaica,JAM,1964,2.3471,4629
Jamaica,JAM,1965,1.7014,4894
Jamaica,JAM,1966,1.9747,4988
Jamaica,JAM,1967,2.1428,5066
Jamaica,JAM,1968,2.1242,5235
Jamaica,JAM,1969,2.3069,5547
Jamaica,JAM,1970,2.6597,6135
Jamaica,JAM,1971,3.0181,6062
Jamaica,JAM,1972,3.2465,6150
Jamaica,JAM,1973,4.2148,6583
Jamaica,JAM,1974,3.8004,6229
Jamaica,JAM,1975,4.0338,6129
Jamaica,JAM,1976,3.5399,5681
Jamaica,JAM,1977,3.5759,5501
Jamaica,JAM,1978,4.3268,5482
Jamaica,JAM,1979,3.9992,5318
Jamaica,JAM,1980,3.9048,4975
Jamaica,JAM,1981,3.3722,5040
Jamaica,JAM,1982,2.7815,5019
Jamaica,JAM,1983,2.837,5117
Jamaica,JAM,1984,2.2289,5059
Jamaica,JAM,1985,2.1587,4814
Jamaica,JAM,1986,1.9283,4884
Jamaica,JAM,1987,2.2645,5254
Jamaica,JAM,1988,1.894,5397
Jamaica,JAM,1989,2.7977,5748
Jamaica,JAM,1990,3.1105,6035
Jamaica,JAM,1991,3.1775,6116.5833
Jamaica,JAM,1992,3.1323,6292.0289
Jamaica,JAM,1993,3.2202,6414.475
Jamaica,JAM,1994,3.2636,6517.0516
Jamaica,JAM,1995,3.6206,6656.2832
Jamaica,JAM,1996,3.7863,6648.9332
Jamaica,JAM,1997,3.8965,6523.6364
Jamaica,JAM,1998,3.7158,6432.653
Jamaica,JAM,1999,3.7825,6485.3228
Jamaica,JAM,2000,3.8852,6531.2848
Jamaica,JAM,2001,3.9542,6615.193
Jamaica,JAM,2002,3.7888,6660.763
Jamaica,JAM,2003,3.937,6908.6668
Jamaica,JAM,2004,3.8804,7004.9845
Jamaica,JAM,2005,3.8017,7073.7703
Jamaica,JAM,2006,4.2031,7286.9667
Jamaica,JAM,2007,3.8831,7402.1784
Jamaica,JAM,2008,3.875,7353.1071
Jamaica,JAM,2009,2.8377,7115.3731
Jamaica,JAM,2010,2.7317,7025.9302
Jamaica,JAM,2011,2.9214,7141
Jamaica,JAM,2012,2.7841,7053
Jamaica,JAM,2013,2.9707,7017
Jamaica,JAM,2014,2.6772,7005
Jamaica,JAM,2015,2.7656,7024
Jamaica,JAM,2016,2.8089,7084
Jamaica,JAM,2017,2.6696,7135.1796
Jamaica,JAM,2018,2.7391,7272.9805
Japan,JPN,1870,5e-4,1580
Japan,JPN,1874,0.0166,1607.49
Japan,JPN,1885,0.0877,1728.6805
Japan,JPN,1886,0.0936,1831.8822
Japan,JPN,1887,0.1152,1847.5295
Japan,JPN,1888,0.132,1723.5686
Japan,JPN,1889,0.1583,1754.5338
Japan,JPN,1890,0.1696,1853.5754
Japan,JPN,1891,0.202,1749.7371
Japan,JPN,1892,0.199,1841.7019
Japan,JPN,1893,0.2093,1832.4439
Japan,JPN,1894,0.2666,2016.4187
Japan,JPN,1895,0.2929,2021.8254
Japan,JPN,1896,0.3065,1904.4432
Japan,JPN,1897,0.3184,1904.511
Japan,JPN,1898,0.4017,2232.8545
Japan,JPN,1899,0.3983,2104.5572
Japan,JPN,1900,0.4431,2123.2506
Japan,JPN,1901,0.5257,2161.5148
Japan,JPN,1902,0.5572,2012.7671
Japan,JPN,1903,0.5695,2203.8716
Japan,JPN,1904,0.6343,2178.9911
Japan,JPN,1905,0.6461,2111.251
Japan,JPN,1906,0.7012,2328.9773
Japan,JPN,1907,0.74,2358.2205
Japan,JPN,1908,0.785,2356.9176
Japan,JPN,1909,0.7889,2333.2012
Japan,JPN,1910,0.8028,2316.9759
Japan,JPN,1911,0.8907,2399.7748
Japan,JPN,1912,0.9813,2419.7095
Japan,JPN,1913,1.0689,2430.625
Japan,JPN,1914,1.1283,2357.8039
Japan,JPN,1915,1.0156,2512.0648
Japan,JPN,1916,1.113,2829.2871
Japan,JPN,1917,1.2667,2940.6258
Japan,JPN,1918,1.3269,2973.488
Japan,JPN,1919,1.4507,3219.3054
Japan,JPN,1920,1.3434,2973.9623
Japan,JPN,1921,1.1924,3244.3521
Japan,JPN,1922,1.2577,3243.8301
Japan,JPN,1923,1.3179,3243.5498
Japan,JPN,1924,1.3585,3316.3572
Japan,JPN,1925,1.3846,3414.354
Japan,JPN,1926,1.3753,3358.5393
Japan,JPN,1927,1.4691,3346.8922
Japan,JPN,1928,1.4957,3554.1157
Japan,JPN,1929,1.5151,3665.0867
Japan,JPN,1930,1.3574,3334.1082
Japan,JPN,1931,1.2111,3320.8107
Japan,JPN,1932,1.1966,3529.2879
Japan,JPN,1933,1.3838,3786.8017
Japan,JPN,1934,1.5137,3755.6878
Japan,JPN,1935,1.571,3825.303
Japan,JPN,1936,1.7036,3985.5456
Japan,JPN,1937,1.8055,4074.9223
Japan,JPN,1938,1.8721,4256.8411
Japan,JPN,1939,1.7919,4803.7828
Japan,JPN,1940,2.1214,4882.3985
Japan,JPN,1941,2.1116,4986.24
Japan,JPN,1942,1.9912,4938.54
Japan,JPN,1943,2.0016,4825.65
Japan,JPN,1944,1.8181,4816.11
Japan,JPN,1945,0.9905,3677.67
Japan,JPN,1946,0.6719,2771.37
Japan,JPN,1947,0.8804,2710.95
Japan,JPN,1948,1.0921,2857.23
Japan,JPN,1949,1.2041,2866.77
Japan,JPN,1950,1.2384,3062
Japan,JPN,1951,1.4642,3389
Japan,JPN,1952,1.5224,3724
Japan,JPN,1953,1.678,3944
Japan,JPN,1954,1.6201,4116
Japan,JPN,1955,1.5938,4417
Japan,JPN,1956,1.7848,4699
Japan,JPN,1957,2.0677,4999
Japan,JPN,1958,1.9718,5243
Japan,JPN,1959,2.076,5665
Japan,JPN,1960,2.482,6354
Japan,JPN,1961,2.9905,7055
Japan,JPN,1962,3.068,7614
Japan,JPN,1963,3.37,8176
Japan,JPN,1964,3.6855,9035
Japan,JPN,1965,3.9257,9459
Japan,JPN,1966,4.2095,10370
Japan,JPN,1967,4.8532,11400
Japan,JPN,1968,5.5023,12725
Japan,JPN,1969,6.3115,14145
Japan,JPN,1970,7.3189,15484
Japan,JPN,1971,7.4844,16004
Japan,JPN,1972,7.8922,17110
Japan,JPN,1973,8.3473,18226
Japan,JPN,1974,8.2353,17765
Japan,JPN,1975,7.726,18082
Japan,JPN,1976,7.9799,18600
Japan,JPN,1977,8.1273,19230
Japan,JPN,1978,7.7804,20060
Japan,JPN,1979,8.1552,20982
Japan,JPN,1980,8.0198,21404
Japan,JPN,1981,7.8061,21924
Japan,JPN,1982,7.5031,22440
Japan,JPN,1983,7.3148,22805
Japan,JPN,1984,7.7323,23548
Japan,JPN,1985,7.4858,24437
Japan,JPN,1986,7.4465,24992
Japan,JPN,1987,7.3333,25904
Japan,JPN,1988,7.974,27393
Japan,JPN,1989,8.2355,28601
Japan,JPN,1990,9.3009,29949
Japan,JPN,1991,9.3628,30837.4307
Japan,JPN,1992,9.4102,30977.8145
Japan,JPN,1993,9.3259,30920.6593
Japan,JPN,1994,9.7362,31135.4272
Japan,JPN,1995,9.8098,31887.2776
Japan,JPN,1996,9.8823,32784.1582
Japan,JPN,1997,9.8097,33038.293
Japan,JPN,1998,9.4794,32558.1866
Japan,JPN,1999,9.7514,32394.5155
Japan,JPN,2000,9.9148,33210.8078
Japan,JPN,2001,9.7857,33246.3921
Japan,JPN,2002,10.0015,33195.4005
Japan,JPN,2003,10.0538,33619.9481
Japan,JPN,2004,10.0064,34313.5569
Japan,JPN,2005,10.0554,34857.7558
Japan,JPN,2006,9.8687,35333.1131
Japan,JPN,2007,10.1416,35892.7128
Japan,JPN,2008,9.5871,35496.2275
Japan,JPN,2009,9.0484000000000009,33590.0109
Japan,JPN,2010,9.4507,35011.4025
Japan,JPN,2011,9.8434,34979
Japan,JPN,2012,10.1695,35580
Japan,JPN,2013,10.251,36354
Japan,JPN,2014,9.8599,36537
Japan,JPN,2015,9.5589,37031
Japan,JPN,2016,9.4215,37465
Japan,JPN,2017,9.3184,38414.8618
Japan,JPN,2018,8.9893,38673.8081
Jordan,JOR,1950,0.3578,2651
Jordan,JOR,1951,0.3006,2702
Jordan,JOR,1952,0.337,2751
Jordan,JOR,1953,0.3484,2801
Jordan,JOR,1954,0.3921,2848
Jordan,JOR,1955,0.5574,2590
Jordan,JOR,1956,0.6184,3410
Jordan,JOR,1957,0.6343,3354
Jordan,JOR,1958,0.6285,3539
Jordan,JOR,1959,0.7401,3645
Jordan,JOR,1960,0.7964,3714
Jordan,JOR,1961,1.0035,4280
Jordan,JOR,1962,1.0359,4176
Jordan,JOR,1963,1.1607,4222
Jordan,JOR,1964,1.1256,4752
Jordan,JOR,1965,1.2103,5074
Jordan,JOR,1966,1.248,5000
Jordan,JOR,1967,1.0247,4876
Jordan,JOR,1968,1.0025,4262
Jordan,JOR,1969,1.0862,4420
Jordan,JOR,1970,0.9038,3818
Jordan,JOR,1971,0.9145,3771
Jordan,JOR,1972,1.0158,3754
Jordan,JOR,1973,1.1289,3806
Jordan,JOR,1974,1.1084,3995
Jordan,JOR,1975,1.2049,4117
Jordan,JOR,1976,1.3869,4935
Jordan,JOR,1977,1.4472,5072
Jordan,JOR,1978,1.6208,5926
Jordan,JOR,1979,1.6399,6247
Jordan,JOR,1980,1.9747,7141
Jordan,JOR,1981,2.3633,7176
Jordan,JOR,1982,2.4403,7401
Jordan,JOR,1983,2.7326,7262
Jordan,JOR,1984,2.9618,7599
Jordan,JOR,1985,2.9039,7578
Jordan,JOR,1986,3.0395,7973
Jordan,JOR,1987,3.0353,7911
Jordan,JOR,1988,2.818,7571
Jordan,JOR,1989,2.671,6540
Jordan,JOR,1990,2.938,6044
Jordan,JOR,1991,2.6337,5900.5093
Jordan,JOR,1992,3.0129,6456.1231
Jordan,JOR,1993,2.8024,6460.6628
Jordan,JOR,1994,3.0042,6538.1733
Jordan,JOR,1995,2.8783,6760.1085
Jordan,JOR,1996,2.9212,6783.229
Jordan,JOR,1997,2.9027,6942.459
Jordan,JOR,1998,2.8829,7120.4937
Jordan,JOR,1999,2.8353,7340.4937
Jordan,JOR,2000,2.9673,7621.8406
Jordan,JOR,2001,2.9919,7982.7407
Jordan,JOR,2002,3.088,8394.0551
Jordan,JOR,2003,3.1251,8669.6246
Jordan,JOR,2004,3.3459,9288.6166
Jordan,JOR,2005,3.5446,9860.8081
Jordan,JOR,2006,3.4259,10404.5617
Jordan,JOR,2007,3.4269,10938.8044
Jordan,JOR,2008,3.1599,11378.2563
Jordan,JOR,2009,3.0953,11651.2498
Jordan,JOR,2010,2.839,11601.0875
Jordan,JOR,2011,2.7723,11615
Jordan,JOR,2012,2.9436,11523
Jordan,JOR,2013,2.7953,11488
Jordan,JOR,2014,2.9034,11523
Jordan,JOR,2015,2.7579,11519
Jordan,JOR,2016,2.5481,11529
Jordan,JOR,2017,2.6121,11494.3767
Jordan,JOR,2018,2.5348,11506.3383
Kazakhstan,KAZ,1973,13.3055,12154
Kazakhstan,KAZ,1980,15.5327,11899
Kazakhstan,KAZ,1981,15.051,11604
Kazakhstan,KAZ,1982,15.1574,11322
Kazakhstan,KAZ,1983,15.1827,11735
Kazakhstan,KAZ,1984,15.1268,11553
Kazakhstan,KAZ,1985,16.1287,11545
Kazakhstan,KAZ,1986,16.2557,11576
Kazakhstan,KAZ,1987,15.9883,11389
Kazakhstan,KAZ,1988,16.8596,12256
Kazakhstan,KAZ,1989,16.1824,12153
Kazakhstan,KAZ,1990,17.1791,11888
Kazakhstan,KAZ,1991,16.5938,10557.1155
Kazakhstan,KAZ,1992,15.1669,10012.6112
Kazakhstan,KAZ,1993,13.5709,9173.6373
Kazakhstan,KAZ,1994,11.5875,8178.7908
Kazakhstan,KAZ,1995,11.2619,7674.0632
Kazakhstan,KAZ,1996,10.4876,7826.8577
Kazakhstan,KAZ,1997,10.0981,8093.796
Kazakhstan,KAZ,1998,9.8854,8088.648
Kazakhstan,KAZ,1999,8.321,8421.3481
Kazakhstan,KAZ,2000,9.9884,9309.4195
Kazakhstan,KAZ,2001,9.63,10589.1028
Kazakhstan,KAZ,2002,10.7529,11640.1801
Kazakhstan,KAZ,2003,11.8518,12726.2868
Kazakhstan,KAZ,2004,12.3637,13929.7298
Kazakhstan,KAZ,2005,13.1015,15233.8408
Kazakhstan,KAZ,2006,14.2194,16786.5548
Kazakhstan,KAZ,2007,14.4917,18181.0598
Kazakhstan,KAZ,2008,14.4161,18665.7653
Kazakhstan,KAZ,2009,13.907,18750.5403
Kazakhstan,KAZ,2010,15.3251,19964.5299
Kazakhstan,KAZ,2011,14.5331,21302
Kazakhstan,KAZ,2012,14.6755,22089
Kazakhstan,KAZ,2013,14.9023,23131
Kazakhstan,KAZ,2014,16.1266,23841
Kazakhstan,KAZ,2015,16.4228,23850
Kazakhstan,KAZ,2016,16.1902,23842
Kazakhstan,KAZ,2017,17.0303,24556.9112
Kazakhstan,KAZ,2018,17.3191,25307.5554
Kenya,KEN,1950,0.1495,1038
Kenya,KEN,1951,0.223,1229
Kenya,KEN,1952,0.2478,1063
Kenya,KEN,1953,0.2293,1009
Kenya,KEN,1954,0.2504,1095
Kenya,KEN,1955,0.2841,1144
Kenya,KEN,1956,0.3085,1173
Kenya,KEN,1957,0.3079,1176
Kenya,KEN,1958,0.2733,1156
Kenya,KEN,1959,0.2804,1148
Kenya,KEN,1960,0.2985,1157
Kenya,KEN,1961,0.2863,1093
Kenya,KEN,1962,0.3032,1117
Kenya,KEN,1963,0.3195,1138
Kenya,KEN,1964,0.3061,1208
Kenya,KEN,1965,0.2585,1184
Kenya,KEN,1966,0.272,1294
Kenya,KEN,1967,0.2649,1317
Kenya,KEN,1968,0.2671,1366
Kenya,KEN,1969,0.2866,1404
Kenya,KEN,1970,0.2724,1458
Kenya,KEN,1971,0.3141,1500
Kenya,KEN,1972,0.3183,1524
Kenya,KEN,1973,0.3106,1546
Kenya,KEN,1974,0.378,1564
Kenya,KEN,1975,0.366,1502
Kenya,KEN,1976,0.3261,1503
Kenya,KEN,1977,0.344,1580
Kenya,KEN,1978,0.3483,1656
Kenya,KEN,1979,0.3173,1651
Kenya,KEN,1980,0.3747,1675
Kenya,KEN,1981,0.3793,1647
Kenya,KEN,1982,0.2613,1680
Kenya,KEN,1983,0.2493,1627
Kenya,KEN,1984,0.2221,1594
Kenya,KEN,1985,0.1869,1604
Kenya,KEN,1986,0.1975,1658
Kenya,KEN,1987,0.2374,1698
Kenya,KEN,1988,0.2117,1741
Kenya,KEN,1989,0.2219,1761
Kenya,KEN,1990,0.2397,1780
Kenya,KEN,1991,0.192,1777.7838
Kenya,KEN,1992,0.2133,1724.8744
Kenya,KEN,1993,0.2378,1698.2541
Kenya,KEN,1994,0.2383,1729.7172
Kenya,KEN,1995,0.2667,1789.8945
Kenya,KEN,1996,0.3202,1851.2814
Kenya,KEN,1997,0.276,1846.3738
Kenya,KEN,1998,0.3271,1889.9731
Kenya,KEN,1999,0.3225,1920.8339
Kenya,KEN,2000,0.3251,1914.8864
Kenya,KEN,2001,0.2812,1972.3811
Kenya,KEN,2002,0.2317,1961.8949
Kenya,KEN,2003,0.1899,1997.7768
Kenya,KEN,2004,0.2088,2066.2102
Kenya,KEN,2005,0.2277,2157.8416
Kenya,KEN,2006,0.248,2255.2586
Kenya,KEN,2007,0.2465,2380.7763
Kenya,KEN,2008,0.2491,2357.2325
Kenya,KEN,2009,0.2926,2404.6296
Kenya,KEN,2010,0.2794,2579.5309
Kenya,KEN,2011,0.2994,2712
Kenya,KEN,2012,0.2703,2765
Kenya,KEN,2013,0.2805,2854
Kenya,KEN,2014,0.2949,2942
Kenya,KEN,2015,0.3405,3046
Kenya,KEN,2016,0.3498,3169
Kenya,KEN,2017,0.325,3249.8771
Kenya,KEN,2018,0.3506,3377.4704
Kuwait,KWT,1950,2.5128,46031
Kuwait,KWT,1951,0.742,47464
Kuwait,KWT,1954,8.0582,52920
Kuwait,KWT,1955,10.1524,51417
Kuwait,KWT,1956,5.4228,52404
Kuwait,KWT,1957,10.7297,50126
Kuwait,KWT,1958,16.6489,47671
Kuwait,KWT,1959,15.6492,47131
Kuwait,KWT,1960,28.9823,45929
Kuwait,KWT,1961,33.1804,41622
Kuwait,KWT,1962,42.3263,42150
Kuwait,KWT,1963,44.9153,40377
Kuwait,KWT,1964,59.7183,40333
Kuwait,KWT,1965,74.975,37511
Kuwait,KWT,1966,67.1353,38335
Kuwait,KWT,1967,44.0444,35720
Kuwait,KWT,1968,36.5759,35546
Kuwait,KWT,1969,38.9123,33415
Kuwait,KWT,1970,33.6109,48927
Kuwait,KWT,1971,33.9543,49302
Kuwait,KWT,1972,32.4115,48283
Kuwait,KWT,1973,26.7465,42542
Kuwait,KWT,1974,20.0796,34962
Kuwait,KWT,1975,16.4554,28950
Kuwait,KWT,1976,16.9968,28956
Kuwait,KWT,1977,14.9114,26168
Kuwait,KWT,1978,17.1328,26363
Kuwait,KWT,1979,13.6008,28174
Kuwait,KWT,1980,17.9853,21154
Kuwait,KWT,1981,17.4661,16402
Kuwait,KWT,1982,13.989,13845
Kuwait,KWT,1983,13.6598,14292
Kuwait,KWT,1984,17.1203,14384
Kuwait,KWT,1985,16.7525,13015
Kuwait,KWT,1986,19.2273,13509
Kuwait,KWT,1987,16.1832,12416
Kuwait,KWT,1988,16.1315,12317
Kuwait,KWT,1989,17.0928,12701
Kuwait,KWT,1990,18.0433,9757
Kuwait,KWT,1991,7.3433,6310.9068
Kuwait,KWT,1992,15.503,12965.0669
Kuwait,KWT,1993,27.7159,19955.3143
Kuwait,KWT,1994,33.2825,24532.4135
Kuwait,KWT,1995,33.993,27552.961
Kuwait,KWT,1996,30.681,29612.6601
Kuwait,KWT,1997,31.9664,31511.1913
Kuwait,KWT,1998,28.1578,33331.2986
Kuwait,KWT,1999,27.5781,33351.195
Kuwait,KWT,2000,26.1037,35844.7475
Kuwait,KWT,2001,27.3314,37225.8694
Kuwait,KWT,2002,27.1321,39943.1482
Kuwait,KWT,2003,27.583,48809.7128
Kuwait,KWT,2004,28.6794,55911.7936
Kuwait,KWT,2005,31.3478,62959.6014
Kuwait,KWT,2006,30.9183,68546.1429
Kuwait,KWT,2007,29.902,73096.871
Kuwait,KWT,2008,30.9853,75138.1197
Kuwait,KWT,2009,30.8237,70072.7294
Kuwait,KWT,2010,29.8381,68865.3096
Kuwait,KWT,2011,27.2289,77126
Kuwait,KWT,2012,29.8831,78801
Kuwait,KWT,2013,23.1694,75256
Kuwait,KWT,2014,20.4505,72508
Kuwait,KWT,2015,23.8162,71354
Kuwait,KWT,2016,25.4896,71010
Kuwait,KWT,2017,23.4572,66010.1354
Kuwait,KWT,2018,23.1008,65520.7367
Kyrgyzstan,KGZ,1973,5.103,5941
Kyrgyzstan,KGZ,1980,5.6747,5848
Kyrgyzstan,KGZ,1981,5.4572,5789
Kyrgyzstan,KGZ,1982,5.4479,5726
Kyrgyzstan,KGZ,1983,5.413,5992
Kyrgyzstan,KGZ,1984,5.3488,5952
Kyrgyzstan,KGZ,1985,5.6508,5616
Kyrgyzstan,KGZ,1986,5.5282,5413
Kyrgyzstan,KGZ,1987,5.2244,5241
Kyrgyzstan,KGZ,1988,5.1219,5679
Kyrgyzstan,KGZ,1989,4.882,5719
Kyrgyzstan,KGZ,1990,4.4293,5742
Kyrgyzstan,KGZ,1991,3.6207,5161.9041
Kyrgyzstan,KGZ,1992,2.4877,4362.1127
Kyrgyzstan,KGZ,1993,1.8962,3764.9421
Kyrgyzstan,KGZ,1994,1.3603,2993.8278
Kyrgyzstan,KGZ,1995,0.9881,2776.0303
Kyrgyzstan,KGZ,1996,1.2235,2901.5542
Kyrgyzstan,KGZ,1997,1.1847,3114.675
Kyrgyzstan,KGZ,1998,1.2356,3105.961
Kyrgyzstan,KGZ,1999,0.9563,3144.4612
Kyrgyzstan,KGZ,2000,0.9353,3246.3831
Kyrgyzstan,KGZ,2001,0.7781,3357.993
Kyrgyzstan,KGZ,2002,0.9859,3299.246
Kyrgyzstan,KGZ,2003,1.0734,3464.8201
Kyrgyzstan,KGZ,2004,1.1526,3632.1471
Kyrgyzstan,KGZ,2005,1.0865,3554.1857
Kyrgyzstan,KGZ,2006,1.0575,3594.5652
Kyrgyzstan,KGZ,2007,1.2574,3831.4948
Kyrgyzstan,KGZ,2008,1.4362,4046.7208
Kyrgyzstan,KGZ,2009,1.2628,4075.8339
Kyrgyzstan,KGZ,2010,1.1644,3977.6489
Kyrgyzstan,KGZ,2011,1.3689,4142
Kyrgyzstan,KGZ,2012,1.7786,4104
Kyrgyzstan,KGZ,2013,1.6852,4509
Kyrgyzstan,KGZ,2014,1.7273,4644
Kyrgyzstan,KGZ,2015,1.7249,4754
Kyrgyzstan,KGZ,2016,1.588,4879
Kyrgyzstan,KGZ,2017,1.5103,5055.9154
Kyrgyzstan,KGZ,2018,1.8556,5176.9883
Laos,LAO,1955,0.0136,738
Laos,LAO,1956,0.0303,744
Laos,LAO,1957,0.0296,751
Laos,LAO,1958,0.0362,759
Laos,LAO,1959,0.0371,765
Laos,LAO,1960,0.038,771
Laos,LAO,1961,0.0523,779
Laos,LAO,1962,0.0594,787
Laos,LAO,1963,0.0645,794
Laos,LAO,1964,0.074,802
Laos,LAO,1965,0.0754,810
Laos,LAO,1966,0.0961,818
Laos,LAO,1967,0.1277,826
Laos,LAO,1968,0.0659,834
Laos,LAO,1969,0.1216,842
Laos,LAO,1970,0.2126,850
Laos,LAO,1971,0.1525,875
Laos,LAO,1972,0.1715,886
Laos,LAO,1973,0.177,944
Laos,LAO,1974,0.098,958
Laos,LAO,1975,0.0828,999
Laos,LAO,1976,0.0721,1023
Laos,LAO,1977,0.0736,993
Laos,LAO,1978,0.0728,991
Laos,LAO,1979,0.0697,966
Laos,LAO,1980,0.0574,1054
Laos,LAO,1981,0.0452,1199
Laos,LAO,1982,0.0463,1256
Laos,LAO,1983,0.0514,1283
Laos,LAO,1984,0.0511,1344
Laos,LAO,1985,0.0556,1382
Laos,LAO,1986,0.055,1409
Laos,LAO,1987,0.0544,1350
Laos,LAO,1988,0.0529,1286
Laos,LAO,1989,0.0558,1428
Laos,LAO,1990,0.1205,1481
Laos,LAO,1991,0.1247,1512.4799
Laos,LAO,1992,0.1317,1563.9057
Laos,LAO,1993,0.1315,1622.5545
Laos,LAO,1994,0.1339,1718.1159
Laos,LAO,1995,0.1384,1801.544
Laos,LAO,1996,0.1515,1899.8959
Laos,LAO,1997,0.1569,2002.236
Laos,LAO,1998,0.1594,2050.8838
Laos,LAO,1999,0.1616,2167.7796
Laos,LAO,2000,0.1804,2262.2356
Laos,LAO,2001,0.1964,2365.1033
Laos,LAO,2002,0.2122,2486.9892
Laos,LAO,2003,0.2189,2625.3482
Laos,LAO,2004,0.2265,2784.6801
Laos,LAO,2005,0.2325,2948.6996
Laos,LAO,2006,0.3006,2896.1355
Laos,LAO,2007,0.3087,3389.3641
Laos,LAO,2008,0.3525,3614.4768
Laos,LAO,2009,0.4338,3843.8297
Laos,LAO,2010,0.4808,4114.0103
Laos,LAO,2011,0.4994,4401
Laos,LAO,2012,0.5273,4670
Laos,LAO,2013,0.6514,4961
Laos,LAO,2014,0.6702,5251
Laos,LAO,2015,1.3696,5559
Laos,LAO,2016,2.1627,5859
Laos,LAO,2017,2.6839,6166.2762
Laos,LAO,2018,2.7649,6450.9066
Latvia,LVA,1973,7.508,12506
Latvia,LVA,1980,9.231,13739
Latvia,LVA,1981,9.0268,13970
Latvia,LVA,1982,9.1624,14190
Latvia,LVA,1983,9.2574,14376
Latvia,LVA,1984,9.2933,14682
Latvia,LVA,1985,9.9531,14273
Latvia,LVA,1986,9.03,14539
Latvia,LVA,1987,7.3252,14360
Latvia,LVA,1988,7.0832,14875
Latvia,LVA,1989,6.7077,15661
Latvia,LVA,1990,7.3792,15806
Latvia,LVA,1991,6.7642,13774.934
Latvia,LVA,1992,5.4168,9411.195
Latvia,LVA,1993,4.616,8439.3303
Latvia,LVA,1994,4.0769,8704.2662
Latvia,LVA,1995,3.6412,8709.0701
Latvia,LVA,1996,3.7161,8947.2681
Latvia,LVA,1997,3.538,9773.4995
Latvia,LVA,1998,3.4173,10429.7666
Latvia,LVA,1999,3.2049,10707.7057
Latvia,LVA,2000,2.9702,11309.7404
Latvia,LVA,2001,3.1782,12103.8282
Latvia,LVA,2002,3.2241,13015.4745
Latvia,LVA,2003,3.3506,14142.1245
Latvia,LVA,2004,3.3924,15371.1813
Latvia,LVA,2005,3.4683,17069.6572
Latvia,LVA,2006,3.7347,19128.6892
Latvia,LVA,2007,3.9294,21042.3665
Latvia,LVA,2008,3.7757,20342.1983
Latvia,LVA,2009,3.4764,17582.1117
Latvia,LVA,2010,4.0372,17140.2265
Latvia,LVA,2011,3.7308,18428
Latvia,LVA,2012,3.6343,19405
Latvia,LVA,2013,3.6032,20129
Latvia,LVA,2014,3.5483,20751
Latvia,LVA,2015,3.6353,21488
Latvia,LVA,2016,3.6522,22092
Latvia,LVA,2017,3.6979,23132.7978
Latvia,LVA,2018,4.0755,24312.6778
Lebanon,LBN,1950,1.133,3872
Lebanon,LBN,1951,1.0728,5150
Lebanon,LBN,1952,0.8437,5327
Lebanon,LBN,1953,0.8699,5968
Lebanon,LBN,1954,0.8817,6668
Lebanon,LBN,1955,1.0582,7010
Lebanon,LBN,1956,1.19,6663
Lebanon,LBN,1957,1.2609,6599
Lebanon,LBN,1958,1.1707,5510
Lebanon,LBN,1959,1.4012,5818
Lebanon,LBN,1960,1.4272,5812
Lebanon,LBN,1961,1.4365,6027
Lebanon,LBN,1962,1.4807,6089
Lebanon,LBN,1963,1.5228,5973
Lebanon,LBN,1964,1.5976,6156
Lebanon,LBN,1965,1.5829,6572
Lebanon,LBN,1966,1.6956,6811
Lebanon,LBN,1967,1.6391,6295
Lebanon,LBN,1968,1.6706,6876
Lebanon,LBN,1969,1.9303,6824
Lebanon,LBN,1970,1.7153,7084
Lebanon,LBN,1971,2.2517,7533
Lebanon,LBN,1972,2.3382,8228
Lebanon,LBN,1973,2.8473,8397
Lebanon,LBN,1974,2.794,8383
Lebanon,LBN,1975,2.4323,5742
Lebanon,LBN,1976,2.2816,2442
Lebanon,LBN,1977,2.07,4417
Lebanon,LBN,1978,2.1161,4218
Lebanon,LBN,1979,2.2329,4536
Lebanon,LBN,1980,2.275,4608
Lebanon,LBN,1981,2.2527,4549
Lebanon,LBN,1982,2.1946,2823
Lebanon,LBN,1983,2.6476,3402
Lebanon,LBN,1984,2.5447,4828
Lebanon,LBN,1985,2.928,5895
Lebanon,LBN,1986,2.8105,5400
Lebanon,LBN,1987,2.875,6202
Lebanon,LBN,1988,2.7361,4385
Lebanon,LBN,1989,2.8318,2488
Lebanon,LBN,1990,2.807,3086
Lebanon,LBN,1991,2.7775,4326.2994
Lebanon,LBN,1992,3.1621,4618.0054
Lebanon,LBN,1993,3.1899,5053.2803
Lebanon,LBN,1994,3.2647,5585.667
Lebanon,LBN,1995,3.4732,6095.397
Lebanon,LBN,1996,3.532,6567.4006
Lebanon,LBN,1997,4.1271,6581.0531
Lebanon,LBN,1998,4.4095,6994.1569
Lebanon,LBN,1999,4.3839,7147.5548
Lebanon,LBN,2000,4.0248,7405.707
Lebanon,LBN,2001,4.1109,7836.8266
Lebanon,LBN,2002,3.884,8248.1002
Lebanon,LBN,2003,4.2223,8671.1878
Lebanon,LBN,2004,3.766,9491.6107
Lebanon,LBN,2005,3.5435,9933.0819
Lebanon,LBN,2006,3.1078,10236.8683
Lebanon,LBN,2007,2.8834,11276.5067
Lebanon,LBN,2008,3.6556,12479.1077
Lebanon,LBN,2009,4.3543,14039.3462
Lebanon,LBN,2010,4.0372,15622.3671
Lebanon,LBN,2011,3.8954,16230
Lebanon,LBN,2012,4.0328,16315
Lebanon,LBN,2013,3.7482,15055
Lebanon,LBN,2014,3.832,13416
Lebanon,LBN,2015,3.9394,12953
Lebanon,LBN,2016,3.9469,12972
Lebanon,LBN,2017,4.1026,12880.7816
Lebanon,LBN,2018,3.8708,12558.9669
Lesotho,LSO,1990,0.8645,1882
Lesotho,LSO,1991,0.8768,1853.543
Lesotho,LSO,1992,0.8902,1914.6238
Lesotho,LSO,1993,0.8968,1903.6762
Lesotho,LSO,1994,0.8996,1924.0947
Lesotho,LSO,1995,0.8993,1888.699
Lesotho,LSO,1996,0.8979,1931.6608
Lesotho,LSO,1997,0.8992,1940.3106
Lesotho,LSO,1998,0.9025,1922.6794
Lesotho,LSO,1999,0.9034,1923.9032
Lesotho,LSO,2000,0.9102,1967.4333
Lesotho,LSO,2001,0.9215,1997.3576
Lesotho,LSO,2002,0.9386,1959.0279
Lesotho,LSO,2003,0.9567,2003.0899
Lesotho,LSO,2004,0.9882,2004.0602
Lesotho,LSO,2005,1.0077,2013.8078
Lesotho,LSO,2006,1.0237,2056.3297
Lesotho,LSO,2007,1.0437,2106.8401
Lesotho,LSO,2008,1.0694,2177.8574
Lesotho,LSO,2009,1.1139,2199.3949
Lesotho,LSO,2010,1.1402,2313.8821
Lesotho,LSO,2011,1.5287,2346
Lesotho,LSO,2012,1.5347,2456
Lesotho,LSO,2013,1.1506,2559
Lesotho,LSO,2014,1.2103,2644
Lesotho,LSO,2015,1.0891,2710
Lesotho,LSO,2016,1.0665,2767
Lesotho,LSO,2017,1.1737,2720.6535
Lesotho,LSO,2018,1.2252,2731.4661
Liberia,LBR,1950,0.0512,3151
Liberia,LBR,1951,0.0466,3257
Liberia,LBR,1952,0.0573,3277
Liberia,LBR,1953,0.0601,3325
Liberia,LBR,1954,0.1034,3427
Liberia,LBR,1955,0.058,3454
Liberia,LBR,1956,0.0462,3494
Liberia,LBR,1957,0.0801,3537
Liberia,LBR,1958,0.1502,3545
Liberia,LBR,1959,0.1304,3655
Liberia,LBR,1960,0.1474,3674
Liberia,LBR,1961,0.1411,3663
Liberia,LBR,1962,0.2167,3612
Liberia,LBR,1963,0.2982,3598
Liberia,LBR,1964,0.3971,3679
Liberia,LBR,1965,0.4473,3639
Liberia,LBR,1966,0.4805,4208
Liberia,LBR,1967,0.4696,4065
Liberia,LBR,1968,0.6618,4136
Liberia,LBR,1969,0.9302,4309
Liberia,LBR,1970,1.0356,4457
Liberia,LBR,1971,1.0606,4544
Liberia,LBR,1972,1.021,4568
Liberia,LBR,1973,0.9772,4603
Liberia,LBR,1974,1.1063,4616
Liberia,LBR,1975,0.927,4326
Liberia,LBR,1976,0.8966,4415
Liberia,LBR,1977,0.8695,4339
Liberia,LBR,1978,0.8634,4463
Liberia,LBR,1979,1.0823,4546
Liberia,LBR,1980,1.0996,4138
Liberia,LBR,1981,1.0084,3862
Liberia,LBR,1982,0.3003,3813
Liberia,LBR,1983,0.3434,3572
Liberia,LBR,1984,0.3293,3443
Liberia,LBR,1985,0.3337,3269
Liberia,LBR,1986,0.3349,3129
Liberia,LBR,1987,0.3522,3084
Liberia,LBR,1988,0.3792,3070
Liberia,LBR,1989,0.3131,3054
Liberia,LBR,1990,0.225,1690
Liberia,LBR,1991,0.1818,1568.4043
Liberia,LBR,1992,0.1938,915.1206
Liberia,LBR,1993,0.2148,560.333
Liberia,LBR,1994,0.2127,418.1216
Liberia,LBR,1995,0.2071,377.5801
Liberia,LBR,1996,0.2012,391.0859
Liberia,LBR,1997,0.195,701.7854
Liberia,LBR,1998,0.1923,772.6765
Liberia,LBR,1999,0.1448,848.4212
Liberia,LBR,2000,0.1477,971.933
Liberia,LBR,2001,0.1512,1097.2496
Liberia,LBR,2002,0.144,1342.7588
Liberia,LBR,2003,0.1521,851.911
Liberia,LBR,2004,0.1743,760.8758
Liberia,LBR,2005,0.2033,755.2236
Liberia,LBR,2006,0.2021,769.293
Liberia,LBR,2007,0.1816,768.207
Liberia,LBR,2008,0.1481,811.158
Liberia,LBR,2009,0.1264,838.452
Liberia,LBR,2010,0.1954,854.235
Liberia,LBR,2011,0.212,820
Liberia,LBR,2012,0.2328,853
Liberia,LBR,2013,0.2067,900
Liberia,LBR,2014,0.2733,884
Liberia,LBR,2015,0.2691,865
Liberia,LBR,2016,0.296,829
Liberia,LBR,2017,0.2619,828.6107
Liberia,LBR,2018,0.2252,818.4211
Libya,LBY,1950,0.1271,620
Libya,LBY,1951,0.1475,668
Libya,LBY,1952,0.1417,697
Libya,LBY,1953,0.2098,685
Libya,LBY,1954,0.2473,662
Libya,LBY,1955,0.3442,807
Libya,LBY,1956,0.2577,950
Libya,LBY,1957,0.2365,958
Libya,LBY,1958,0.2591,1020
Libya,LBY,1959,0.3085,1063
Libya,LBY,1960,0.4781,1323
Libya,LBY,1961,0.7973,1400
Libya,LBY,1962,0.6757,1788
Libya,LBY,1963,0.9096,2322
Libya,LBY,1964,0.3976,3156
Libya,LBY,1965,0.5855,3889
Libya,LBY,1966,1.4565,4417
Libya,LBY,1967,9.8422,4733
Libya,LBY,1968,15.3731,6071
Libya,LBY,1969,17.3803,6539
Libya,LBY,1970,15.1416,6591
Libya,LBY,1971,9.7069,6008
Libya,LBY,1972,6.5392,6237
Libya,LBY,1973,5.9961,6005
Libya,LBY,1974,3.6807,6923
Libya,LBY,1975,4.3735,6872
Libya,LBY,1976,6.4936,8142
Libya,LBY,1977,7.0484,8682
Libya,LBY,1978,7.1013,8730
Libya,LBY,1979,8.3722,9086
Libya,LBY,1980,8.3183,8741
Libya,LBY,1981,8.5633,6760
Libya,LBY,1982,8.782,6661
Libya,LBY,1983,8.3399,6237
Libya,LBY,1984,7.5469,5695
Libya,LBY,1985,8.0031,6092
Libya,LBY,1986,8.4853,5370
Libya,LBY,1987,7.8712,4465
Libya,LBY,1988,8.5679,4670
Libya,LBY,1989,8.563,4873
Libya,LBY,1990,8.23,4921
Libya,LBY,1991,9.3789,5977.3369
Libya,LBY,1992,7.9607,6113.3535
Libya,LBY,1993,8.1403,6190.6814
Libya,LBY,1994,9.0121,6645.0766
Libya,LBY,1995,9.2325,6898.9524
Libya,LBY,1996,8.8389,7543.9354
Libya,LBY,1997,8.8914,8422.2147
Libya,LBY,1998,8.8146,8545.4807
Libya,LBY,1999,8.5397,9064.0673
Libya,LBY,2000,8.8682,9770.9804
Libya,LBY,2001,8.9033,10354.4826
Libya,LBY,2002,8.7119,10787.6747
Libya,LBY,2003,8.8023,12870.5745
Libya,LBY,2004,8.8665,14193.259
Libya,LBY,2005,9.828,16538.5566
Libya,LBY,2006,9.0465,18657.0617
Libya,LBY,2007,8.3647,20731.7178
Libya,LBY,2008,8.8452,25140.5988
Libya,LBY,2009,8.6602,26403.788
Libya,LBY,2010,9.7864,29157.1421
Libya,LBY,2011,7.8772,12893
Libya,LBY,2012,8.2165,29766
Libya,LBY,2013,6.6316,13326
Libya,LBY,2014,11.2213,9736
Libya,LBY,2015,9.0652,8514
Libya,LBY,2016,8.2384,8096
Libya,LBY,2017,8.2664,13008.4454
Libya,LBY,2018,7.99,15013.3124
Lithuania,LTU,1973,8.8023,12103
Lithuania,LTU,1980,10.6194,12734
Lithuania,LTU,1981,10.3624,13190
Lithuania,LTU,1982,10.4851,13654
Lithuania,LTU,1983,10.5686,13718
Lithuania,LTU,1984,10.5888,13796
Lithuania,LTU,1985,11.3158,13287
Lithuania,LTU,1986,9.9875,13667
Lithuania,LTU,1987,9.9156,13831
Lithuania,LTU,1988,9.9108,14851
Lithuania,LTU,1989,9.9527,14693
Lithuania,LTU,1990,9.6773,13809
Lithuania,LTU,1991,10.2368,12999.3089
Lithuania,LTU,1992,5.7486,10240.9392
Lithuania,LTU,1993,4.4553,8621.0965
Lithuania,LTU,1994,4.3301,7830.0051
Lithuania,LTU,1995,4.1613,8299.4699
Lithuania,LTU,1996,4.3769,8793.7008
Lithuania,LTU,1997,4.2449,9592.6397
Lithuania,LTU,1998,4.5091,10382.1174
Lithuania,LTU,1999,3.8204,10336.3952
Lithuania,LTU,2000,3.3915,10806.8739
Lithuania,LTU,2001,3.6351,11606.7289
Lithuania,LTU,2002,3.6865,12490.6212
Lithuania,LTU,2003,3.7174,13917.5077
Lithuania,LTU,2004,3.9298,14995.767
Lithuania,LTU,2005,4.2214,16417.9484
Lithuania,LTU,2006,4.3696,17916.0592
Lithuania,LTU,2007,4.8555,20138.4724
Lithuania,LTU,2008,4.7318,20879.8025
Lithuania,LTU,2009,4.1178,17983.349
Lithuania,LTU,2010,4.4641,18663.7609
Lithuania,LTU,2011,4.6354,20243
Lithuania,LTU,2012,4.7102,21303
Lithuania,LTU,2013,4.4384,22274
Lithuania,LTU,2014,4.4108,23252
Lithuania,LTU,2015,4.543,23889
Lithuania,LTU,2016,4.6205,24743
Lithuania,LTU,2017,4.7697,26157.2057
Lithuania,LTU,2018,4.8893,27370.5548
Luxembourg,LUX,1950,25.064,13378
Luxembourg,LUX,1951,30.2737,12337
Luxembourg,LUX,1952,31.3902,13162
Luxembourg,LUX,1953,28.7017,13256
Luxembourg,LUX,1954,28.9406,13238
Luxembourg,LUX,1955,32.3815,13818
Luxembourg,LUX,1956,33.7803,14343
Luxembourg,LUX,1957,35.1221,14961
Luxembourg,LUX,1958,32.509,15093
Luxembourg,LUX,1959,33.3729,15382
Luxembourg,LUX,1960,36.5808,15870
Luxembourg,LUX,1961,36.4827,16349
Luxembourg,LUX,1962,35.986,16370
Luxembourg,LUX,1963,35.289,16766
Luxembourg,LUX,1964,37.5597,17864
Luxembourg,LUX,1965,36.9303,18002
Luxembourg,LUX,1966,34.9264,18084
Luxembourg,LUX,1967,33.9592,18066
Luxembourg,LUX,1968,36.5036,18774
Luxembourg,LUX,1969,39.0506,20516
Luxembourg,LUX,1970,40.4371,20763
Luxembourg,LUX,1971,38.5528,21117
Luxembourg,LUX,1972,39.0989,22236
Luxembourg,LUX,1973,40.7129,23820
Luxembourg,LUX,1974,41.0719,24503
Luxembourg,LUX,1975,33.5153,22643
Luxembourg,LUX,1976,33.2669,23100
Luxembourg,LUX,1977,30.5155,23417
Luxembourg,LUX,1978,32.9036,24331
Luxembourg,LUX,1979,33.5235,24836
Luxembourg,LUX,1980,30.4179,24951
Luxembourg,LUX,1981,26.0047,25136
Luxembourg,LUX,1982,24.4432,25005
Luxembourg,LUX,1983,22.8963,25738
Luxembourg,LUX,1984,24.6154,27303
Luxembourg,LUX,1985,25.1766,28032
Luxembourg,LUX,1986,24.7141,30051
Luxembourg,LUX,1987,23.7479,30533
Luxembourg,LUX,1988,24.3232,33351
Luxembourg,LUX,1989,26.0682,36442
Luxembourg,LUX,1990,30.969,36706
Luxembourg,LUX,1991,32.2064,39198.299
Luxembourg,LUX,1992,31.1952,39231.5935
Luxembourg,LUX,1993,31.135,40179.4945
Luxembourg,LUX,1994,28.6815,40990.7128
Luxembourg,LUX,1995,22.4227,40838.5646
Luxembourg,LUX,1996,22.2262,40687.903
Luxembourg,LUX,1997,20.3676,42311.343
Luxembourg,LUX,1998,18.0259,44142.5603
Luxembourg,LUX,1999,18.8466,47061.1111
Luxembourg,LUX,2000,19.972,50063.8241
Luxembourg,LUX,2001,20.9167,50527.6639
Luxembourg,LUX,2002,22.4994,51709.7359
Luxembourg,LUX,2003,23.3814,51717.0331
Luxembourg,LUX,2004,26.1805,52624.1625
Luxembourg,LUX,2005,26.3996,53262.0939
Luxembourg,LUX,2006,25.6002,54920.81
Luxembourg,LUX,2007,23.8294,58369.7015
Luxembourg,LUX,2008,23.04,56383.1908
Luxembourg,LUX,2009,21.4251,52731.3895
Luxembourg,LUX,2010,22.0663,54086.3373
Luxembourg,LUX,2011,21.379,54031
Luxembourg,LUX,2012,20.4692,52562
Luxembourg,LUX,2013,19.0222,53411
Luxembourg,LUX,2014,17.7382,55102
Luxembourg,LUX,2015,16.4943,55972
Luxembourg,LUX,2016,15.697,57006
Luxembourg,LUX,2017,15.6464,56779.5514
Luxembourg,LUX,2018,15.8354,57427.5003
Madagascar,MDG,1950,0.0745,1516
Madagascar,MDG,1951,0.0589,1549
Madagascar,MDG,1952,0.0723,1581
Madagascar,MDG,1953,0.0581,1613
Madagascar,MDG,1954,0.0651,1645
Madagascar,MDG,1955,0.0669,1677
Madagascar,MDG,1956,0.0686,1709
Madagascar,MDG,1957,0.0663,1741
Madagascar,MDG,1958,0.0768,1773
Madagascar,MDG,1959,0.075,1804
Madagascar,MDG,1960,0.0783,1793
Madagascar,MDG,1961,0.068,1795
Madagascar,MDG,1962,0.0739,1800
Madagascar,MDG,1963,0.0841,1747
Madagascar,MDG,1964,0.0859,1779
Madagascar,MDG,1965,0.0965,1734
Madagascar,MDG,1966,0.0978,1733
Madagascar,MDG,1967,0.1387,1790
Madagascar,MDG,1968,0.1463,1871
Madagascar,MDG,1969,0.1327,1900
Madagascar,MDG,1970,0.1476,1954
Madagascar,MDG,1971,0.1518,1986
Madagascar,MDG,1972,0.1851,1916
Madagascar,MDG,1973,0.1503,1824
Madagascar,MDG,1974,0.1616,1816
Madagascar,MDG,1975,0.224,1795
Madagascar,MDG,1976,0.1276,1694
Madagascar,MDG,1977,0.1057,1691
Madagascar,MDG,1978,0.1236,1604
Madagascar,MDG,1979,0.1334,1714
Madagascar,MDG,1980,0.1852,1680
Madagascar,MDG,1981,0.1142,1492
Madagascar,MDG,1982,0.1097,1423
Madagascar,MDG,1983,0.0684,1395
Madagascar,MDG,1984,0.0886,1305
Madagascar,MDG,1985,0.1046,1296
Madagascar,MDG,1986,0.1098,1267
Madagascar,MDG,1987,0.1204,1258
Madagascar,MDG,1988,0.1174,1240
Madagascar,MDG,1989,0.0822,1251
Madagascar,MDG,1990,0.0802,1262
Madagascar,MDG,1991,0.0846,1160.6705
Madagascar,MDG,1992,0.0797,1152.6461
Madagascar,MDG,1993,0.0794,1154.1895
Madagascar,MDG,1994,0.0955,1132.1718
Madagascar,MDG,1995,0.0956,1129.8485
Madagascar,MDG,1996,0.0964,1132.4437
Madagascar,MDG,1997,0.1131,1152.1546
Madagascar,MDG,1998,0.1155,1174.2272
Madagascar,MDG,1999,0.1189,1206.8938
Madagascar,MDG,2000,0.1184,1238.7764
Madagascar,MDG,2001,0.1067,1290.1064
Madagascar,MDG,2002,0.0735,1110.8217
Madagascar,MDG,2003,0.0973,1198.4433
Madagascar,MDG,2004,0.1005,1239.897
Madagascar,MDG,2005,0.0942,1276.4868
Madagascar,MDG,2006,0.0883,1322.4795
Madagascar,MDG,2007,0.0887,1384.185
Madagascar,MDG,2008,0.089,1458.7853
Madagascar,MDG,2009,0.083,1367.6863
Madagascar,MDG,2010,0.0885,1349.6198
Madagascar,MDG,2011,0.1095,1347
Madagascar,MDG,2012,0.123,1351
Madagascar,MDG,2013,0.14,1345
Madagascar,MDG,2014,0.134,1354
Madagascar,MDG,2015,0.1333,1360
Madagascar,MDG,2016,0.1307,1381
Madagascar,MDG,2017,0.1612,1399.5761
Madagascar,MDG,2018,0.1587,1427.6004
Malawi,MWI,1950,0.0794,516
Malawi,MWI,1951,0.0859,529
Malawi,MWI,1952,0.0947,540
Malawi,MWI,1953,0.1011,553
Malawi,MWI,1954,0.1089,566
Malawi,MWI,1955,0.1257,564
Malawi,MWI,1956,0.1341,599
Malawi,MWI,1957,0.135,610
Malawi,MWI,1958,0.1179,618
Malawi,MWI,1959,0.1286,626
Malawi,MWI,1960,0.1198,628
Malawi,MWI,1961,0.0996,644
Malawi,MWI,1962,0.0939,626
Malawi,MWI,1963,0.0881,599
Malawi,MWI,1964,0.0817,572
Malawi,MWI,1965,0.0842,633
Malawi,MWI,1966,0.1011,679
Malawi,MWI,1967,0.0842,725
Malawi,MWI,1968,0.0869,697
Malawi,MWI,1969,0.0831,722
Malawi,MWI,1970,0.0965,713
Malawi,MWI,1971,0.1039,794
Malawi,MWI,1972,0.11,851
Malawi,MWI,1973,0.1122,896
Malawi,MWI,1974,0.1049,928
Malawi,MWI,1975,0.1074,934
Malawi,MWI,1976,0.1049,942
Malawi,MWI,1977,0.1112,961
Malawi,MWI,1978,0.1133,1015
Malawi,MWI,1979,0.1045,1030
Malawi,MWI,1980,0.1133,1004
Malawi,MWI,1981,0.0938,925
Malawi,MWI,1982,0.0901,904
Malawi,MWI,1983,0.0848,913
Malawi,MWI,1984,0.0794,925
Malawi,MWI,1985,0.0761,966
Malawi,MWI,1986,0.0715,936
Malawi,MWI,1987,0.0664,905
Malawi,MWI,1988,0.0622,872
Malawi,MWI,1989,0.0615,864
Malawi,MWI,1990,0.0787,861
Malawi,MWI,1991,0.0819,899.9751
Malawi,MWI,1992,0.0811,802.9305
Malawi,MWI,1993,0.0906,865.7632
Malawi,MWI,1994,0.0927,791.5501
Malawi,MWI,1995,0.0921,906.879
Malawi,MWI,1996,0.0903,972.8214
Malawi,MWI,1997,0.0923,1005.8521
Malawi,MWI,1998,0.0875,986.0287
Malawi,MWI,1999,0.085,989.8359
Malawi,MWI,2000,0.0776,967.0872
Malawi,MWI,2001,0.0692,899.2305
Malawi,MWI,2002,0.0722,886.1978
Malawi,MWI,2003,0.0753,905.7955
Malawi,MWI,2004,0.0742,922.7613
Malawi,MWI,2005,0.0717,920.0499
Malawi,MWI,2006,0.0707,929.4762
Malawi,MWI,2007,0.0727,982.3916
Malawi,MWI,2008,0.0792,1017.8208
Malawi,MWI,2009,0.0774,1061.9495
Malawi,MWI,2010,0.0705,1091.5876
Malawi,MWI,2011,0.0762,1102
Malawi,MWI,2012,0.0735,1085
Malawi,MWI,2013,0.0734,1104
Malawi,MWI,2014,0.0627,1129
Malawi,MWI,2015,0.0669,1124
Malawi,MWI,2016,0.0759,1112
Malawi,MWI,2017,0.0772,1118.7711
Malawi,MWI,2018,0.0865,1116.6402
Malaysia,MYS,1900,0.0275,817.743
Malaysia,MYS,1901,0.0217,950.5307
Malaysia,MYS,1902,0.0228,1018.3575
Malaysia,MYS,1903,0.0222,881.7486
Malaysia,MYS,1904,0.0139,822.5196
Malaysia,MYS,1905,0.0166,863.5978
Malaysia,MYS,1906,0.0147,794.8156
Malaysia,MYS,1907,0.0345,852.1341
Malaysia,MYS,1908,0.035,983.9665
Malaysia,MYS,1909,0.063,919.0056
Malaysia,MYS,1910,0.0856,1073.7654
Malaysia,MYS,1912,0.0064,1093.8268
Malaysia,MYS,1913,0.0214,1288.7095
Malaysia,MYS,1914,0.0494,1445.3799
Malaysia,MYS,1915,0.0678,1541.8659
Malaysia,MYS,1916,0.178,1389.0168
Malaysia,MYS,1917,0.2072,1718.5978
Malaysia,MYS,1918,0.2087,1795.0223
Malaysia,MYS,1919,0.2346,1877.1788
Malaysia,MYS,1920,0.3315,1786.4246
Malaysia,MYS,1921,0.4134,2172.3687
Malaysia,MYS,1922,0.5733,2404.5084
Malaysia,MYS,1923,0.7229,2052
Malaysia,MYS,1924,0.6862,2044.3575
Malaysia,MYS,1925,0.794,1732.9274
Malaysia,MYS,1926,0.891,2179.0559
Malaysia,MYS,1927,0.8661,2049.1341
Malaysia,MYS,1928,0.9548,2537.2961
Malaysia,MYS,1929,1.0099,3220.3408
Malaysia,MYS,1930,0.882,3147.7374
Malaysia,MYS,1931,0.6368,3072.2682
Malaysia,MYS,1932,0.4135,2792.3631
Malaysia,MYS,1933,0.3587,2790.4525
Malaysia,MYS,1934,0.3828,2805.7374
Malaysia,MYS,1935,0.3908,2688.2346
Malaysia,MYS,1936,0.434,2906.0447
Malaysia,MYS,1937,0.4867,3162.067
Malaysia,MYS,1938,0.3888,2515.324
Malaysia,MYS,1939,0.3395,2565
Malaysia,MYS,1940,0.502,2037
Malaysia,MYS,1941,0.419,1973
Malaysia,MYS,1942,0.1243,2667
Malaysia,MYS,1947,0.1187,1704
Malaysia,MYS,1948,0.2028,1889
Malaysia,MYS,1949,0.2039,2440
Malaysia,MYS,1950,0.5983,2485
Malaysia,MYS,1951,0.8324,2295
Malaysia,MYS,1952,0.9878,2345
Malaysia,MYS,1953,0.9788,2295
Malaysia,MYS,1954,1.0245,2375
Malaysia,MYS,1955,1.0555,2327
Malaysia,MYS,1956,1.0437,2399
Malaysia,MYS,1957,0.4711,2319
Malaysia,MYS,1958,0.4991,2252
Malaysia,MYS,1959,0.4024,2338
Malaysia,MYS,1960,0.5151,2439
Malaysia,MYS,1961,0.5565,2538
Malaysia,MYS,1962,0.5495,2609
Malaysia,MYS,1963,0.6494,2660
Malaysia,MYS,1964,0.7996,2754
Malaysia,MYS,1965,0.8797,2876
Malaysia,MYS,1966,1.0045,2942
Malaysia,MYS,1967,1.0081,2917
Malaysia,MYS,1968,1.0226,3096
Malaysia,MYS,1969,0.8662,3196
Malaysia,MYS,1970,1.35,3314
Malaysia,MYS,1971,1.5062,3475
Malaysia,MYS,1972,1.5807,3649
Malaysia,MYS,1973,1.51,4081
Malaysia,MYS,1974,1.6043,4285
Malaysia,MYS,1975,1.5988,4221
Malaysia,MYS,1976,1.9166,4638
Malaysia,MYS,1977,1.7686,4903
Malaysia,MYS,1978,1.7725,5214
Malaysia,MYS,1979,2.0287,5510
Malaysia,MYS,1980,2.0316,5829
Malaysia,MYS,1981,2.1846,6095
Malaysia,MYS,1982,2.1174,6303
Malaysia,MYS,1983,2.5675,6529
Malaysia,MYS,1984,2.2903,6867
Malaysia,MYS,1985,2.329,6626
Malaysia,MYS,1986,2.4995,6543
Malaysia,MYS,1987,2.4741,6723
Malaysia,MYS,1988,2.5184,7144
Malaysia,MYS,1989,2.8572,7634
Malaysia,MYS,1990,3.01,8179
Malaysia,MYS,1991,3.5521,8781.2089
Malaysia,MYS,1992,3.8395,9383.9322
Malaysia,MYS,1993,4.4506,10131.9293
Malaysia,MYS,1994,4.5367,10867.2561
Malaysia,MYS,1995,5.5611,11725.0925
Malaysia,MYS,1996,5.3975,12668.6683
Malaysia,MYS,1997,5.6618,13344.5706
Malaysia,MYS,1998,5.1657,12129.6358
Malaysia,MYS,1999,4.7787,12636.6072
Malaysia,MYS,2000,5.4411,13474.7015
Malaysia,MYS,2001,5.6513,13307.2149
Malaysia,MYS,2002,5.5815,13809.8721
Malaysia,MYS,2003,6.3372,14362.1557
Malaysia,MYS,2004,6.7923,15087.2514
Malaysia,MYS,2005,7.0583,15651.118
Malaysia,MYS,2006,6.8234,16353.9241
Malaysia,MYS,2007,6.8283,17209.5846
Malaysia,MYS,2008,7.4161,17865.6409
Malaysia,MYS,2009,7.2368,17430.4446
Malaysia,MYS,2010,7.6551,18574.2996
Malaysia,MYS,2011,7.5737,19390
Malaysia,MYS,2012,7.4037,20134
Malaysia,MYS,2013,8.2286,20760
Malaysia,MYS,2014,8.1975,21683
Malaysia,MYS,2015,7.659,22432
Malaysia,MYS,2016,8.1657,23053
Malaysia,MYS,2017,8.0554,24041.1138
Malaysia,MYS,2018,8.6345,24842.3559
Mali,MLI,1959,0.0092,845
Mali,MLI,1960,0.023,851
Mali,MLI,1961,0.022,840
Mali,MLI,1962,0.0259,827
Mali,MLI,1963,0.0323,866
Mali,MLI,1964,0.032,888
Mali,MLI,1965,0.0355,881
Mali,MLI,1966,0.0338,899
Mali,MLI,1967,0.0392,910
Mali,MLI,1968,0.0342,923
Mali,MLI,1969,0.0275,899
Mali,MLI,1970,0.0339,934
Mali,MLI,1971,0.0376,945
Mali,MLI,1972,0.0399,971
Mali,MLI,1973,0.0427,926
Mali,MLI,1974,0.0477,883
Mali,MLI,1975,0.0525,982
Mali,MLI,1976,0.0516,1090
Mali,MLI,1977,0.0616,1148
Mali,MLI,1978,0.0578,1101
Mali,MLI,1979,0.0615,1345
Mali,MLI,1980,0.0552,1168
Mali,MLI,1981,0.0546,1111
Mali,MLI,1982,0.0494,1030
Mali,MLI,1983,0.0552,1057
Mali,MLI,1984,0.0565,1084
Mali,MLI,1985,0.0518,1089
Mali,MLI,1986,0.0477,1138
Mali,MLI,1987,0.0443,1138
Mali,MLI,1988,0.0469,1116
Mali,MLI,1989,0.0501,1205
Mali,MLI,1990,0.05,1191
Mali,MLI,1991,0.0493,1186.7577000000001
Mali,MLI,1992,0.0523,1115.406
Mali,MLI,1993,0.0553,1115.1002
Mali,MLI,1994,0.0587,1111.7854
Mali,MLI,1995,0.0621,1100.2432
Mali,MLI,1996,0.0657,1130.5097
Mali,MLI,1997,0.072,1160.9517
Mali,MLI,1998,0.0902,1167.4326
Mali,MLI,1999,0.0912,1192.3168
Mali,MLI,2000,0.0974,1153.0461
Mali,MLI,2001,0.103,1309.2558
Mali,MLI,2002,0.1041,1321.3388
Mali,MLI,2003,0.104,1391.2635
Mali,MLI,2004,0.1137,1366.9831
Mali,MLI,2005,0.1139,1414.7927
Mali,MLI,2006,0.1163,1438.2079
Mali,MLI,2007,0.131,1441.2059
Mali,MLI,2008,0.1386,1460.496
Mali,MLI,2009,0.1294,1477.4184
Mali,MLI,2010,0.1388,1504.9956
Mali,MLI,2011,0.1469,1500
Mali,MLI,2012,0.1525,1448
Mali,MLI,2013,0.1668,1443
Mali,MLI,2014,0.183,1505
Mali,MLI,2015,0.1875,1553
Mali,MLI,2016,0.1853,1594
Mali,MLI,2017,0.1909,1629.3592
Mali,MLI,2018,0.1918,1667.2951
Malta,MLT,1950,0.7868,1573
Malta,MLT,1951,0.8215,1642
Malta,MLT,1952,0.7732,1701
Malta,MLT,1953,0.7369,1779
Malta,MLT,1954,0.9815,1844
Malta,MLT,1955,1.0868,1930
Malta,MLT,1956,0.9476,2150
Malta,MLT,1957,0.996,2144
Malta,MLT,1958,1.0559,2255
Malta,MLT,1959,1.2436,2278
Malta,MLT,1960,1.0888,2383
Malta,MLT,1961,0.9323,2361
Malta,MLT,1962,1.0418,2260
Malta,MLT,1963,1.2869,2263
Malta,MLT,1964,1.5527,2343
Malta,MLT,1965,1.4668,2539
Malta,MLT,1966,1.283,2828
Malta,MLT,1967,1.6135,3014
Malta,MLT,1968,1.9814,3309
Malta,MLT,1969,2.0316,3483
Malta,MLT,1970,2.0689,3889
Malta,MLT,1971,2.0587,3987
Malta,MLT,1972,2.6185,4299
Malta,MLT,1973,2.5127,4442
Malta,MLT,1974,2.314,4863
Malta,MLT,1975,2.0687,5738
Malta,MLT,1976,2.3553,6684
Malta,MLT,1977,2.468,7438
Malta,MLT,1978,2.8574,8080
Malta,MLT,1979,2.7498,8745
Malta,MLT,1980,3.0838,8920
Malta,MLT,1981,3.4215,9224
Malta,MLT,1982,3.8927,9526
Malta,MLT,1983,2.9313,9586
Malta,MLT,1984,3.9727,9797
Malta,MLT,1985,3.4603,10176
Malta,MLT,1986,4.2467,10584
Malta,MLT,1987,5.2578,10943
Malta,MLT,1988,5.6536,11765
Malta,MLT,1989,6.0431,12607
Malta,MLT,1990,6.6529,13259
Malta,MLT,1991,6.1793,13834.927
Malta,MLT,1992,6.2924,14341.3016
Malta,MLT,1993,7.7975,14840.3193
Malta,MLT,1994,7.143,15539.0595
Malta,MLT,1995,6.5278,16417.1732
Malta,MLT,1996,6.7808,16932.0478
Malta,MLT,1997,6.7391,17694.7896
Malta,MLT,1998,6.5718,18488.6658
Malta,MLT,1999,6.7266,19254.3648
Malta,MLT,2000,6.4665,20434.5495
Malta,MLT,2001,6.7247,20413.05
Malta,MLT,2002,6.7904,20873.9841
Malta,MLT,2003,7.4323,21273.1343
Malta,MLT,2004,7.0662,21233.001
Malta,MLT,2005,6.5592,21905.2153
Malta,MLT,2006,6.561,22233.7176
Malta,MLT,2007,6.7142,23048.2634
Malta,MLT,2008,6.7086,23674.5943
Malta,MLT,2009,6.1536,22927.655
Malta,MLT,2010,6.2269,23632.6246
Malta,MLT,2011,6.1688,23871
Malta,MLT,2012,6.5444,24301
Malta,MLT,2013,5.7358,25162
Malta,MLT,2014,5.6914,26998
Malta,MLT,2015,4.0156,28700
Malta,MLT,2016,3.2227,29817
Malta,MLT,2017,3.5609,30901.9303
Malta,MLT,2018,3.5021,32028.9124
Mauritania,MRT,1959,0.0399,858
Mauritania,MRT,1960,0.0431,913
Mauritania,MRT,1961,0.0544,1055
Mauritania,MRT,1962,0.0691,1019
Mauritania,MRT,1963,0.0947,944
Mauritania,MRT,1964,0.1225,1208
Mauritania,MRT,1965,0.1635,1358
Mauritania,MRT,1966,0.1767,1345
Mauritania,MRT,1967,0.1889,1372
Mauritania,MRT,1968,0.2172,1471
Mauritania,MRT,1969,0.247,1425
Mauritania,MRT,1970,0.3738,1548
Mauritania,MRT,1971,0.338,1533
Mauritania,MRT,1972,0.3672,1511
Mauritania,MRT,1973,0.374,1473
Mauritania,MRT,1974,0.3744,1570
Mauritania,MRT,1975,0.3828,1699
Mauritania,MRT,1976,0.377,1779
Mauritania,MRT,1977,0.3947,1742
Mauritania,MRT,1978,0.4009,1581
Mauritania,MRT,1979,0.4041,1706
Mauritania,MRT,1980,0.4091,1682
Mauritania,MRT,1981,0.3994,1714
Mauritania,MRT,1982,0.5405,1548
Mauritania,MRT,1983,0.5577,1553
Mauritania,MRT,1984,0.5039,1486
Mauritania,MRT,1985,0.3685,1502
Mauritania,MRT,1986,0.2043,1553
Mauritania,MRT,1987,1.725,1551
Mauritania,MRT,1988,1.6494,1533
Mauritania,MRT,1989,1.4143,1559
Mauritania,MRT,1990,0.4196,1511
Mauritania,MRT,1991,0.4159,1547.5435
Mauritania,MRT,1992,0.4224,1559.9049
Mauritania,MRT,1993,0.4216,1668.7221
Mauritania,MRT,1994,0.424,1732.997
Mauritania,MRT,1995,0.4387,1686.1977
Mauritania,MRT,1996,0.4478,1873.0509
Mauritania,MRT,1997,0.4426,1799.8252
Mauritania,MRT,1998,0.4286,1841.2075
Mauritania,MRT,1999,0.4277,1954.2294
Mauritania,MRT,2000,0.4235,1934.742
Mauritania,MRT,2001,0.4339,1964.4456
Mauritania,MRT,2002,0.4497,1967.4483
Mauritania,MRT,2003,0.4514,2076.2331
Mauritania,MRT,2004,0.4712,2185.9503
Mauritania,MRT,2005,0.4749,2371.0067
Mauritania,MRT,2006,0.4568,2807.1989
Mauritania,MRT,2007,0.5114,2875.0347
Mauritania,MRT,2008,0.538,2895.665
Mauritania,MRT,2009,0.5777,2855.5746
Mauritania,MRT,2010,0.561,2982.7488
Mauritania,MRT,2011,0.5865,3104
Mauritania,MRT,2012,0.6287,3213
Mauritania,MRT,2013,0.5356,3319
Mauritania,MRT,2014,0.6357,3459
Mauritania,MRT,2015,0.7226,3424
Mauritania,MRT,2016,0.609,3407
Mauritania,MRT,2017,0.8333,3431.4636
Mauritania,MRT,2018,0.8329,3457.515
Mauritius,MUS,1950,0.4085,3942
Mauritius,MUS,1951,0.2749,4022
Mauritius,MUS,1952,0.3374,4002
Mauritius,MUS,1953,0.3479,4006
Mauritius,MUS,1954,0.3375,4095
Mauritius,MUS,1955,0.2247,4095
Mauritius,MUS,1956,0.3739,4106
Mauritius,MUS,1957,0.3631,4136
Mauritius,MUS,1958,0.3351,4132
Mauritius,MUS,1959,0.3485,4251
Mauritius,MUS,1960,0.272,4396
Mauritius,MUS,1961,0.2752,5254
Mauritius,MUS,1962,0.362,5144
Mauritius,MUS,1963,0.2911,5745
Mauritius,MUS,1964,0.4183,5196
Mauritius,MUS,1965,0.4037,5227
Mauritius,MUS,1966,0.3571,4921
Mauritius,MUS,1967,0.635,5035
Mauritius,MUS,1968,0.7978,4602
Mauritius,MUS,1969,0.7031,4758
Mauritius,MUS,1970,0.6029,4662
Mauritius,MUS,1971,0.4713,4804
Mauritius,MUS,1972,0.8081,5128
Mauritius,MUS,1973,0.7835,5668
Mauritius,MUS,1974,0.7884,6038
Mauritius,MUS,1975,0.6612,6030
Mauritius,MUS,1976,0.6828,7264
Mauritius,MUS,1977,0.6952,7610
Mauritius,MUS,1978,0.672,7763
Mauritius,MUS,1979,0.6924,7889
Mauritius,MUS,1980,0.6106,6970
Mauritius,MUS,1981,0.5544,7264
Mauritius,MUS,1982,0.5076,7563
Mauritius,MUS,1983,0.5981,7516
Mauritius,MUS,1984,0.6219,7798
Mauritius,MUS,1985,0.6962,8265
Mauritius,MUS,1986,0.7806,9001
Mauritius,MUS,1987,0.9034,9840
Mauritius,MUS,1988,0.8231,10418
Mauritius,MUS,1989,1.0057,10806
Mauritius,MUS,1990,1.3846,11489
Mauritius,MUS,1991,1.4232,11643.3982
Mauritius,MUS,1992,1.5766,12002.3802
Mauritius,MUS,1993,1.6142,12228.8141
Mauritius,MUS,1994,1.4569,12381.0666
Mauritius,MUS,1995,1.6199,12567.9282
Mauritius,MUS,1996,1.7069,12841.9305
Mauritius,MUS,1997,1.7302,13198.2949
Mauritius,MUS,1998,1.8614,13607.8847
Mauritius,MUS,1999,2.0633,13572.6803
Mauritius,MUS,2000,2.2692,14272.3009
Mauritius,MUS,2001,2.3968,14347.6108
Mauritius,MUS,2002,2.3994,14196.0408
Mauritius,MUS,2003,2.5306,14623.3085
Mauritius,MUS,2004,2.5408,14854.6137
Mauritius,MUS,2005,2.6955,14725.1642
Mauritius,MUS,2006,2.9537,15042.5414
Mauritius,MUS,2007,2.9873,15519.4186
Mauritius,MUS,2008,3.0394,15957.9602
Mauritius,MUS,2009,2.9807,16029.2639
Mauritius,MUS,2010,3.1357,16269.3202
Mauritius,MUS,2011,3.1308,16483
Mauritius,MUS,2012,3.1627,16893
Mauritius,MUS,2013,3.2395,17311
Mauritius,MUS,2014,3.3453,17818
Mauritius,MUS,2015,3.3427,18322
Mauritius,MUS,2016,3.4437,18918
Mauritius,MUS,2017,3.5872,19521.5842
Mauritius,MUS,2018,3.5623,20138.5723
Mexico,MEX,1895,0.0396,1757
Mexico,MEX,1896,0.0457,1785
Mexico,MEX,1897,0.0536,1878
Mexico,MEX,1898,0.0565,1959
Mexico,MEX,1899,0.0571,1835
Mexico,MEX,1900,0.0747,1822
Mexico,MEX,1901,0.0969,1957
Mexico,MEX,1902,0.1042,1796
Mexico,MEX,1903,0.1128,1978
Mexico,MEX,1904,0.1233,1992
Mexico,MEX,1905,0.1213,2177
Mexico,MEX,1906,0.1351,2130
Mexico,MEX,1907,0.1579,2232
Mexico,MEX,1908,0.2604,2203
Mexico,MEX,1909,0.2532,2244
Mexico,MEX,1910,0.2833,2240
Mexico,MEX,1911,0.5711,2150
Mexico,MEX,1912,0.5861,2131
Mexico,MEX,1913,0.7981,2004
Mexico,MEX,1914,0.6899,2007
Mexico,MEX,1915,0.9747,1978
Mexico,MEX,1916,1.1712,2130
Mexico,MEX,1917,1.7826,2220
Mexico,MEX,1918,2.0917,2308
Mexico,MEX,1919,2.7981,2399
Mexico,MEX,1920,5.1645,2552
Mexico,MEX,1921,6.0657,2542
Mexico,MEX,1922,5.6828,2562
Mexico,MEX,1923,4.7177,2608
Mexico,MEX,1924,4.3822,2523
Mexico,MEX,1925,3.6337,2640
Mexico,MEX,1926,2.8043,2756
Mexico,MEX,1927,1.9673,2590
Mexico,MEX,1928,1.469,2565
Mexico,MEX,1929,1.3311,2424
Mexico,MEX,1930,1.2061,2233
Mexico,MEX,1931,0.9756,2268
Mexico,MEX,1932,0.9277,1890
Mexico,MEX,1933,0.9426,2071
Mexico,MEX,1934,1.0456,2176
Mexico,MEX,1935,1.1657,2299
Mexico,MEX,1936,1.1744,2444
Mexico,MEX,1937,1.3091,2482
Mexico,MEX,1938,1.2539,2479
Mexico,MEX,1939,1.1473,2570
Mexico,MEX,1940,1.1471,2560
Mexico,MEX,1941,1.0845,2738
Mexico,MEX,1942,0.8855,2817
Mexico,MEX,1943,0.86,2844
Mexico,MEX,1944,0.8783,2998
Mexico,MEX,1945,0.9546,3009
Mexico,MEX,1946,1.046,3124
Mexico,MEX,1947,1.1589,3145
Mexico,MEX,1948,1.165,3188
Mexico,MEX,1949,1.0701,3276
Mexico,MEX,1950,1.0917,3510
Mexico,MEX,1951,1.2136,3673
Mexico,MEX,1952,1.2576,3706
Mexico,MEX,1953,1.2047,3602
Mexico,MEX,1954,1.1555,3851
Mexico,MEX,1955,1.226,4060
Mexico,MEX,1956,1.2632,4213
Mexico,MEX,1957,1.4324,4403
Mexico,MEX,1958,1.5219,4501
Mexico,MEX,1959,1.592,4497
Mexico,MEX,1960,1.6693,4723
Mexico,MEX,1961,1.6743,4807
Mexico,MEX,1962,1.5858,4881
Mexico,MEX,1963,1.5989,5118
Mexico,MEX,1964,1.7348,5555
Mexico,MEX,1965,1.7036,5737
Mexico,MEX,1966,1.776,5950
Mexico,MEX,1967,1.9168,6132
Mexico,MEX,1968,1.9385,6432
Mexico,MEX,1969,2.0458,6629
Mexico,MEX,1970,2.2129,6873
Mexico,MEX,1971,2.3775,6912
Mexico,MEX,1972,2.4186,7256
Mexico,MEX,1973,2.5577,7597
Mexico,MEX,1974,2.6692,7801
Mexico,MEX,1975,2.7536,8011
Mexico,MEX,1976,3.0002,8131
Mexico,MEX,1977,3.0602,8177
Mexico,MEX,1978,3.4439,8690
Mexico,MEX,1979,3.6335,9307
Mexico,MEX,1980,3.9513,9929
Mexico,MEX,1981,4.0876,10538
Mexico,MEX,1982,4.2768,10240
Mexico,MEX,1983,3.8175,9656
Mexico,MEX,1984,3.7208,9777
Mexico,MEX,1985,3.782,9785
Mexico,MEX,1986,3.7811,9283
Mexico,MEX,1987,3.8639,9256
Mexico,MEX,1988,3.7835,9193
Mexico,MEX,1989,3.9272,9392
Mexico,MEX,1990,3.7769,9699
Mexico,MEX,1991,3.8606,10008.5507
Mexico,MEX,1992,3.8218,10262.2107
Mexico,MEX,1993,3.8146,10357.8291
Mexico,MEX,1994,3.8991,10721.0082
Mexico,MEX,1995,3.6176,9944.9527
Mexico,MEX,1996,3.712,10386.499100000001
Mexico,MEX,1997,3.8964,11030.3432
Mexico,MEX,1998,4.043,11510.8774
Mexico,MEX,1999,4.0059,11894.2028
Mexico,MEX,2000,4.0047,12613.3961
Mexico,MEX,2001,4.0948,12565.4652
Mexico,MEX,2002,4.0514,12645.5036
Mexico,MEX,2003,4.2467,12793.9556
Mexico,MEX,2004,4.199,13287.5999
Mexico,MEX,2005,4.3771,13655.8012
Mexico,MEX,2006,4.4307,14287.5583
Mexico,MEX,2007,4.3948,14684.728
Mexico,MEX,2008,4.4487,14808.09
Mexico,MEX,2009,4.2316,14026.989
Mexico,MEX,2010,4.065,14697.2981
Mexico,MEX,2011,4.1848,15210
Mexico,MEX,2012,4.232,15639
Mexico,MEX,2013,4.1247,15680
Mexico,MEX,2014,3.9976,15856
Mexico,MEX,2015,3.9552,16096
Mexico,MEX,2016,3.9146,16133
Mexico,MEX,2017,3.6854,16308.6402
Mexico,MEX,2018,3.6081,16494.079
Moldova,MDA,1973,7.9489,8552
Moldova,MDA,1980,9.4417,9078
Moldova,MDA,1981,9.1809,9538
Moldova,MDA,1982,9.2553,10026
Moldova,MDA,1983,9.294,10378
Moldova,MDA,1984,9.2832,10508
Moldova,MDA,1985,9.9058,9398
Moldova,MDA,1986,9.5649,9937
Moldova,MDA,1987,8.9874,9852
Moldova,MDA,1988,9.1866,9731
Moldova,MDA,1989,8.8998,10288
Moldova,MDA,1990,8.3916,9835
Moldova,MDA,1991,6.7727,7957.6883
Moldova,MDA,1992,4.793,5546.3664
Moldova,MDA,1993,3.6251,5383.8582
Moldova,MDA,1994,2.851,3662.2088
Moldova,MDA,1995,2.6276,3558.8267
Moldova,MDA,1996,2.7077,3305.4967
Moldova,MDA,1997,1.7033,3322.479
Moldova,MDA,1998,1.5145,3078.0096
Moldova,MDA,1999,1.1085,2949.9066
Moldova,MDA,2000,0.8502,2989.5348
Moldova,MDA,2001,0.9043,3150.6314
Moldova,MDA,2002,0.9697,3373.7092
Moldova,MDA,2003,1.0554,3575.268
Moldova,MDA,2004,1.1069,3813.4311
Moldova,MDA,2005,1.1871,4073.6736
Moldova,MDA,2006,1.2131,4243.0704
Moldova,MDA,2007,1.2054,4342.7456
Moldova,MDA,2008,1.262,4652.4573
Moldova,MDA,2009,1.1079,4342.5279
Moldova,MDA,2010,1.1823,4615.324
Moldova,MDA,2011,1.2123,4892
Moldova,MDA,2012,1.1693,4905
Moldova,MDA,2013,1.2024,5421
Moldova,MDA,2014,1.1683,5739
Moldova,MDA,2015,1.1747,5775
Moldova,MDA,2016,1.206,6068
Moldova,MDA,2017,1.2859,6419.1438
Moldova,MDA,2018,1.3408,6746.7285
Mongolia,MNG,1950,0.3663,677
Mongolia,MNG,1951,0.3694,697
Mongolia,MNG,1952,0.3719,719
Mongolia,MNG,1953,0.3695,741
Mongolia,MNG,1954,0.581,764
Mongolia,MNG,1955,0.6899,786
Mongolia,MNG,1956,0.7898,810
Mongolia,MNG,1957,0.856,835
Mongolia,MNG,1958,1.2483,859
Mongolia,MNG,1959,1.4436,885
Mongolia,MNG,1960,1.3536,912
Mongolia,MNG,1961,1.4176,939
Mongolia,MNG,1962,1.9492,966
Mongolia,MNG,1963,1.5361,996
Mongolia,MNG,1964,1.9027,1027
Mongolia,MNG,1965,1.7673,1057
Mongolia,MNG,1966,1.7131,1087
Mongolia,MNG,1967,1.8331,1122
Mongolia,MNG,1968,2.0547,1154
Mongolia,MNG,1969,2.1588,1189
Mongolia,MNG,1970,2.2259,1226
Mongolia,MNG,1971,2.3025,1246
Mongolia,MNG,1972,2.4147,1256
Mongolia,MNG,1973,2.4849,1328
Mongolia,MNG,1974,2.6006,1342
Mongolia,MNG,1975,2.7402,1387
Mongolia,MNG,1976,2.8865,1401
Mongolia,MNG,1977,3.1754,1470
Mongolia,MNG,1978,3.5936,1537
Mongolia,MNG,1979,3.813,1556
Mongolia,MNG,1980,4.0572,1618
Mongolia,MNG,1981,3.8158,1714
Mongolia,MNG,1982,3.7758,1814
Mongolia,MNG,1983,3.8224,1876
Mongolia,MNG,1984,3.4337,1940
Mongolia,MNG,1985,4.6818,2004
Mongolia,MNG,1986,4.8551,2142
Mongolia,MNG,1987,5.1553,2168
Mongolia,MNG,1988,5.4998,2227
Mongolia,MNG,1989,4.8851,2232
Mongolia,MNG,1990,4.5281,2123
Mongolia,MNG,1991,5.465,1976.0231
Mongolia,MNG,1992,4.9003,1841.0125
Mongolia,MNG,1993,4.0927,1846.2256
Mongolia,MNG,1994,3.4761,1955.4773
Mongolia,MNG,1995,3.4375,2147.8287
Mongolia,MNG,1996,3.4634,2271.7987
Mongolia,MNG,1997,3.2916,2445.0127
Mongolia,MNG,1998,3.2634,2620.4891
Mongolia,MNG,1999,3.1711,2801.8618
Mongolia,MNG,2000,3.1229,2936.0628
Mongolia,MNG,2001,3.2526,3133.5559
Mongolia,MNG,2002,3.3817,3401.9465
Mongolia,MNG,2003,3.2437,3775.4379
Mongolia,MNG,2004,3.4332,4334.2314
Mongolia,MNG,2005,3.3936,4822.2336
Mongolia,MNG,2006,3.6758,5426.8536
Mongolia,MNG,2007,4.6567,6196.5892
Mongolia,MNG,2008,4.5658,6982.1464
Mongolia,MNG,2009,4.8897,7126.8087
Mongolia,MNG,2010,5.081,7830.0641
Mongolia,MNG,2011,7.7342,9484
Mongolia,MNG,2012,12.4017,10493
Mongolia,MNG,2013,15.1152,11545
Mongolia,MNG,2014,10.0629,12283
Mongolia,MNG,2015,7.7518,12398
Mongolia,MNG,2016,8.2866,12360
Mongolia,MNG,2017,11.0042,12767.8165
Mongolia,MNG,2018,14.9949,13382.5423
Montenegro,MNE,1952,0.6086,1784
Montenegro,MNE,1953,0.5883,1570
Montenegro,MNE,1954,0.6833,1581
Montenegro,MNE,1955,0.7637,2099
Montenegro,MNE,1956,0.8547,1906
Montenegro,MNE,1957,0.9111,2125
Montenegro,MNE,1958,0.8827,2072
Montenegro,MNE,1959,0.9943,2200
Montenegro,MNE,1960,1.0653,2439
Montenegro,MNE,1961,1.0926,2922
Montenegro,MNE,1962,1.0957,2847
Montenegro,MNE,1963,1.1932,3217
Montenegro,MNE,1964,1.3302,3732
Montenegro,MNE,1965,1.3568,3802
Montenegro,MNE,1966,1.3442,3948
Montenegro,MNE,1967,1.3672,3995
Montenegro,MNE,1968,1.4772,4160
Montenegro,MNE,1969,1.544,4546
Montenegro,MNE,1970,2.0214,4857
Montenegro,MNE,1971,2.1657,4994
Montenegro,MNE,1972,2.0052,5206
Montenegro,MNE,1973,2.3573,5137
Montenegro,MNE,1974,2.3295,5394
Montenegro,MNE,1975,2.3969,5512
Montenegro,MNE,1976,2.4467,5740
Montenegro,MNE,1977,2.358,6298
Montenegro,MNE,1978,2.614,6583
Montenegro,MNE,1979,2.819,6523
Montenegro,MNE,1980,2.7443,7992
Montenegro,MNE,1981,2.9514,7635
Montenegro,MNE,1982,2.6766,7790
Montenegro,MNE,1983,2.8458,7610
Montenegro,MNE,1984,2.9692,7828
Montenegro,MNE,1985,3.0063,7804
Montenegro,MNE,1986,3.1277,8021
Montenegro,MNE,1987,3.0514,7592
Montenegro,MNE,1988,3.1525,7299
Montenegro,MNE,1989,3.1472,7278
Montenegro,MNE,1990,3.1144,6605
Montenegro,MNE,1991,2.2007,6068.2152
Montenegro,MNE,1992,2.4033,4605.2989
Montenegro,MNE,1993,2.0903,2981.8046
Montenegro,MNE,1994,2.0266,3073.9207
Montenegro,MNE,1995,2.1394,3571.0724
Montenegro,MNE,1996,2.506,4663.1601
Montenegro,MNE,1997,2.701,5121.7282
Montenegro,MNE,1998,2.8516,5522.1044
Montenegro,MNE,1999,1.9716,5142.7291
Montenegro,MNE,2000,2.4787,6046.1422
Montenegro,MNE,2001,2.7191,6429.5611
Montenegro,MNE,2002,2.8796,6897.725
Montenegro,MNE,2003,3.0765,7445.0501
Montenegro,MNE,2004,3.3184,8193.7497
Montenegro,MNE,2005,2.8405,9002.2182
Montenegro,MNE,2006,3.3387,10307.647
Montenegro,MNE,2007,3.3177,12027.4294
Montenegro,MNE,2008,4.1929,13550.3564
Montenegro,MNE,2009,2.6998,13459.4992
Montenegro,MNE,2010,3.8795,14509.7656
Montenegro,MNE,2011,3.8499,15747
Montenegro,MNE,2012,3.5356,15421
Montenegro,MNE,2013,3.4339,16064
Montenegro,MNE,2014,3.362,16437
Montenegro,MNE,2015,3.5707,17249
Montenegro,MNE,2016,3.2126,17741
Montenegro,MNE,2017,3.3513,18568.8966
Montenegro,MNE,2018,3.8227,19504.1588
Morocco,MAR,1950,0.2849,2319
Morocco,MAR,1951,0.3166,2324
Morocco,MAR,1952,0.3739,2327
Morocco,MAR,1953,0.424,2340
Morocco,MAR,1954,0.3527,2353
Morocco,MAR,1955,0.3385,2364
Morocco,MAR,1956,0.3242,2313
Morocco,MAR,1957,0.2724,2263
Morocco,MAR,1958,0.2821,2214
Morocco,MAR,1959,0.2819,2165
Morocco,MAR,1960,0.2949,2118
Morocco,MAR,1961,0.2967,2138
Morocco,MAR,1962,0.2348,2158
Morocco,MAR,1963,0.2934,2179
Morocco,MAR,1964,0.3186,2201
Morocco,MAR,1965,0.299,2222
Morocco,MAR,1966,0.3741,2289
Morocco,MAR,1967,0.3617,2359
Morocco,MAR,1968,0.3672,2429
Morocco,MAR,1969,0.3716,2503
Morocco,MAR,1970,0.455,2576
Morocco,MAR,1971,0.5007,2654
Morocco,MAR,1972,0.4808,2660
Morocco,MAR,1973,0.5638,2700
Morocco,MAR,1974,0.6374,2791
Morocco,MAR,1975,0.6218,2919
Morocco,MAR,1976,0.6313,3175
Morocco,MAR,1977,0.678,3268
Morocco,MAR,1978,0.6816,3298
Morocco,MAR,1979,0.8121,3382
Morocco,MAR,1980,0.7913,3622
Morocco,MAR,1981,0.7675,3457
Morocco,MAR,1982,0.8056,3725
Morocco,MAR,1983,0.82,3606
Morocco,MAR,1984,0.802,3657
Morocco,MAR,1985,0.7859,3784
Morocco,MAR,1986,0.813,3977
Morocco,MAR,1987,0.8489,3790
Morocco,MAR,1988,0.8756,4077
Morocco,MAR,1989,0.9304,4073
Morocco,MAR,1990,0.8988,4130
Morocco,MAR,1991,0.9378,4353.7297
Morocco,MAR,1992,0.9621,4194.4469
Morocco,MAR,1993,1.0238,4097.2806
Morocco,MAR,1994,1.0579,4461.0626
Morocco,MAR,1995,1.0651,4156.9251
Morocco,MAR,1996,1.0782,4603.652
Morocco,MAR,1997,1.0801,4469.1898
Morocco,MAR,1998,1.0986,4729.1829
Morocco,MAR,1999,1.1241,4720.7713
Morocco,MAR,2000,1.153,4753.6383
Morocco,MAR,2001,1.2637,5042.0731
Morocco,MAR,2002,1.2666,5140.8725
Morocco,MAR,2003,1.2279,5386.8504
Morocco,MAR,2004,1.4021,5584.1538
Morocco,MAR,2005,1.4664,5708.0311
Morocco,MAR,2006,1.5014,6076.9525
Morocco,MAR,2007,1.5695,6228.4317
Morocco,MAR,2008,1.6289,6530.9781
Morocco,MAR,2009,1.5929,6741.4603
Morocco,MAR,2010,1.6809,6931.5583
Morocco,MAR,2011,1.6737,7226
Morocco,MAR,2012,1.7133,7365
Morocco,MAR,2013,1.6789,7619
Morocco,MAR,2014,1.6722,7733
Morocco,MAR,2015,1.689,8001
Morocco,MAR,2016,1.6642,8039
Morocco,MAR,2017,1.7321,8290.8142
Morocco,MAR,2018,1.729,8451.1355
Mozambique,MOZ,1950,0.1512,1806
Mozambique,MOZ,1951,0.1535,1841
Mozambique,MOZ,1952,0.1741,1878
Mozambique,MOZ,1953,0.1722,1911
Mozambique,MOZ,1954,0.1788,1924
Mozambique,MOZ,1955,0.211,2007
Mozambique,MOZ,1956,0.2342,1980
Mozambique,MOZ,1957,0.2617,1986
Mozambique,MOZ,1958,0.2635,2040
Mozambique,MOZ,1959,0.2551,2109
Mozambique,MOZ,1960,0.262,2115
Mozambique,MOZ,1961,0.3582,2131
Mozambique,MOZ,1962,0.2644,2232
Mozambique,MOZ,1963,0.216,2106
Mozambique,MOZ,1964,0.2722,2150
Mozambique,MOZ,1965,0.2492,2153
Mozambique,MOZ,1966,0.2582,2174
Mozambique,MOZ,1967,0.2223,2271
Mozambique,MOZ,1968,0.3223,2469
Mozambique,MOZ,1969,0.3673,2699
Mozambique,MOZ,1970,0.3304,2778
Mozambique,MOZ,1971,0.3911,2895
Mozambique,MOZ,1972,0.3489,2906
Mozambique,MOZ,1973,0.3681,2986
Mozambique,MOZ,1974,0.3175,2684
Mozambique,MOZ,1975,0.2836,2238
Mozambique,MOZ,1976,0.2447,2064
Mozambique,MOZ,1977,0.252,2013
Mozambique,MOZ,1978,0.2596,1969
Mozambique,MOZ,1979,0.2323,1937
Mozambique,MOZ,1980,0.275,1945
Mozambique,MOZ,1981,0.2081,1940
Mozambique,MOZ,1982,0.2071,1852
Mozambique,MOZ,1983,0.1571,1694
Mozambique,MOZ,1984,0.1196,1629
Mozambique,MOZ,1985,0.0889,1466
Mozambique,MOZ,1986,0.0763,1479
Mozambique,MOZ,1987,0.0764,1562
Mozambique,MOZ,1988,0.0789,1701
Mozambique,MOZ,1989,0.0808,1776
Mozambique,MOZ,1990,0.0761,1776
Mozambique,MOZ,1991,0.0712,1719.0991
Mozambique,MOZ,1992,0.0752,1482.4166
Mozambique,MOZ,1993,0.0829,1439.2897
Mozambique,MOZ,1994,0.0722,1312.372
Mozambique,MOZ,1995,0.0716,1165.8102
Mozambique,MOZ,1996,0.0684,1325.5954
Mozambique,MOZ,1997,0.0714,1323.6936
Mozambique,MOZ,1998,0.0661,1335.6607
Mozambique,MOZ,1999,0.0678,1301.5763
Mozambique,MOZ,2000,0.0746,1196.0149
Mozambique,MOZ,2001,0.0853,1219.381
Mozambique,MOZ,2002,0.0819,1199.7331
Mozambique,MOZ,2003,0.096,1155.7037
Mozambique,MOZ,2004,0.0936,1125.8321
Mozambique,MOZ,2005,0.0864,1107.5338
Mozambique,MOZ,2006,0.0909,1099.3418
Mozambique,MOZ,2007,0.101,1067.9665
Mozambique,MOZ,2008,0.0979,1031.3622
Mozambique,MOZ,2009,0.1065,991.7452
Mozambique,MOZ,2010,0.112,956.5305
Mozambique,MOZ,2011,0.1284,925
Mozambique,MOZ,2012,0.1199,967
Mozambique,MOZ,2013,0.1399,1011
Mozambique,MOZ,2014,0.3005,1060
Mozambique,MOZ,2015,0.2331,1103
Mozambique,MOZ,2016,0.293,1113
Mozambique,MOZ,2017,0.2905,1124.6561
Mozambique,MOZ,2018,0.2336,1132.7709
Myanmar,MMR,1931,0.2185,1438
Myanmar,MMR,1936,0.2168,1336
Myanmar,MMR,1938,0.2095,1180
Myanmar,MMR,1950,0.0451,631
Myanmar,MMR,1951,0.0506,711
Myanmar,MMR,1952,0.0614,716
Myanmar,MMR,1953,0.0694,724
Myanmar,MMR,1954,0.0763,668
Myanmar,MMR,1955,0.0727,744
Myanmar,MMR,1956,0.083,781
Myanmar,MMR,1957,0.103,813
Myanmar,MMR,1958,0.1158,778
Myanmar,MMR,1959,0.1306,885
Myanmar,MMR,1960,0.1249,899
Myanmar,MMR,1961,0.1166,904
Myanmar,MMR,1962,0.1269,966
Myanmar,MMR,1963,0.1135,977
Myanmar,MMR,1964,0.1205,976
Myanmar,MMR,1965,0.1123,983
Myanmar,MMR,1966,0.113,925
Myanmar,MMR,1967,0.1423,934
Myanmar,MMR,1968,0.1125,976
Myanmar,MMR,1969,0.1206,998
Myanmar,MMR,1970,0.1691,1023
Myanmar,MMR,1971,0.1827,1036
Myanmar,MMR,1972,0.1713,1023
Myanmar,MMR,1973,0.1405,1001
Myanmar,MMR,1974,0.1561,1033
Myanmar,MMR,1975,0.1497,1057
Myanmar,MMR,1976,0.1562,1103
Myanmar,MMR,1977,0.1613,1148
Myanmar,MMR,1978,0.1571,1205
Myanmar,MMR,1979,0.1519,1240
Myanmar,MMR,1980,0.161,1320
Myanmar,MMR,1981,0.1608,1369
Myanmar,MMR,1982,0.1561,1417
Myanmar,MMR,1983,0.1577,1451
Myanmar,MMR,1984,0.1758,1492
Myanmar,MMR,1985,0.1758,1506
Myanmar,MMR,1986,0.1746,1465
Myanmar,MMR,1987,0.1255,1382
Myanmar,MMR,1988,0.1019,1207
Myanmar,MMR,1989,0.1086,1234
Myanmar,MMR,1990,0.1025,1253
Myanmar,MMR,1991,0.0988,1205.0715
Myanmar,MMR,1992,0.1142,1283.8255
Myanmar,MMR,1993,0.1236,1321.8102
Myanmar,MMR,1994,0.1428,1373.9629
Myanmar,MMR,1995,0.1573,1423.6505
Myanmar,MMR,1996,0.162,1469.0317
Myanmar,MMR,1997,0.1653,1505.9805
Myanmar,MMR,1998,0.1762,1547.0283
Myanmar,MMR,1999,0.1934,1667.6612
Myanmar,MMR,2000,0.215,1843.4945
Myanmar,MMR,2001,0.1838,1996.3737
Myanmar,MMR,2002,0.1919,2175.8834
Myanmar,MMR,2003,0.2031,2410.5698
Myanmar,MMR,2004,0.2547,2664.9413
Myanmar,MMR,2005,0.2355,2947.0989
Myanmar,MMR,2006,0.2592,3246.6934
Myanmar,MMR,2007,0.2578,3542.5884
Myanmar,MMR,2008,0.1947,3585.7652
Myanmar,MMR,2009,0.2021,3673.4367
Myanmar,MMR,2010,0.2585,3772.9985
Myanmar,MMR,2011,0.2955,3884
Myanmar,MMR,2012,0.2313,4124
Myanmar,MMR,2013,0.2495,4424
Myanmar,MMR,2014,0.3093,4728
Myanmar,MMR,2015,0.4197,5021
Myanmar,MMR,2016,0.4795,5284
Myanmar,MMR,2017,0.464,5536.4261
Myanmar,MMR,2018,0.6085,5838.2173
Namibia,NAM,1991,0.7147,5239.0341
Namibia,NAM,1992,0.7584,5532.6725
Namibia,NAM,1993,0.893,5294.2427
Namibia,NAM,1994,0.9875,5545.4623
Namibia,NAM,1995,0.9949,5638.7666
Namibia,NAM,1996,1.0353,5687.1167
Namibia,NAM,1997,1.0422,5796.6317
Namibia,NAM,1998,1.0495,5859.8834
Namibia,NAM,1999,0.9431,5926.4277
Namibia,NAM,2000,0.8943,5971.8148
Namibia,NAM,2001,1.103,5888.4321
Namibia,NAM,2002,0.9657,6069.3203
Namibia,NAM,2003,1.0022,6082.4263
Namibia,NAM,2004,1.0333,6712.7718
Namibia,NAM,2005,1.1928,6807.5757
Namibia,NAM,2006,1.1858,7208.6885
Namibia,NAM,2007,1.176,7509.5268
Namibia,NAM,2008,1.6317,7618.031
Namibia,NAM,2009,1.4684,7548.1289
Namibia,NAM,2010,1.456,7905.5409
Namibia,NAM,2011,1.29,8203
Namibia,NAM,2012,1.5287,8483
Namibia,NAM,2013,1.1496,8793
Namibia,NAM,2014,1.6178,9170
Namibia,NAM,2015,1.6637,9462
Namibia,NAM,2016,1.718,9376
Namibia,NAM,2017,1.7548,9188.0045
Namibia,NAM,2018,1.6652,9043.1202
Nepal,NPL,1950,0.003,802
Nepal,NPL,1951,0.0034,816
Nepal,NPL,1952,0.0033,835
Nepal,NPL,1953,0.0041,877
Nepal,NPL,1954,0.0044,886
Nepal,NPL,1955,0.0047,894
Nepal,NPL,1956,0.005,925
Nepal,NPL,1957,0.0057,915
Nepal,NPL,1958,0.006,956
Nepal,NPL,1959,0.0066,971
Nepal,NPL,1960,0.008,980
Nepal,NPL,1961,0.0079,990
Nepal,NPL,1962,0.0084,998
Nepal,NPL,1963,0.0093,1006
Nepal,NPL,1964,0.0139,1012
Nepal,NPL,1965,0.0164,1019
Nepal,NPL,1966,0.0171,1071
Nepal,NPL,1967,0.0187,1034
Nepal,NPL,1968,0.0218,1023
Nepal,NPL,1969,0.0337,1049
Nepal,NPL,1970,0.0188,1055
Nepal,NPL,1971,0.0161,1022
Nepal,NPL,1972,0.0213,1034
Nepal,NPL,1973,0.0328,1009
Nepal,NPL,1974,0.0324,1052
Nepal,NPL,1975,0.0262,1047
Nepal,NPL,1976,0.0205,1071
Nepal,NPL,1977,0.024,1081
Nepal,NPL,1978,0.0229,1105
Nepal,NPL,1979,0.0349,1106
Nepal,NPL,1980,0.036,1057
Nepal,NPL,1981,0.0295,1119
Nepal,NPL,1982,0.0281,1135
Nepal,NPL,1983,0.0306,1076
Nepal,NPL,1984,0.0426,1152
Nepal,NPL,1985,0.0401,1194
Nepal,NPL,1986,0.0404,1218
Nepal,NPL,1987,0.0488,1208
Nepal,NPL,1988,0.0542,1269
Nepal,NPL,1989,0.0484,1290
Nepal,NPL,1990,0.0382,1315
Nepal,NPL,1991,0.0529,1360.7835
Nepal,NPL,1992,0.0618,1374.6612
Nepal,NPL,1993,0.0682,1385.2411
Nepal,NPL,1994,0.077,1456.0203
Nepal,NPL,1995,0.107,1468.0789
Nepal,NPL,1996,0.1065,1511.7337
Nepal,NPL,1997,0.1169,1558.3988
Nepal,NPL,1998,0.0964,1570.6635
Nepal,NPL,1999,0.1357,1609.1803
Nepal,NPL,2000,0.1269,1676.7456
Nepal,NPL,2001,0.1329,1738.3142
Nepal,NPL,2002,0.105,1709.7787
Nepal,NPL,2003,0.1121,1747.7766
Nepal,NPL,2004,0.1016,1802.1438
Nepal,NPL,2005,0.116,1836.3057
Nepal,NPL,2006,0.0942,1884.1872
Nepal,NPL,2007,0.0974,1927.3865
Nepal,NPL,2008,0.1257,2021.1541
Nepal,NPL,2009,0.1536,2085.2436
Nepal,NPL,2010,0.1786,2152.2746
Nepal,NPL,2011,0.1931,2189
Nepal,NPL,2012,0.2027,2258
Nepal,NPL,2013,0.231,2316
Nepal,NPL,2014,0.2821,2421
Nepal,NPL,2015,0.2523,2455
Nepal,NPL,2016,0.358,2435
Nepal,NPL,2017,0.4215,2600.0277
Nepal,NPL,2018,0.4873,2727.4238
Netherlands,NLD,1846,0.9526,3521
Netherlands,NLD,1847,1.2757,3545
Netherlands,NLD,1848,1.1947,3602
Netherlands,NLD,1849,1.0827,3709
Netherlands,NLD,1850,1.0125,3779
Netherlands,NLD,1851,0.9997,3834
Netherlands,NLD,1852,1.1983,3790
Netherlands,NLD,1853,1.3188,3704
Netherlands,NLD,1854,1.8683,3931
Netherlands,NLD,1855,1.4509,3824
Netherlands,NLD,1856,1.4639,3977
Netherlands,NLD,1857,1.2984,3907
Netherlands,NLD,1858,1.1339,3800
Netherlands,NLD,1859,1.0703,3665
Netherlands,NLD,1860,1.4456,3840
Netherlands,NLD,1861,1.3172,3735
Netherlands,NLD,1862,1.6828,3881
Netherlands,NLD,1863,1.2021,3953
Netherlands,NLD,1864,0.9932,4111
Netherlands,NLD,1865,1.1133,4117
Netherlands,NLD,1866,1.2103,4272
Netherlands,NLD,1867,1.1502,4127
Netherlands,NLD,1868,1.1965,4152
Netherlands,NLD,1869,1.2227,4286
Netherlands,NLD,1870,1.3696,4422
Netherlands,NLD,1871,1.3659,4364
Netherlands,NLD,1872,1.4469,4414
Netherlands,NLD,1873,1.3796,4503
Netherlands,NLD,1874,1.2582,4337
Netherlands,NLD,1875,1.422,4584
Netherlands,NLD,1876,1.6115,4595
Netherlands,NLD,1877,1.6189,4651
Netherlands,NLD,1878,1.6966,4637
Netherlands,NLD,1879,1.8091,4414
Netherlands,NLD,1880,1.9778,4666
Netherlands,NLD,1881,1.969,4694
Netherlands,NLD,1882,1.9717,4758
Netherlands,NLD,1883,2.1602,5053
Netherlands,NLD,1884,2.1375,5085
Netherlands,NLD,1885,2.2078,5137
Netherlands,NLD,1886,2.2287,5157
Netherlands,NLD,1887,2.2421,5223
Netherlands,NLD,1888,2.4599,5231
Netherlands,NLD,1889,2.3757,5349
Netherlands,NLD,1890,2.2757,5078
Netherlands,NLD,1891,2.6033,5035
Netherlands,NLD,1892,2.445,5131
Netherlands,NLD,1893,2.4445,5019
Netherlands,NLD,1894,2.4474,5247
Netherlands,NLD,1895,2.4186,5212
Netherlands,NLD,1896,2.5671,5359
Netherlands,NLD,1897,2.6587,5421
Netherlands,NLD,1898,2.592,5431
Netherlands,NLD,1899,2.6273,5435
Netherlands,NLD,1900,2.8579,5306
Netherlands,NLD,1901,2.7577,5483
Netherlands,NLD,1902,2.718,5630
Netherlands,NLD,1903,2.867,5544
Netherlands,NLD,1904,2.9875,5541
Netherlands,NLD,1905,3.0241,5735
Netherlands,NLD,1906,3.2447,5770
Netherlands,NLD,1907,3.2917,5592
Netherlands,NLD,1908,3.3061,5628
Netherlands,NLD,1909,3.4315,5852
Netherlands,NLD,1910,3.5388,6030
Netherlands,NLD,1911,3.6973,6158
Netherlands,NLD,1912,4.1139,6245
Netherlands,NLD,1913,4.4825,6454
Netherlands,NLD,1914,4.1415,6166
Netherlands,NLD,1915,3.8783,6258
Netherlands,NLD,1916,3.49,6306
Netherlands,NLD,1917,1.3292,5781
Netherlands,NLD,1918,2.1991,5343
Netherlands,NLD,1919,3.2795,6570
Netherlands,NLD,1920,3.2608,6727
Netherlands,NLD,1921,3.3687,7063
Netherlands,NLD,1922,3.8985,7331
Netherlands,NLD,1923,3.8336,7388
Netherlands,NLD,1924,4.252,7803
Netherlands,NLD,1925,4.6033,8019
Netherlands,NLD,1926,4.6384,8541
Netherlands,NLD,1927,5.0582,8773
Netherlands,NLD,1928,4.9927,9118
Netherlands,NLD,1929,5.3476,9068
Netherlands,NLD,1930,5.2152,8931
Netherlands,NLD,1931,5.6766,8265
Netherlands,NLD,1932,5.1656,8026
Netherlands,NLD,1933,4.7536,7900
Netherlands,NLD,1934,4.7046,7659
Netherlands,NLD,1935,4.485,7857
Netherlands,NLD,1936,4.7444,8273
Netherlands,NLD,1937,5.1711,8660
Netherlands,NLD,1938,5.0295,8368
Netherlands,NLD,1939,4.67,8837
Netherlands,NLD,1940,3.7895,7701
Netherlands,NLD,1941,4.1549,7222
Netherlands,NLD,1942,3.8224,6546
Netherlands,NLD,1943,3.8093,6346
Netherlands,NLD,1944,2.5121000000000002,4222
Netherlands,NLD,1945,1.5569,4281
Netherlands,NLD,1946,3.2622,7104
Netherlands,NLD,1947,4.6177,8046
Netherlands,NLD,1948,4.8298,8751
Netherlands,NLD,1949,5.094,9373
Netherlands,NLD,1950,5.1072,9558
Netherlands,NLD,1951,5.4062,9615
Netherlands,NLD,1952,5.3132,9698
Netherlands,NLD,1953,5.2974,10429
Netherlands,NLD,1954,5.5246,11010
Netherlands,NLD,1955,5.6946,11678
Netherlands,NLD,1956,5.997,11953
Netherlands,NLD,1957,5.857,12137
Netherlands,NLD,1958,5.9844,11926
Netherlands,NLD,1959,5.9424,12333
Netherlands,NLD,1960,6.4144,13209
Netherlands,NLD,1961,6.5325,13074
Netherlands,NLD,1962,7.0777,13770
Netherlands,NLD,1963,7.641,14078
Netherlands,NLD,1964,8.0051,15042
Netherlands,NLD,1965,8.1973,15618
Netherlands,NLD,1966,8.3486,15838
Netherlands,NLD,1967,8.4959,16483
Netherlands,NLD,1968,8.9279,17365
Netherlands,NLD,1969,9.0083,18270
Netherlands,NLD,1970,10.9063,19075
Netherlands,NLD,1971,10.6987,19636
Netherlands,NLD,1972,11.849,20079
Netherlands,NLD,1973,12.3042,20851
Netherlands,NLD,1974,11.7962,21514
Netherlands,NLD,1975,11.1468,21318
Netherlands,NLD,1976,12.262,22132
Netherlands,NLD,1977,11.7762,22598
Netherlands,NLD,1978,12.1419,22992
Netherlands,NLD,1979,13.2925,23347
Netherlands,NLD,1980,12.4842,23438
Netherlands,NLD,1981,11.5377,23153
Netherlands,NLD,1982,9.3379,22780
Netherlands,NLD,1983,9.5617,23086
Netherlands,NLD,1984,9.9791,23750
Netherlands,NLD,1985,10.1268,24361
Netherlands,NLD,1986,9.8669,24893
Netherlands,NLD,1987,10.317,25085
Netherlands,NLD,1988,9.8553,25574
Netherlands,NLD,1989,10.8728,26612
Netherlands,NLD,1990,10.812,27515
Netherlands,NLD,1991,11.2999,28126.7813
Netherlands,NLD,1992,11.2104,28555.7318
Netherlands,NLD,1993,11.1479,28879.9956
Netherlands,NLD,1994,11.1124,29727.556
Netherlands,NLD,1995,11.1393,30680.3468
Netherlands,NLD,1996,11.6591,31811.7392
Netherlands,NLD,1997,11.1459,33199.6325
Netherlands,NLD,1998,11.1436,34688.552
Netherlands,NLD,1999,10.7314,36409.0766
Netherlands,NLD,2000,10.7424,37899.9504
Netherlands,NLD,2001,11.0007,38636.2211
Netherlands,NLD,2002,10.898,38653.1237
Netherlands,NLD,2003,11.0493,38803.9586
Netherlands,NLD,2004,11.1067,39682.3761
Netherlands,NLD,2005,10.8096,40679.4895
Netherlands,NLD,2006,10.4682,42286.5101
Netherlands,NLD,2007,10.4128,44008.7517
Netherlands,NLD,2008,10.5541,44840.7114
Netherlands,NLD,2009,10.197,43178.5069
Netherlands,NLD,2010,10.8816,43812.3492
Netherlands,NLD,2011,10.0531,44591
Netherlands,NLD,2012,9.8084,43957
Netherlands,NLD,2013,9.7773,43744
Netherlands,NLD,2014,9.3333,44205
Netherlands,NLD,2015,9.6939,44869
Netherlands,NLD,2016,9.7122,45600
Netherlands,NLD,2017,9.5533,46650.7554
Netherlands,NLD,2018,9.3215,47474.1095
New Zealand,NZL,1878,0.7664,6808
New Zealand,NZL,1879,1.0366,5689
New Zealand,NZL,1880,1.287,5973
New Zealand,NZL,1881,1.3925,6001
New Zealand,NZL,1882,1.5182,5812
New Zealand,NZL,1883,1.6584,5571
New Zealand,NZL,1884,1.8485,5903
New Zealand,NZL,1885,1.9222,5718
New Zealand,NZL,1886,1.9609,5742
New Zealand,NZL,1887,2.0085,5745
New Zealand,NZL,1888,2.1569,5665
New Zealand,NZL,1889,2.0277,5899
New Zealand,NZL,1890,2.149,5985
New Zealand,NZL,1891,2.2067,5947
New Zealand,NZL,1892,2.1783,6059
New Zealand,NZL,1893,2.194,6038
New Zealand,NZL,1894,2.2441,5705
New Zealand,NZL,1895,2.2213,5805
New Zealand,NZL,1896,2.3756,6357
New Zealand,NZL,1897,2.4701,6296
New Zealand,NZL,1898,2.6122,6352
New Zealand,NZL,1899,2.7535,6441
New Zealand,NZL,1900,3.0202,6851
New Zealand,NZL,1901,3.314,6731
New Zealand,NZL,1902,3.5882,7074
New Zealand,NZL,1903,3.6443,7535
New Zealand,NZL,1904,3.8472,7285
New Zealand,NZL,1905,3.8653,7731
New Zealand,NZL,1906,4.1101,8222
New Zealand,NZL,1907,4.2373,8512
New Zealand,NZL,1908,4.1961,7707
New Zealand,NZL,1909,4.2088,7603
New Zealand,NZL,1910,4.7318,8474
New Zealand,NZL,1911,4.3587,8757
New Zealand,NZL,1912,4.5121,8303
New Zealand,NZL,1913,3.8439,8212
New Zealand,NZL,1914,4.5574,8271
New Zealand,NZL,1915,4.3476,8247
New Zealand,NZL,1916,4.3658,8161
New Zealand,NZL,1917,3.9327,7983
New Zealand,NZL,1918,3.8044,7828
New Zealand,NZL,1919,3.3978,8421
New Zealand,NZL,1920,2.8761,8992
New Zealand,NZL,1921,2.7783,8174
New Zealand,NZL,1922,2.7766,7716
New Zealand,NZL,1923,2.9361,8199
New Zealand,NZL,1924,2.9979,8198
New Zealand,NZL,1925,3.016,8435
New Zealand,NZL,1926,3.0934,7818
New Zealand,NZL,1927,3.1956,7465
New Zealand,NZL,1928,3.2899,8195
New Zealand,NZL,1929,3.3591,8388
New Zealand,NZL,1930,3.2904,7906
New Zealand,NZL,1931,2.8302,7133
New Zealand,NZL,1932,2.3372,6897
New Zealand,NZL,1933,2.3206,7294
New Zealand,NZL,1934,2.5827,7600
New Zealand,NZL,1935,2.6671,7905
New Zealand,NZL,1936,2.6591,9309
New Zealand,NZL,1937,2.7643,9726
New Zealand,NZL,1938,2.6543,10300
New Zealand,NZL,1939,2.7605,10297
New Zealand,NZL,1940,2.9099,10042
New Zealand,NZL,1941,3.0184,9770
New Zealand,NZL,1942,3.0326,10779
New Zealand,NZL,1943,3.1473,11043
New Zealand,NZL,1944,3.1563,10947
New Zealand,NZL,1945,3.1935,11043
New Zealand,NZL,1946,3.0955,11415
New Zealand,NZL,1947,3.0038,12506
New Zealand,NZL,1948,2.9857,11045
New Zealand,NZL,1949,2.9929,11988
New Zealand,NZL,1950,4.4911,13479
New Zealand,NZL,1951,4.1942,12199
New Zealand,NZL,1952,4.6769,12427
New Zealand,NZL,1953,4.191,12522
New Zealand,NZL,1954,4.3415,13936
New Zealand,NZL,1955,4.3966,13908
New Zealand,NZL,1956,4.431,14346
New Zealand,NZL,1957,4.6213,14418
New Zealand,NZL,1958,4.4725,14641
New Zealand,NZL,1959,4.4414,15350
New Zealand,NZL,1960,4.8604,15087
New Zealand,NZL,1961,4.8493,15533
New Zealand,NZL,1962,4.5206,15511
New Zealand,NZL,1963,4.8283,16150
New Zealand,NZL,1964,5.0733,16606
New Zealand,NZL,1965,5.2102,17341
New Zealand,NZL,1966,5.2493,18111
New Zealand,NZL,1967,5.042,17027
New Zealand,NZL,1968,4.9229,16809
New Zealand,NZL,1969,5.1389,18348
New Zealand,NZL,1970,5.0312,17835
New Zealand,NZL,1971,5.2421,18452
New Zealand,NZL,1972,5.526,18889
New Zealand,NZL,1973,6.0883,19804
New Zealand,NZL,1974,6.1666,20529
New Zealand,NZL,1975,5.9269,19907
New Zealand,NZL,1976,6.1921,20161
New Zealand,NZL,1977,6.5057,19110
New Zealand,NZL,1978,5.7604,19182
New Zealand,NZL,1979,5.2609,19580
New Zealand,NZL,1980,5.5548,19681
New Zealand,NZL,1981,5.2328,20537
New Zealand,NZL,1982,5.73,20715
New Zealand,NZL,1983,5.5969,21015
New Zealand,NZL,1984,5.9625,21783
New Zealand,NZL,1985,6.688,21780
New Zealand,NZL,1986,6.9738,22124
New Zealand,NZL,1987,7.299,22142
New Zealand,NZL,1988,7.6361,22022
New Zealand,NZL,1989,7.5732,22107
New Zealand,NZL,1990,7.548,21817
New Zealand,NZL,1991,7.6412,21125.8944
New Zealand,NZL,1992,8.0712,21093.0613
New Zealand,NZL,1993,7.8168,21897.6756
New Zealand,NZL,1994,7.7354,23076.858
New Zealand,NZL,1995,7.6597,23751.9033
New Zealand,NZL,1996,7.9028,24321.248
New Zealand,NZL,1997,8.3484,24802.1297
New Zealand,NZL,1998,7.9098,24861.4157
New Zealand,NZL,1999,8.26,25867.9928
New Zealand,NZL,2000,8.3803,26823.0175
New Zealand,NZL,2001,8.8256,27167.3185
New Zealand,NZL,2002,8.7453,28065.856
New Zealand,NZL,2003,9.0254,28876.287
New Zealand,NZL,2004,8.8112,29806.7353
New Zealand,NZL,2005,9.0811,30270.2473
New Zealand,NZL,2006,8.9691,30798.6311
New Zealand,NZL,2007,8.6598,31784.4408
New Zealand,NZL,2008,8.8153,31444.6332
New Zealand,NZL,2009,8.0684,31233.0758
New Zealand,NZL,2010,8.0162,31586.0893
New Zealand,NZL,2011,7.8071,32057
New Zealand,NZL,2012,8.0873,32674
New Zealand,NZL,2013,7.8133,32989
New Zealand,NZL,2014,7.7791,33339
New Zealand,NZL,2015,7.8169,33696
New Zealand,NZL,2016,7.3627,34295
New Zealand,NZL,2017,7.6254,34875.9481
New Zealand,NZL,2018,7.5455,35336.1363
Nicaragua,NIC,1943,0.0068,2373
Nicaragua,NIC,1944,0.0033,2299
Nicaragua,NIC,1945,0.0065,2259
Nicaragua,NIC,1946,0.0031,2377
Nicaragua,NIC,1947,0.0061,2310
Nicaragua,NIC,1948,0.0059,2460
Nicaragua,NIC,1949,0.0058,2345
Nicaragua,NIC,1950,0.1471,2565
Nicaragua,NIC,1951,0.1512,2657
Nicaragua,NIC,1952,0.2002,3016
Nicaragua,NIC,1953,0.2019,2997
Nicaragua,NIC,1954,0.2157,3178
Nicaragua,NIC,1955,0.2599,3288
Nicaragua,NIC,1956,0.2421,3186
Nicaragua,NIC,1957,0.2594,3351
Nicaragua,NIC,1958,0.3613,3258
Nicaragua,NIC,1959,0.2794,3204
Nicaragua,NIC,1960,0.2996,3148
Nicaragua,NIC,1961,0.3063,3277
Nicaragua,NIC,1962,0.3493,3521
Nicaragua,NIC,1963,0.4329,3781
Nicaragua,NIC,1964,0.4728,4092
Nicaragua,NIC,1965,0.3772,4340
Nicaragua,NIC,1966,0.4501,4342
Nicaragua,NIC,1967,0.4917,4500
Nicaragua,NIC,1968,0.5434,4419
Nicaragua,NIC,1969,0.5508,4564
Nicaragua,NIC,1970,0.5829,4463
Nicaragua,NIC,1971,0.6067,4533
Nicaragua,NIC,1972,0.627,4543
Nicaragua,NIC,1973,0.6926,4637
Nicaragua,NIC,1974,0.7159,5064
Nicaragua,NIC,1975,0.6864,5013
Nicaragua,NIC,1976,0.7676,5099
Nicaragua,NIC,1977,0.949,5247
Nicaragua,NIC,1978,0.8537,4771
Nicaragua,NIC,1979,0.539,3405
Nicaragua,NIC,1980,0.6193,3414
Nicaragua,NIC,1981,0.6353,3480
Nicaragua,NIC,1982,0.6109,3360
Nicaragua,NIC,1983,0.5625,3437
Nicaragua,NIC,1984,0.5067,3308
Nicaragua,NIC,1985,0.5315,3107
Nicaragua,NIC,1986,0.59,3011
Nicaragua,NIC,1987,0.6218,2922
Nicaragua,NIC,1988,0.5606,2498
Nicaragua,NIC,1989,0.3596,2393
Nicaragua,NIC,1990,0.4898,2291
Nicaragua,NIC,1991,0.4654,2209.7942
Nicaragua,NIC,1992,0.5436,2163.4166
Nicaragua,NIC,1993,0.5115,2114.6919
Nicaragua,NIC,1994,0.5523,2154.299
Nicaragua,NIC,1995,0.5922,2264.0925
Nicaragua,NIC,1996,0.6005,2395.2022
Nicaragua,NIC,1997,0.6451,2482.6908
Nicaragua,NIC,1998,0.6909,2569.8283
Nicaragua,NIC,1999,0.7207,2748.127
Nicaragua,NIC,2000,0.7341,2858.5269
Nicaragua,NIC,2001,0.7622,2944.2445
Nicaragua,NIC,2002,0.7644,2969.4576
Nicaragua,NIC,2003,0.8192,3049.15
Nicaragua,NIC,2004,0.816,3220.261
Nicaragua,NIC,2005,0.7851,3370.7775
Nicaragua,NIC,2006,0.8013,3525.5537
Nicaragua,NIC,2007,0.8141,3729.8514
Nicaragua,NIC,2008,0.7703,3856.5523
Nicaragua,NIC,2009,0.7737,3771.947
Nicaragua,NIC,2010,0.7671,3916.9659
Nicaragua,NIC,2011,0.8141,4189
Nicaragua,NIC,2012,0.7599,4376
Nicaragua,NIC,2013,0.7615,4527
Nicaragua,NIC,2014,0.7743,4685
Nicaragua,NIC,2015,0.8726,4866
Nicaragua,NIC,2016,0.8539,5045
Nicaragua,NIC,2017,0.8621,5213.9889
Nicaragua,NIC,2018,0.8168,4952.4772
Niger,NER,1958,0.008,1143
Niger,NER,1959,0.0067,1162
Niger,NER,1960,0.0086,1213
Niger,NER,1961,0.0158,1239
Niger,NER,1962,0.0184,1341
Niger,NER,1963,0.0238,1443
Niger,NER,1964,0.0251,1415
Niger,NER,1965,0.0234,1490
Niger,NER,1966,0.0336,1441
Niger,NER,1967,0.0318,1417
Niger,NER,1968,0.0378,1398
Niger,NER,1969,0.0434,1326
Niger,NER,1970,0.0479,1337
Niger,NER,1971,0.0497,1382
Niger,NER,1972,0.053,1282
Niger,NER,1973,0.0672,1039
Niger,NER,1974,0.0574,1105
Niger,NER,1975,0.0643,1050
Niger,NER,1976,0.0624,1033
Niger,NER,1977,0.0666,1087
Niger,NER,1978,0.0737,1205
Niger,NER,1979,0.0823,1261
Niger,NER,1980,0.0952,1291
Niger,NER,1981,0.1109,1277
Niger,NER,1982,0.1176,1231
Niger,NER,1983,0.1473,1180
Niger,NER,1984,0.1475,956
Niger,NER,1985,0.1438,950
Niger,NER,1986,0.1263,969
Niger,NER,1987,0.1361,912
Niger,NER,1988,0.1308,939
Niger,NER,1989,0.1334,915
Niger,NER,1990,0.075,872
Niger,NER,1991,0.0686,865.9134
Niger,NER,1992,0.0617,785.2636
Niger,NER,1993,0.0679,771.5414
Niger,NER,1994,0.0632,776.8025
Niger,NER,1995,0.0592,702.4934
Niger,NER,1996,0.0653,712.8558
Niger,NER,1997,0.0635,693.1094
Niger,NER,1998,0.0661,755.248
Niger,NER,1999,0.0625,736.9175
Niger,NER,2000,0.0612,693.3765
Niger,NER,2001,0.0556,723.3114
Niger,NER,2002,0.0571,734.5916
Niger,NER,2003,0.0597,758.1143
Niger,NER,2004,0.0617,725.1316
Niger,NER,2005,0.052,757.2439
Niger,NER,2006,0.0486,771.4197
Niger,NER,2007,0.0488,766.1869
Niger,NER,2008,0.0526,809.4504
Niger,NER,2009,0.0607,775.2534
Niger,NER,2010,0.0711,810.1573
Niger,NER,2011,0.0773,799
Niger,NER,2012,0.0986,864
Niger,NER,2013,0.1022,880
Niger,NER,2014,0.10780000000000001,911
Niger,NER,2015,0.1017,913
Niger,NER,2016,0.0993,925
Niger,NER,2017,0.0928,935.3714
Niger,NER,2018,0.083,964.66010000000006
Nigeria,NGA,1950,0.0596,1200
Nigeria,NGA,1951,0.0439,1262
Nigeria,NGA,1952,0.0558,1323
Nigeria,NGA,1953,0.0614,1325
Nigeria,NGA,1954,0.0637,1382
Nigeria,NGA,1955,0.0656,1379
Nigeria,NGA,1956,0.072,1309
Nigeria,NGA,1957,0.0747,1323
Nigeria,NGA,1958,0.0857,1270
Nigeria,NGA,1959,0.0805,1288
Nigeria,NGA,1960,0.0754,1307
Nigeria,NGA,1961,0.0892,1313
Nigeria,NGA,1962,0.0888,1349
Nigeria,NGA,1963,0.1112,1433
Nigeria,NGA,1964,0.1481,1451
Nigeria,NGA,1965,0.2344,1505
Nigeria,NGA,1966,0.2517,1414
Nigeria,NGA,1967,0.245,1160
Nigeria,NGA,1968,0.1238,1114
Nigeria,NGA,1969,0.2211,1372
Nigeria,NGA,1970,0.3844,1744
Nigeria,NGA,1971,0.5629,1894
Nigeria,NGA,1972,0.7055,1908
Nigeria,NGA,1973,0.824,2012
Nigeria,NGA,1974,1.0091,2179
Nigeria,NGA,1975,0.7472,2051
Nigeria,NGA,1976,0.8462,2208
Nigeria,NGA,1977,0.7515,2220
Nigeria,NGA,1978,0.6961,2028
Nigeria,NGA,1979,0.9835,2104
Nigeria,NGA,1980,0.9266,2080
Nigeria,NGA,1981,0.8723,1855
Nigeria,NGA,1982,0.8446,1784
Nigeria,NGA,1983,0.7518,1631
Nigeria,NGA,1984,0.8521,1527
Nigeria,NGA,1985,0.8333,1621
Nigeria,NGA,1986,0.8534,1610
Nigeria,NGA,1987,0.6704,1556
Nigeria,NGA,1988,0.779,1667
Nigeria,NGA,1989,0.4539,1729
Nigeria,NGA,1990,0.4081,1773
Nigeria,NGA,1991,0.4293,1759.0035
Nigeria,NGA,1992,0.4619,1793.9401
Nigeria,NGA,1993,0.4364,1817.7495
Nigeria,NGA,1994,0.3318,1820.3046
Nigeria,NGA,1995,0.3096,1851.0375
Nigeria,NGA,1996,0.3324,1924.0884
Nigeria,NGA,1997,0.3614,1977.2856
Nigeria,NGA,1998,0.3245,2025.8649
Nigeria,NGA,1999,0.3319,2034.8275
Nigeria,NGA,2000,0.6446,2144.8254
Nigeria,NGA,2001,0.6916,2282.823
Nigeria,NGA,2002,0.7333,2609.1294
Nigeria,NGA,2003,0.7582,2848.2813
Nigeria,NGA,2004,0.7293,3136.6274
Nigeria,NGA,2005,0.7616,3347.8205
Nigeria,NGA,2006,0.6862,3564.6323
Nigeria,NGA,2007,0.6442,3817.4835
Nigeria,NGA,2008,0.6307,4084.2003
Nigeria,NGA,2009,0.4852,4416.347
Nigeria,NGA,2010,0.7086,4904.8659
Nigeria,NGA,2011,0.7959,5136
Nigeria,NGA,2012,0.6956,5223
Nigeria,NGA,2013,0.7108,5370
Nigeria,NGA,2014,0.7246,5569
Nigeria,NGA,2015,0.6264,5578
Nigeria,NGA,2016,0.6228,5360
Nigeria,NGA,2017,0.5975,5271.1427
Nigeria,NGA,2018,0.6531,5237.6623
North Korea,PRK,1911,0.0402,1073.7922
North Korea,PRK,1912,0.0494,1170.1295
North Korea,PRK,1913,0.0564,1216.4598
North Korea,PRK,1914,0.0793,1219.2502
North Korea,PRK,1915,0.0972,1286.298
North Korea,PRK,1916,0.0793,1385.4614
North Korea,PRK,1918,0.0755,1382.3108
North Korea,PRK,1919,0.0879,1102.6469
North Korea,PRK,1920,0.1123,1469.8208
North Korea,PRK,1921,0.1189,1440.4433
North Korea,PRK,1922,0.1196,1433.4869
North Korea,PRK,1923,0.1406,1453.1302
North Korea,PRK,1924,0.1454,1402.9271
North Korea,PRK,1925,0.2281,1422.4948
North Korea,PRK,1926,0.2409,1460.8979
North Korea,PRK,1927,0.2456,1593.8983
North Korea,PRK,1928,0.2783,1561.0218
North Korea,PRK,1929,0.3145,1596.1881
North Korea,PRK,1930,0.2916,1725.5968
North Korea,PRK,1931,0.3038,1831.3139
North Korea,PRK,1932,0.3522,1837.194
North Korea,PRK,1933,0.4084,1895.4533
North Korea,PRK,1934,0.5343,1793.0281
North Korea,PRK,1935,0.6181,1996.1649
North Korea,PRK,1936,0.7136,2121.9248
North Korea,PRK,1937,0.751,2469.6778
North Korea,PRK,1938,0.9886,2557.0732
North Korea,PRK,1939,1.2692,2494.3378
North Korea,PRK,1940,1.6059,2623.7305
North Korea,PRK,1941,1.7615,2621.0433
North Korea,PRK,1942,1.9129,2399.6422
North Korea,PRK,1943,1.8234,2462.0046
North Korea,PRK,1990,6.0316,2455.8186
North Korea,PRK,1991,5.6881,2315.9589
North Korea,PRK,1992,4.9177,2120.5461
North Korea,PRK,1993,4.4611,1996.2933
North Korea,PRK,1994,4.0189,1925.956
North Korea,PRK,1995,3.7169,1816.009
North Korea,PRK,1996,3.2396,1733.0995
North Korea,PRK,1997,2.9173,1604.8995
North Korea,PRK,1998,2.6077,1579.9309
North Korea,PRK,1999,2.8199,1664.6422
North Korea,PRK,2000,3.0165,1657.1444
North Korea,PRK,2001,3.0979,1704.3733
North Korea,PRK,2002,2.941,1710.9496
North Korea,PRK,2003,2.9792,1729.6221
North Korea,PRK,2004,3.022,1753.6919
North Korea,PRK,2005,3.1342,1808.0618
North Korea,PRK,2006,3.1666,1778.4957
North Korea,PRK,2007,2.6243,1746.9276
North Korea,PRK,2008,2.893,1794.6574
North Korea,PRK,2009,2.1928,1768.8897
North Korea,PRK,2010,2.0377,1751.4363
North Korea,PRK,2011,1.4666,1756.6108
North Korea,PRK,2012,1.5147,1770.9209
North Korea,PRK,2013,1.0836,1781.3008
North Korea,PRK,2014,1.219,1791.3436
North Korea,PRK,2015,0.9777,1762.5167
North Korea,PRK,2016,1.1622,1742.0223
North Korea,PRK,2017,0.856,1673.2784
North Korea,PRK,2018,0.6917,1596.3517
North Macedonia,MKD,1952,1.4006,2150
North Macedonia,MKD,1953,1.3635,2240
North Macedonia,MKD,1954,1.5986,2289
North Macedonia,MKD,1955,1.8025,2766
North Macedonia,MKD,1956,2.0314,2799
North Macedonia,MKD,1957,2.1759,3062
North Macedonia,MKD,1958,2.1164,3301
North Macedonia,MKD,1959,2.395,3381
North Macedonia,MKD,1960,2.5831,3586
North Macedonia,MKD,1961,2.6734,3634
North Macedonia,MKD,1962,2.7085,3666
North Macedonia,MKD,1963,2.9735,4261
North Macedonia,MKD,1964,3.3222,5450
North Macedonia,MKD,1965,3.3682,4933
North Macedonia,MKD,1966,3.2853,5308
North Macedonia,MKD,1967,3.2636,5485
North Macedonia,MKD,1968,3.4333,5606
North Macedonia,MKD,1969,3.5057,6129
North Macedonia,MKD,1970,4.521,6545
North Macedonia,MKD,1971,4.82,6884
North Macedonia,MKD,1972,4.478,7127
North Macedonia,MKD,1973,5.3068,7471
North Macedonia,MKD,1974,5.2841,7803
North Macedonia,MKD,1975,5.4567,8064
North Macedonia,MKD,1976,5.5625,8319
North Macedonia,MKD,1977,5.3348,8738
North Macedonia,MKD,1978,5.8771,9341
North Macedonia,MKD,1979,6.3084,9891
North Macedonia,MKD,1980,6.134,9899
North Macedonia,MKD,1981,6.6161,9937
North Macedonia,MKD,1982,6.0356,9977
North Macedonia,MKD,1983,6.464,9728
North Macedonia,MKD,1984,6.7874,10007
North Macedonia,MKD,1985,6.8988,9894
North Macedonia,MKD,1986,7.1831,10551
North Macedonia,MKD,1987,6.9962,10385
North Macedonia,MKD,1988,7.2075,10034
North Macedonia,MKD,1989,7.1806,10206
North Macedonia,MKD,1990,7.1056,9173
North Macedonia,MKD,1991,5.0344,8615.7591
North Macedonia,MKD,1992,5.5237,7991.5979
North Macedonia,MKD,1993,5.1026,7317.8347
North Macedonia,MKD,1994,5.3156,7154.0671
North Macedonia,MKD,1995,5.3632,7039.1198
North Macedonia,MKD,1996,5.8733,7095.1665
North Macedonia,MKD,1997,5.2901,7179.0262
North Macedonia,MKD,1998,6.2479,7411.548
North Macedonia,MKD,1999,5.7628,7732.0471
North Macedonia,MKD,2000,5.8953,8083.7897
North Macedonia,MKD,2001,5.8381,7835.0269
North Macedonia,MKD,2002,5.304,7964.0778
North Macedonia,MKD,2003,5.4672,8160.4128
North Macedonia,MKD,2004,5.3988,8561.3837
North Macedonia,MKD,2005,5.4259,8984.5452
North Macedonia,MKD,2006,5.2515,9466.2641
North Macedonia,MKD,2007,4.5432,10099.407
North Macedonia,MKD,2008,4.4965,10674.2084
North Macedonia,MKD,2009,4.1527,10657.8779
North Macedonia,MKD,2010,4.1051,11038.2896
North Macedonia,MKD,2011,4.4375,11321
North Macedonia,MKD,2012,4.2111,11242
North Macedonia,MKD,2013,3.7433,11544
North Macedonia,MKD,2014,3.5903,11937
North Macedonia,MKD,2015,3.3779,12371
North Macedonia,MKD,2016,3.358,12644
North Macedonia,MKD,2017,3.6042,12753.2148
North Macedonia,MKD,2018,3.3721,13074.2313
Norway,NOR,1830,0.0065,1441
Norway,NOR,1831,0.0032,1355
Norway,NOR,1835,0.0124,1503
Norway,NOR,1836,0.0154,1466
Norway,NOR,1837,0.0213,1463
Norway,NOR,1838,0.0422,1482
Norway,NOR,1839,0.0328,1495
Norway,NOR,1840,0.0354,1607
Norway,NOR,1841,0.0467,1592
Norway,NOR,1842,0.0577,1580
Norway,NOR,1843,0.0485,1521
Norway,NOR,1844,0.0508,1567
Norway,NOR,1845,0.0753,1631
Norway,NOR,1846,0.0744,1619
Norway,NOR,1847,0.0763,1670
Norway,NOR,1848,0.0969,1533
Norway,NOR,1849,0.0772,1559
Norway,NOR,1850,0.0999,1623
Norway,NOR,1851,0.1064,1663
Norway,NOR,1852,0.105,1686
Norway,NOR,1853,0.1137,1776
Norway,NOR,1854,0.1595,1859
Norway,NOR,1855,0.172,1897
Norway,NOR,1856,0.2012,1860
Norway,NOR,1857,0.1985,1763
Norway,NOR,1858,0.1722,1865
Norway,NOR,1859,0.2073,1817
Norway,NOR,1860,0.2096,1887
Norway,NOR,1861,0.2666,1879
Norway,NOR,1862,0.228,2007
Norway,NOR,1863,0.2216,1959
Norway,NOR,1864,0.2908,1986
Norway,NOR,1865,0.284,2077
Norway,NOR,1866,0.31,1975
Norway,NOR,1867,0.3659,1991
Norway,NOR,1868,0.3715,1975
Norway,NOR,1869,0.3214,2079
Norway,NOR,1870,0.3628,2177
Norway,NOR,1871,0.349,2276
Norway,NOR,1872,0.3704,2342
Norway,NOR,1873,0.3688,2421
Norway,NOR,1874,0.4523,2348
Norway,NOR,1875,0.5622,2410
Norway,NOR,1876,0.4909,2477
Norway,NOR,1877,0.6552,2450
Norway,NOR,1878,0.5786,2337
Norway,NOR,1879,0.6024,2429
Norway,NOR,1880,0.6534,2503
Norway,NOR,1881,0.6721,2439
Norway,NOR,1882,0.7311,2528
Norway,NOR,1883,0.7848,2582
Norway,NOR,1884,0.8005,2518
Norway,NOR,1885,0.9115,2499
Norway,NOR,1886,0.8873,2528
Norway,NOR,1887,0.8522,2570
Norway,NOR,1888,0.982,2692
Norway,NOR,1889,1.1147,2775
Norway,NOR,1890,1.0358,2769
Norway,NOR,1891,1.194,2762
Norway,NOR,1892,1.2077,2748
Norway,NOR,1893,1.1926,2820
Norway,NOR,1894,1.3919,2935
Norway,NOR,1895,1.4496,3052
Norway,NOR,1896,1.4646,3102
Norway,NOR,1897,1.569,3218
Norway,NOR,1898,1.5518,3266
Norway,NOR,1899,1.8371,3244
Norway,NOR,1900,1.8679,3249
Norway,NOR,1901,1.7363,3271
Norway,NOR,1902,1.8773,3268
Norway,NOR,1903,1.8632,3290
Norway,NOR,1904,1.8156,3288
Norway,NOR,1905,1.7987,3322
Norway,NOR,1906,1.8199,3496
Norway,NOR,1907,2.0461,3537
Norway,NOR,1908,2.4296,3612
Norway,NOR,1909,2.4319,3642
Norway,NOR,1910,2.4861,3826
Norway,NOR,1911,2.5224,3947
Norway,NOR,1912,2.8272,4050
Norway,NOR,1913,2.8155,4415
Norway,NOR,1914,3.1063,4336
Norway,NOR,1915,3.3706,4407
Norway,NOR,1916,3.1185,4803
Norway,NOR,1917,1.3668,4286
Norway,NOR,1918,1.7234,4023
Norway,NOR,1919,2.0293,4605
Norway,NOR,1920,2.0163,4739
Norway,NOR,1921,1.2734,4222
Norway,NOR,1922,2.4287,4570
Norway,NOR,1923,2.5294,4870
Norway,NOR,1924,2.8591,4787
Norway,NOR,1925,2.7926,4733
Norway,NOR,1926,2.3239,4750
Norway,NOR,1927,3.1468,4992
Norway,NOR,1928,3.0497,5241
Norway,NOR,1929,3.4134,5581
Norway,NOR,1930,3.1097,5781
Norway,NOR,1931,2.8644,5297
Norway,NOR,1932,3.0438,5526
Norway,NOR,1933,3.214,5633
Norway,NOR,1934,3.3021,5799
Norway,NOR,1935,3.3859,6057
Norway,NOR,1936,3.5934,6432
Norway,NOR,1937,4.0241,6684
Norway,NOR,1938,3.5648,6794
Norway,NOR,1939,4.2303,7079
Norway,NOR,1940,2.1846,6437
Norway,NOR,1941,1.6025,6554
Norway,NOR,1942,1.527,6261
Norway,NOR,1943,1.78,6089
Norway,NOR,1944,1.5806,5719
Norway,NOR,1945,1.2874,6344
Norway,NOR,1946,2.2488,6910
Norway,NOR,1947,3.3472,7753
Norway,NOR,1948,3.4268,8199
Norway,NOR,1949,3.217,8332
Norway,NOR,1950,2.5824,8655
Norway,NOR,1951,2.8708,9038
Norway,NOR,1952,2.9044,9267
Norway,NOR,1953,2.9057,9540
Norway,NOR,1954,2.9075,9923
Norway,NOR,1955,3.3273,10044
Norway,NOR,1956,3.4528,10480
Norway,NOR,1957,3.2522,10697
Norway,NOR,1958,3.175,10603
Norway,NOR,1959,3.3233,10957
Norway,NOR,1960,3.653,11483
Norway,NOR,1961,3.6929,12106
Norway,NOR,1962,3.8636,12347
Norway,NOR,1963,4.0809,12723
Norway,NOR,1964,4.3758,13256
Norway,NOR,1965,4.4006,13852
Norway,NOR,1966,5.2046,14258
Norway,NOR,1967,5.1004,15020
Norway,NOR,1968,5.5335,15224
Norway,NOR,1969,5.7703,15779
Norway,NOR,1970,7.2184,15983
Norway,NOR,1971,6.9562,16692
Norway,NOR,1972,7.4726,17409
Norway,NOR,1973,7.6984,18050
Norway,NOR,1974,6.9484,18691
Norway,NOR,1975,7.6377,19560
Norway,NOR,1976,8.2802,20610
Norway,NOR,1977,8.2414,21399
Norway,NOR,1978,8.0437,22061
Norway,NOR,1979,8.5096,22971
Norway,NOR,1980,7.7856,24031
Norway,NOR,1981,7.7691,24179
Norway,NOR,1982,7.529,24141
Norway,NOR,1983,7.758,24924
Norway,NOR,1984,8.1845,26321
Norway,NOR,1985,7.7888,27608
Norway,NOR,1986,8.3605,28504
Norway,NOR,1987,7.9488,28953
Norway,NOR,1988,8.4825,28786
Norway,NOR,1989,8.1008,28942
Norway,NOR,1990,8.2636,29434
Norway,NOR,1991,7.8558,31127.6751
Norway,NOR,1992,8.0295,33041.2054
Norway,NOR,1993,8.3414,34819.5168
Norway,NOR,1994,8.7327,37492.8377
Norway,NOR,1995,8.8212,40043.7983
Norway,NOR,1996,9.4678,43133.1435
Norway,NOR,1997,9.4465,46556.4792
Norway,NOR,1998,9.4177,48956.7293
Norway,NOR,1999,9.5319,51129.1829
Norway,NOR,2000,9.3726,54039.9607
Norway,NOR,2001,9.6254,56578.3771
Norway,NOR,2002,9.3759,58840.4142
Norway,NOR,2003,9.6304,60852.2595
Norway,NOR,2004,9.6466,64824.1444
Norway,NOR,2005,9.365,68108.5555
Norway,NOR,2006,9.4098,71310.529
Norway,NOR,2007,9.6864,74879.8086
Norway,NOR,2008,9.3978,76522.0634
Norway,NOR,2009,8.964,76625.6339
Norway,NOR,2010,9.3529,78476.1453
Norway,NOR,2011,9.057,80623
Norway,NOR,2012,8.8441,81759
Norway,NOR,2013,8.7881,81583
Norway,NOR,2014,8.7662,82216
Norway,NOR,2015,8.7726,82713
Norway,NOR,2016,8.5318,82814
Norway,NOR,2017,8.3779,84056.3337
Norway,NOR,2018,8.3307,84580.1362
Oman,OMN,1964,0.0181,1714
Oman,OMN,1965,0.041,1678
Oman,OMN,1966,0.0457,1722
Oman,OMN,1967,0.2054,2788
Oman,OMN,1968,0.2372,4932
Oman,OMN,1969,0.3346,6028
Oman,OMN,1970,0.324,6056
Oman,OMN,1971,2.7934,5923
Oman,OMN,1972,2.69,6271
Oman,OMN,1973,2.6152,5227
Oman,OMN,1974,2.7721,5644
Oman,OMN,1975,8.2208,6802
Oman,OMN,1976,8.972,7328
Oman,OMN,1977,8.6934,6998
Oman,OMN,1978,7.5423,6513
Oman,OMN,1979,7.0672,6446
Oman,OMN,1980,5.234,6491
Oman,OMN,1981,4.926,7210
Oman,OMN,1982,4.4418,7651
Oman,OMN,1983,5.5293,8521
Oman,OMN,1984,5.6276,9526
Oman,OMN,1985,5.7518,10433
Oman,OMN,1986,6.2932,10268
Oman,OMN,1987,5.804,10699
Oman,OMN,1988,6.2669,10633
Oman,OMN,1989,5.7351,10692
Oman,OMN,1990,6.1929,10327
Oman,OMN,1991,6.1226,11131.0002
Oman,OMN,1992,5.9965,12251.1576
Oman,OMN,1993,6.3823,13226.6432
Oman,OMN,1994,7.0071,14079.5331
Oman,OMN,1995,7.1312,15292.176
Oman,OMN,1996,6.6545,16491.1678
Oman,OMN,1997,6.7776,18518.4805
Oman,OMN,1998,7.2388,20213.0204
Oman,OMN,1999,9.1164,21519.6709
Oman,OMN,2000,9.4955,24186.3654
Oman,OMN,2001,8.7613,26431.1005
Oman,OMN,2002,10.8079,27141.8429
Oman,OMN,2003,13.4222,27313.9797
Oman,OMN,2004,11.2828,28607.0844
Oman,OMN,2005,11.7341,30392.5601
Oman,OMN,2006,15.13,33374.8939
Oman,OMN,2007,16.5476,36424.9794
Oman,OMN,2008,15.3074,40909.9379
Oman,OMN,2009,14.1347,44244.6466
Oman,OMN,2010,15.4253,46182.1601
Oman,OMN,2011,16.4485,44454
Oman,OMN,2012,16.8575,44008
Oman,OMN,2013,16.2765,41680
Oman,OMN,2014,15.0664,39418
Oman,OMN,2015,14.4953,38738
Oman,OMN,2016,13.4645,38515
Oman,OMN,2017,14.1249,37101.736
Oman,OMN,2018,12.5515,36477.6365
Pakistan,PAK,1950,0.1426,1025
Pakistan,PAK,1951,0.174,969
Pakistan,PAK,1952,0.1813,950
Pakistan,PAK,1953,0.1817,1015
Pakistan,PAK,1954,0.1815,1014
Pakistan,PAK,1955,0.1837,1012
Pakistan,PAK,1956,0.2135,1017
Pakistan,PAK,1957,0.2162,1036
Pakistan,PAK,1958,0.2377,1025
Pakistan,PAK,1959,0.2256,1009
Pakistan,PAK,1960,0.2651,1031
Pakistan,PAK,1961,0.2681,1066
Pakistan,PAK,1962,0.2875,1114
Pakistan,PAK,1963,0.3224,1152
Pakistan,PAK,1964,0.3232,1208
Pakistan,PAK,1965,0.3305,1229
Pakistan,PAK,1966,0.3277,1294
Pakistan,PAK,1967,0.3388,1307
Pakistan,PAK,1968,0.3782,1361
Pakistan,PAK,1969,0.3571,1411
Pakistan,PAK,1970,0.3527,1517
Pakistan,PAK,1971,0.3255,1484
Pakistan,PAK,1972,0.308,1455
Pakistan,PAK,1973,0.3171,1521
Pakistan,PAK,1974,0.3295,1533
Pakistan,PAK,1975,0.347,1559
Pakistan,PAK,1976,0.3311,1604
Pakistan,PAK,1977,0.3427,1631
Pakistan,PAK,1978,0.3559,1720
Pakistan,PAK,1979,0.3723,1733
Pakistan,PAK,1980,0.4091,1851
Pakistan,PAK,1981,0.4243,1924
Pakistan,PAK,1982,0.4457,2002
Pakistan,PAK,1983,0.4638,2077
Pakistan,PAK,1984,0.477,2106
Pakistan,PAK,1985,0.5078,2230
Pakistan,PAK,1986,0.5152,2302
Pakistan,PAK,1987,0.5391,2364
Pakistan,PAK,1988,0.5682,2442
Pakistan,PAK,1989,0.5771,2487
Pakistan,PAK,1990,0.6301,2531
Pakistan,PAK,1991,0.6091,2644.5742
Pakistan,PAK,1992,0.6322,2732.3816
Pakistan,PAK,1993,0.6591,2777.332
Pakistan,PAK,1994,0.698,2855.9062
Pakistan,PAK,1995,0.6755,2947.6826
Pakistan,PAK,1996,0.7345,2979.8082
Pakistan,PAK,1997,0.7156,2986.7056
Pakistan,PAK,1998,0.7174,3035.4517
Pakistan,PAK,1999,0.717,3111.9586
Pakistan,PAK,2000,0.7406,3154.5116
Pakistan,PAK,2001,0.7339,3176.9468
Pakistan,PAK,2002,0.755,3265.6866
Pakistan,PAK,2003,0.7674,3437.9918
Pakistan,PAK,2004,0.8295,3664.5334
Pakistan,PAK,2005,0.8406,3883.9345
Pakistan,PAK,2006,0.8763,4062.6665
Pakistan,PAK,2007,0.9287,4160.3652
Pakistan,PAK,2008,0.9051,4224.4048
Pakistan,PAK,2009,0.8843,4288.4618
Pakistan,PAK,2010,0.8591,4354.267
Pakistan,PAK,2011,0.8436,4464
Pakistan,PAK,2012,0.8216,4569
Pakistan,PAK,2013,0.7866,4703
Pakistan,PAK,2014,0.8,4850
Pakistan,PAK,2015,0.8487,5030
Pakistan,PAK,2016,1.0166,5223
Pakistan,PAK,2017,1.1254,5392.2283
Pakistan,PAK,2018,1.1229,5510.3967
Palestine,PSE,1990,0.4097,5345
Palestine,PSE,1991,0.403,4732.1707
Palestine,PSE,1992,0.4004,5410.6249
Palestine,PSE,1993,0.3907,5527.9949
Palestine,PSE,1994,0.3866,5893.4701
Palestine,PSE,1995,0.361,5756.8451
Palestine,PSE,1996,0.3781,5320.2554
Palestine,PSE,1997,0.3011,5598.0209
Palestine,PSE,1998,0.4872,6051.8829
Palestine,PSE,1999,0.4381,6204.6466
Palestine,PSE,2000,0.5148,5377.3935
Palestine,PSE,2001,0.4074,4626.3031
Palestine,PSE,2002,0.3415,3842.1464
Palestine,PSE,2003,0.3715,4158.2993
Palestine,PSE,2004,0.6261,4358.5176
Palestine,PSE,2005,0.766,4589.6258
Palestine,PSE,2006,0.6183,4193.1537
Palestine,PSE,2007,0.6184,4250.9887
Palestine,PSE,2008,0.532,4287.2092
Palestine,PSE,2009,0.5277,4426.3168
Palestine,PSE,2010,0.5014,4548.5311
Palestine,PSE,2011,0.5413,4863
Palestine,PSE,2012,0.5183,5054
Palestine,PSE,2013,0.5623,5054
Palestine,PSE,2014,0.6404,4939
Palestine,PSE,2015,0.6634,5003
Palestine,PSE,2016,0.6971,5321.3826
Palestine,PSE,2017,0.6885,5270.0702
Palestine,PSE,2018,0.608,5207.7569
Panama,PAN,1948,0.0267,2724
Panama,PAN,1949,0.0303,2732
Panama,PAN,1950,0.6092,2577
Panama,PAN,1951,0.6357,2491
Panama,PAN,1952,0.8017,2557
Panama,PAN,1953,0.7768,2649
Panama,PAN,1954,0.6677,2681
Panama,PAN,1955,0.728,2766
Panama,PAN,1956,0.6315,2836
Panama,PAN,1957,0.7373,3054
Panama,PAN,1958,0.8707,3014
Panama,PAN,1959,0.9055,3124
Panama,PAN,1960,0.8792,3217
Panama,PAN,1961,0.9446,3462
Panama,PAN,1962,0.9899,3647
Panama,PAN,1963,0.9548,3877
Panama,PAN,1964,0.9728,3929
Panama,PAN,1965,1.1617,4151
Panama,PAN,1966,1.2228,4331
Panama,PAN,1967,1.2166,4559
Panama,PAN,1968,1.4067,4752
Panama,PAN,1969,1.3892,4976
Panama,PAN,1970,1.4488,5131
Panama,PAN,1971,1.6636,5471
Panama,PAN,1972,1.7404,5571
Panama,PAN,1973,1.9581,5719
Panama,PAN,1974,1.776,5695
Panama,PAN,1975,2.0968,5649
Panama,PAN,1976,2.0134,5604
Panama,PAN,1977,1.8802,5512
Panama,PAN,1978,1.5042,5946
Panama,PAN,1979,1.647,6075
Panama,PAN,1980,1.5707,6849
Panama,PAN,1981,1.6401,7313
Panama,PAN,1982,1.581,7444
Panama,PAN,1983,1.6399,7186
Panama,PAN,1984,1.3212,7192
Panama,PAN,1985,1.2288,7404
Panama,PAN,1986,1.2055,7578
Panama,PAN,1987,1.3715,7653
Panama,PAN,1988,1.2306,6743
Panama,PAN,1989,1.0375,6715
Panama,PAN,1990,1.0652,7119
Panama,PAN,1991,1.2304,7659.4701
Panama,PAN,1992,1.5964,8148.6316
Panama,PAN,1993,1.4394,8450.6717
Panama,PAN,1994,1.5563,8549.6476
Panama,PAN,1995,1.3334,8555.7834
Panama,PAN,1996,1.5902,8652.0758
Panama,PAN,1997,1.6224,9054.722
Panama,PAN,1998,2.0261,9560.3354
Panama,PAN,1999,1.8922,9784.6941
Panama,PAN,2000,1.8904,9898.7878
Panama,PAN,2001,2.2505,9804.5588
Panama,PAN,2002,1.8484,9879.4544
Panama,PAN,2003,1.8978,10153.772
Panama,PAN,2004,1.7468,10769.5232
Panama,PAN,2005,2.0934,11389.244
Panama,PAN,2006,2.2184,12195.7468
Panama,PAN,2007,2.1281,13492.383
Panama,PAN,2008,2.0859,14466.9673
Panama,PAN,2009,2.3638,14515.766
Panama,PAN,2010,2.4905,15169.1247
Panama,PAN,2011,2.6853,16762
Panama,PAN,2012,2.5906,18051
Panama,PAN,2013,2.7411,18979
Panama,PAN,2014,2.7825,19855
Panama,PAN,2015,2.741,20723
Panama,PAN,2016,2.6146,21449
Panama,PAN,2017,2.7301,22206.9911
Panama,PAN,2018,2.5691,22637.1482
Paraguay,PRY,1950,0.0423,2391
Paraguay,PRY,1951,0.0315,2373
Paraguay,PRY,1952,0.0661,2273
Paraguay,PRY,1953,0.076,2276
Paraguay,PRY,1954,0.1123,2255
Paraguay,PRY,1955,0.1138,2299
Paraguay,PRY,1956,0.1152,2335
Paraguay,PRY,1957,0.1206,2381
Paraguay,PRY,1958,0.1338,2453
Paraguay,PRY,1959,0.1639,2385
Paraguay,PRY,1960,0.1597,2346
Paraguay,PRY,1961,0.1856,2396
Paraguay,PRY,1962,0.1953,2499
Paraguay,PRY,1963,0.1991,2504
Paraguay,PRY,1964,0.2043,2546
Paraguay,PRY,1965,0.2529,2624
Paraguay,PRY,1966,0.2299,2584
Paraguay,PRY,1967,0.2127,2676
Paraguay,PRY,1968,0.2508,2699
Paraguay,PRY,1969,0.2155,2730
Paraguay,PRY,1970,0.3004,2825
Paraguay,PRY,1971,0.2498,2906
Paraguay,PRY,1972,0.2748,3017
Paraguay,PRY,1973,0.3262,3150
Paraguay,PRY,1974,0.3492,3319
Paraguay,PRY,1975,0.2997,3464
Paraguay,PRY,1976,0.3599,3629
Paraguay,PRY,1977,0.3928,3945
Paraguay,PRY,1978,0.4824,4302
Paraguay,PRY,1979,0.4282,4693
Paraguay,PRY,1980,0.4669,5113
Paraguay,PRY,1981,0.4226,5424
Paraguay,PRY,1982,0.4044,5230
Paraguay,PRY,1983,0.4059,4935
Paraguay,PRY,1984,0.4172,4945
Paraguay,PRY,1985,0.421,4994
Paraguay,PRY,1986,0.4374,4854
Paraguay,PRY,1987,0.4822,4919
Paraguay,PRY,1988,0.5357,5082
Paraguay,PRY,1989,0.5407,5222
Paraguay,PRY,1990,0.5057,5230
Paraguay,PRY,1991,0.4853,5224.2996
Paraguay,PRY,1992,0.5804,5186.564
Paraguay,PRY,1993,0.6397,5270.8995
Paraguay,PRY,1994,0.7296,5305.5006
Paraguay,PRY,1995,0.8242,5463.6228
Paraguay,PRY,1996,0.7609,5360.7433
Paraguay,PRY,1997,0.8259,5399.4258
Paraguay,PRY,1998,0.8583,5321.9193
Paraguay,PRY,1999,0.8389,5150.4085
Paraguay,PRY,2000,0.6774,4896.4295
Paraguay,PRY,2001,0.6808,4918.0459
Paraguay,PRY,2002,0.6973,5571.4275
Paraguay,PRY,2003,0.7157,5726.99
Paraguay,PRY,2004,0.7087,5876.6603
Paraguay,PRY,2005,0.649,5922.7908
Paraguay,PRY,2006,0.661,6128.6424
Paraguay,PRY,2007,0.6738,6383.4852
Paraguay,PRY,2008,0.7035,6713.0302
Paraguay,PRY,2009,0.7352,6376.9415
Paraguay,PRY,2010,0.8037,7139.0268
Paraguay,PRY,2011,0.8208,7377
Paraguay,PRY,2012,0.8056,7193
Paraguay,PRY,2013,0.7945,8102
Paraguay,PRY,2014,0.8271,8382
Paraguay,PRY,2015,0.9047,8539
Paraguay,PRY,2016,1.0597,8786
Paraguay,PRY,2017,1.1756,9113.7877
Paraguay,PRY,2018,1.2233,9338.9484
Peru,PER,1884,0.0012,912
Peru,PER,1885,0.0012,854
Peru,PER,1886,0.0023,894
Peru,PER,1887,0.0023,826
Peru,PER,1888,0.0022,915
Peru,PER,1889,0.0022,901
Peru,PER,1890,0.0033,846
Peru,PER,1891,0.014,901
Peru,PER,1892,0.0192,925
Peru,PER,1893,0.0138,864
Peru,PER,1894,0.0115,792
Peru,PER,1895,0.0114,838
Peru,PER,1896,0.0113,917
Peru,PER,1897,0.0112,987
Peru,PER,1898,0.0243,1034
Peru,PER,1899,0.0441,1073
Peru,PER,1900,0.0665,1084
Peru,PER,1901,0.0638,1149
Peru,PER,1902,0.0262,1207
Peru,PER,1903,0.0555,1272
Peru,PER,1904,0.0718,1299
Peru,PER,1905,0.0896,1377
Peru,PER,1906,0.10780000000000001,1468
Peru,PER,1907,0.1983,1540
Peru,PER,1908,0.2973,1549
Peru,PER,1909,0.3653,1556
Peru,PER,1910,0.3178,1564
Peru,PER,1911,0.3553,1576
Peru,PER,1912,0.3397,1613
Peru,PER,1913,0.3615,1645
Peru,PER,1914,0.3503,1615
Peru,PER,1915,0.4231,1733
Peru,PER,1916,0.4347,1889
Peru,PER,1917,0.438,1934
Peru,PER,1918,0.4199,1921
Peru,PER,1919,0.4222,1961
Peru,PER,1920,0.4511,1954
Peru,PER,1921,0.5069,2004
Peru,PER,1922,0.6025,2144
Peru,PER,1923,0.5983,2255
Peru,PER,1924,0.7152,2429
Peru,PER,1925,0.9317,2455
Peru,PER,1926,0.9075,2662
Peru,PER,1927,0.8838,2668
Peru,PER,1928,0.9995,2796
Peru,PER,1929,1.2956,3041
Peru,PER,1930,1.0127,2651
Peru,PER,1931,0.7974,2397
Peru,PER,1932,0.7163,2268
Peru,PER,1933,1.1431,2483
Peru,PER,1934,1.1396,2774
Peru,PER,1935,1.1908,2986
Peru,PER,1936,1.2106,3078
Peru,PER,1937,1.4158,3070
Peru,PER,1938,1.2673,3068
Peru,PER,1939,0.9112,3037
Peru,PER,1940,0.8116,3046
Peru,PER,1941,0.791,2997
Peru,PER,1942,0.895,2880
Peru,PER,1943,0.9578,2876
Peru,PER,1944,0.9244,3070
Peru,PER,1945,0.8825,3131
Peru,PER,1946,0.7981,3196
Peru,PER,1947,0.8041,3231
Peru,PER,1948,0.8543,3282
Peru,PER,1949,0.8705,3470
Peru,PER,1950,0.584,3679
Peru,PER,1951,0.5984,3867
Peru,PER,1952,0.6337,3964
Peru,PER,1953,0.6561,4111
Peru,PER,1954,0.7227,4117
Peru,PER,1955,0.6913,4309
Peru,PER,1956,0.6936,4385
Peru,PER,1957,0.7139,4479
Peru,PER,1958,0.7675,4372
Peru,PER,1959,0.7307,4275
Peru,PER,1960,0.804,4733
Peru,PER,1961,0.8265,5008
Peru,PER,1962,0.9265,5230
Peru,PER,1963,0.9241,5314
Peru,PER,1964,1.0764,5523
Peru,PER,1965,1.0205,5729
Peru,PER,1966,1.0992,6038
Peru,PER,1967,1.1012,6107
Peru,PER,1968,1.1375,5874
Peru,PER,1969,1.1675,5859
Peru,PER,1970,1.3199,6143
Peru,PER,1971,1.3436,6242
Peru,PER,1972,1.2761,6264
Peru,PER,1973,1.3494,6413
Peru,PER,1974,1.4201,6566
Peru,PER,1975,1.4216,6896
Peru,PER,1976,1.4143,6808
Peru,PER,1977,1.4329,6626
Peru,PER,1978,1.3434,6454
Peru,PER,1979,1.2982,6664
Peru,PER,1980,1.3714,6795
Peru,PER,1981,1.3359,6921
Peru,PER,1982,1.2808,6770
Peru,PER,1983,1.0806,5729
Peru,PER,1984,1.0679,5859
Peru,PER,1985,0.9839,5844
Peru,PER,1986,1.0764,6290
Peru,PER,1987,1.2418,6682
Peru,PER,1988,1.1827,6003
Peru,PER,1989,1.0068,5160
Peru,PER,1990,0.9696,4795
Peru,PER,1991,0.9217,4812.2118
Peru,PER,1992,0.9137,4698.483
Peru,PER,1993,1.0204,4857.0212
Peru,PER,1994,0.9961,5361.4226
Peru,PER,1995,1.0152,5668.0329
Peru,PER,1996,0.9786,5739.79
Peru,PER,1997,1.0823,6027.8164
Peru,PER,1998,1.076,5926.7329
Peru,PER,1999,1.1187,5945.1953
Peru,PER,2000,1.1377,6038.2444
Peru,PER,2001,1.0068,6010.225
Peru,PER,2002,0.9966,6274.4185
Peru,PER,2003,0.9575,6472.3409
Peru,PER,2004,1.1478,6731.0047
Peru,PER,2005,1.3254,7091.1333
Peru,PER,2006,1.0117,7560.8972
Peru,PER,2007,1.2236,8138.365
Peru,PER,2008,1.4288,8812.6182
Peru,PER,2009,1.7823,8836.0166
Peru,PER,2010,1.9696,9507.7801
Peru,PER,2011,1.6718,10044
Peru,PER,2012,1.8315,10533
Peru,PER,2013,1.4463,11034
Peru,PER,2014,1.6428,11186
Peru,PER,2015,1.6103,11445
Peru,PER,2016,1.7047,11776
Peru,PER,2017,1.7085,11952.5252
Peru,PER,2018,1.7084,12310.0847
Philippines,PHL,1907,0.001,1191
Philippines,PHL,1908,0.0024,1235
Philippines,PHL,1909,0.0071,1235
Philippines,PHL,1910,0.0065,1393
Philippines,PHL,1911,0.0046,1455
Philippines,PHL,1912,4e-4,1452
Philippines,PHL,1913,9e-4,1575
Philippines,PHL,1914,0.0022,1517
Philippines,PHL,1915,0.0064,1395
Philippines,PHL,1916,0.0059,1599
Philippines,PHL,1917,0.0012,1830
Philippines,PHL,1918,0.0032,2050
Philippines,PHL,1919,0.0064,1932
Philippines,PHL,1920,0.0109,2055
Philippines,PHL,1921,0.0073,1969
Philippines,PHL,1922,0.0079,2163
Philippines,PHL,1923,0.0077,1992
Philippines,PHL,1924,0.0083,2133
Philippines,PHL,1925,0.0081,2109
Philippines,PHL,1926,0.0048,2174
Philippines,PHL,1927,0.0037,2177
Philippines,PHL,1928,0.0072,2219
Philippines,PHL,1929,0.0061,2252
Philippines,PHL,1930,0.0076,2203
Philippines,PHL,1931,0.0068,2168
Philippines,PHL,1932,0.0072,2212
Philippines,PHL,1933,0.0062,2181
Philippines,PHL,1934,0.0069,2149
Philippines,PHL,1935,0.0076,1956
Philippines,PHL,1936,0.0091,2174
Philippines,PHL,1937,0.0089,2276
Philippines,PHL,1938,0.0113,2295
Philippines,PHL,1939,0.0059,2404
Philippines,PHL,1940,0.0078,2402
Philippines,PHL,1946,0.0067,1030
Philippines,PHL,1947,0.0115,1395
Philippines,PHL,1948,0.0122,1583
Philippines,PHL,1949,0.0176,1634
Philippines,PHL,1950,0.194,1706
Philippines,PHL,1951,0.1846,1835
Philippines,PHL,1952,0.2031,1890
Philippines,PHL,1953,0.1951,1999
Philippines,PHL,1954,0.2489,2085
Philippines,PHL,1955,0.2983,2165
Philippines,PHL,1956,0.2724,2248
Philippines,PHL,1957,0.2833,2299
Philippines,PHL,1958,0.3077,2308
Philippines,PHL,1959,0.2844,2393
Philippines,PHL,1960,0.3169,2353
Philippines,PHL,1961,0.3208,2410
Philippines,PHL,1962,0.3681,2450
Philippines,PHL,1963,0.3954,2542
Philippines,PHL,1964,0.428,2550
Philippines,PHL,1965,0.4518,2603
Philippines,PHL,1966,0.5054,2636
Philippines,PHL,1967,0.5547,2694
Philippines,PHL,1968,0.6576,2745
Philippines,PHL,1969,0.6563,2789
Philippines,PHL,1970,0.6913,2812
Philippines,PHL,1971,0.7477,2882
Philippines,PHL,1972,0.6964,2954
Philippines,PHL,1973,0.8073,3131
Philippines,PHL,1974,0.7596,3154
Philippines,PHL,1975,0.7868,3241
Philippines,PHL,1976,0.8261,3430
Philippines,PHL,1977,0.8406,3524
Philippines,PHL,1978,0.8337,3606
Philippines,PHL,1979,0.8253,3703
Philippines,PHL,1980,0.7785,3787
Philippines,PHL,1981,0.7094,3819
Philippines,PHL,1982,0.6964,3859
Philippines,PHL,1983,0.6855,3837
Philippines,PHL,1984,0.5836,3469
Philippines,PHL,1985,0.514,3135
Philippines,PHL,1986,0.5206,3161
Philippines,PHL,1987,0.5675,3218
Philippines,PHL,1988,0.6375,3355
Philippines,PHL,1989,0.6448,3481
Philippines,PHL,1990,0.6681,3502
Philippines,PHL,1991,0.6851,3432.5828
Philippines,PHL,1992,0.7427,3399.2426
Philippines,PHL,1993,0.7347,3427.1294
Philippines,PHL,1994,0.7938,3529.0073
Philippines,PHL,1995,0.8591,3637.6256
Philippines,PHL,1996,0.8579,3790.7788
Philippines,PHL,1997,0.9593,3928.0144
Philippines,PHL,1998,0.914,3852.6327
Philippines,PHL,1999,0.8932,3917.0886
Philippines,PHL,2000,0.9276,4033.5609
Philippines,PHL,2001,0.8824,4090.2183
Philippines,PHL,2002,0.8622,4181.3757
Philippines,PHL,2003,0.8454,4333.2138
Philippines,PHL,2004,0.8591,4562.5027
Philippines,PHL,2005,0.8488,4721.0007
Philippines,PHL,2006,0.7569,4908.6169
Philippines,PHL,2007,0.7915,5172.6619
Philippines,PHL,2008,0.8504,5328.6824
Philippines,PHL,2009,0.8277,5338.3062
Philippines,PHL,2010,0.8828,5694.0467
Philippines,PHL,2011,0.8762,5851
Philippines,PHL,2012,0.9094,6144
Philippines,PHL,2013,0.9689,6472
Philippines,PHL,2014,1.0067,6763
Philippines,PHL,2015,1.0982,7047
Philippines,PHL,2016,1.1792,7410
Philippines,PHL,2017,1.2827,7781.1094
Philippines,PHL,2018,1.3189,8139.1395
Poland,POL,1800,0.0452,902
Poland,POL,1811,0.0604,690
Poland,POL,1812,0.0462,663
Poland,POL,1813,0.0385,679
Poland,POL,1814,0.0503,720
Poland,POL,1815,0.0587,733
Poland,POL,1816,0.067,736
Poland,POL,1817,0.0729,746
Poland,POL,1818,0.0899,762
Poland,POL,1819,0.0733,792
Poland,POL,1820,0.0717,818
Poland,POL,1821,0.0788,834
Poland,POL,1822,0.0859,850
Poland,POL,1823,0.1145,870
Poland,POL,1824,0.1187,888
Poland,POL,1825,0.1226,897
Poland,POL,1826,0.112,902
Poland,POL,1827,0.1192,921
Poland,POL,1828,0.1093,942
Poland,POL,1829,0.0957,953
Poland,POL,1830,0.0882,942
Poland,POL,1831,0.0716,929
Poland,POL,1832,0.0907,923
Poland,POL,1833,0.0936,920
Poland,POL,1834,0.0976,923
Poland,POL,1835,0.1039,915
Poland,POL,1836,0.1168,912
Poland,POL,1837,0.1247,923
Poland,POL,1838,0.1333,921
Poland,POL,1839,0.1403,913
Poland,POL,1840,0.1629,907
Poland,POL,1841,0.1759,921
Poland,POL,1842,0.1862,917
Poland,POL,1843,0.1819,913
Poland,POL,1844,0.1923,915
Poland,POL,1845,0.2228,932
Poland,POL,1846,0.2336,944
Poland,POL,1847,0.2377,956
Poland,POL,1848,0.2377,960
Poland,POL,1849,0.2325,960
Poland,POL,1850,0.2455,985
Poland,POL,1851,0.2624,1038
Poland,POL,1852,0.3096,1062
Poland,POL,1853,0.3196,1108
Poland,POL,1854,0.3493,1133
Poland,POL,1855,0.4057,1162
Poland,POL,1856,0.4502,1159
Poland,POL,1857,0.4726,1183
Poland,POL,1858,0.5354,1237
Poland,POL,1859,0.4879,1296
Poland,POL,1860,0.5071,1358
Poland,POL,1861,0.513,1387
Poland,POL,1862,0.5815,1376
Poland,POL,1863,0.6557,1387
Poland,POL,1864,0.7224,1420
Poland,POL,1865,0.7897,1446
Poland,POL,1866,0.763,1470
Poland,POL,1867,0.824,1516
Poland,POL,1868,0.9253,1556
Poland,POL,1869,0.9431,1559
Poland,POL,1870,0.993,1575
Poland,POL,1871,1.1149,1576
Poland,POL,1872,1.195,1599
Poland,POL,1873,1.2755,1653
Poland,POL,1874,1.3773,1682
Poland,POL,1875,1.3327,1686
Poland,POL,1876,1.342,1733
Poland,POL,1877,1.244,1761
Poland,POL,1878,1.2891,1800
Poland,POL,1879,1.3825,1835
Poland,POL,1880,1.355,1886
Poland,POL,1881,1.329,1927
Poland,POL,1882,1.3601,1978
Poland,POL,1883,1.4719,2026
Poland,POL,1884,1.512,2056
Poland,POL,1885,1.5563,2083
Poland,POL,1886,1.5725,2091
Poland,POL,1887,1.5607,2087
Poland,POL,1888,1.7123,2120
Poland,POL,1889,1.8254,2161
Poland,POL,1890,1.8638,2204
Poland,POL,1891,1.9975,2235
Poland,POL,1892,1.8815,2276
Poland,POL,1893,1.9641,2311
Poland,POL,1894,1.9818,2340
Poland,POL,1895,2.0904,2364
Poland,POL,1896,2.2326,2415
Poland,POL,1897,2.315,2477
Poland,POL,1898,2.4956,2546
Poland,POL,1899,2.5627,2630
Poland,POL,1900,2.6009,2700
Poland,POL,1910,3.6582,2694
Poland,POL,1913,4.5959,2772
Poland,POL,1920,3.2055,3000
Poland,POL,1929,2.6828,3374
Poland,POL,1930,2.0624,3178
Poland,POL,1931,1.9787,2906
Poland,POL,1932,1.5026,2643
Poland,POL,1933,1.5369,2534
Poland,POL,1934,1.5984,2539
Poland,POL,1935,1.6212,2546
Poland,POL,1936,1.742,2590
Poland,POL,1937,1.9546,3052
Poland,POL,1938,2.0665,3478
Poland,POL,1948,3.5242,3439.4911
Poland,POL,1949,4.228,3630.2634
Poland,POL,1950,4.5167,3900
Poland,POL,1951,4.8306,4001
Poland,POL,1952,4.9698,4018
Poland,POL,1953,5.3005,4173
Poland,POL,1954,5.5136,4328
Poland,POL,1955,5.6547,4454
Poland,POL,1956,5.9927,4565
Poland,POL,1957,6.3229,4721
Poland,POL,1958,6.1509,4873
Poland,POL,1959,6.4983,4935
Poland,POL,1960,6.7392,5125
Poland,POL,1961,6.9043,5461
Poland,POL,1962,7.1277,5325
Poland,POL,1963,7.5155,5582
Poland,POL,1964,7.8199,5773
Poland,POL,1965,7.8754,6036
Poland,POL,1966,7.978,6362
Poland,POL,1967,8.1195,6540
Poland,POL,1968,8.5787,6881
Poland,POL,1969,9.0564,6760
Poland,POL,1970,9.3183,7058
Poland,POL,1971,9.5128,7503
Poland,POL,1972,9.9407,7986
Poland,POL,1973,10.0441,8512
Poland,POL,1974,10.2784,8928
Poland,POL,1975,11.0324,9258
Poland,POL,1976,11.6184,9397
Poland,POL,1977,12.0897,9483
Poland,POL,1978,12.3509,9741
Poland,POL,1979,12.5339,9471
Poland,POL,1980,13.0369,9149
Poland,POL,1981,11.3995,8584
Poland,POL,1982,11.6221,8429
Poland,POL,1983,11.5173,8764
Poland,POL,1984,11.7314,9006
Poland,POL,1985,11.9704,9022
Poland,POL,1986,12.0946,9240
Poland,POL,1987,12.3516,9059
Poland,POL,1988,11.7841,9228
Poland,POL,1989,11.159,9060
Poland,POL,1990,9.9264,8150
Poland,POL,1991,9.8162,7625.8427
Poland,POL,1992,9.5488,7873.9249
Poland,POL,1993,9.5412,8229.5291
Poland,POL,1994,9.3909,8721.8274
Poland,POL,1995,9.4355,9408.2745
Poland,POL,1996,9.8044,10066.171
Poland,POL,1997,9.5346,10811.2742
Poland,POL,1998,8.7995,11413.2559
Poland,POL,1999,8.5443,12058.4198
Poland,POL,2000,8.2396,12732.1668
Poland,POL,2001,8.145,13017.5843
Poland,POL,2002,7.9656,13415.5709
Poland,POL,2003,8.3138,14035.6364
Poland,POL,2004,8.4484,14906.0942
Poland,POL,2005,8.4283,15580.9367
Poland,POL,2006,8.794,16711.448
Poland,POL,2007,8.779,18067.428
Poland,POL,2008,8.6153,19011.5461
Poland,POL,2009,8.2614,19718.4644
Poland,POL,2010,8.737,20608.6931
Poland,POL,2011,8.7316,21837
Poland,POL,2012,8.5464,22188
Poland,POL,2013,8.4547,22510
Poland,POL,2014,8.1457,23266
Poland,POL,2015,8.2405,24177
Poland,POL,2016,8.5377,24838
Poland,POL,2017,8.8974,26061.1636
Poland,POL,2018,8.8866,27455.237
Portugal,PRT,1870,0.0051,1554
Portugal,PRT,1871,0.0084,1487
Portugal,PRT,1872,0.1188,1521
Portugal,PRT,1873,0.1646,1575
Portugal,PRT,1874,0.1198,1540
Portugal,PRT,1875,0.2618,1529
Portugal,PRT,1876,0.2553,1486
Portugal,PRT,1877,0.1483,1545
Portugal,PRT,1878,0.1409,1537
Portugal,PRT,1879,0.1544,1529
Portugal,PRT,1880,0.1906,1510
Portugal,PRT,1881,0.1915,1546
Portugal,PRT,1882,0.2314,1581
Portugal,PRT,1883,0.241,1607
Portugal,PRT,1884,0.252,1648
Portugal,PRT,1885,0.2315,1677
Portugal,PRT,1886,0.2537,1753
Portugal,PRT,1887,0.259,1776
Portugal,PRT,1888,0.2768,1782
Portugal,PRT,1889,0.3157,1734
Portugal,PRT,1890,0.3343,1798
Portugal,PRT,1891,0.344,1752
Portugal,PRT,1892,0.3321,1733
Portugal,PRT,1893,0.2948,1755
Portugal,PRT,1894,0.3437,1720
Portugal,PRT,1895,0.3258,1780
Portugal,PRT,1896,0.3297,1793
Portugal,PRT,1897,0.344,1884
Portugal,PRT,1898,0.3911,1935
Portugal,PRT,1899,0.3998,1991
Portugal,PRT,1900,0.4564,2075
Portugal,PRT,1901,0.4387,2023
Portugal,PRT,1902,0.4771,2018
Portugal,PRT,1903,0.4552,2029
Portugal,PRT,1904,0.4619,2039
Portugal,PRT,1905,0.4476,1965
Portugal,PRT,1906,0.5102,1962
Portugal,PRT,1907,0.5519,1991
Portugal,PRT,1908,0.5441,1943
Portugal,PRT,1909,0.549,1926
Portugal,PRT,1910,0.5551,1957
Portugal,PRT,1911,0.5343,1980
Portugal,PRT,1912,0.6187,2004
Portugal,PRT,1913,0.6518,1992
Portugal,PRT,1914,0.5688,2005
Portugal,PRT,1915,0.5187,1957
Portugal,PRT,1916,0.5015,1967
Portugal,PRT,1917,0.2771,1932
Portugal,PRT,1918,0.1829,1833
Portugal,PRT,1919,0.3587,1870
Portugal,PRT,1920,0.3474,1959
Portugal,PRT,1921,0.3518,2056
Portugal,PRT,1922,0.4802,2279
Portugal,PRT,1923,0.4294,2348
Portugal,PRT,1924,0.4801,2233
Portugal,PRT,1925,0.4888,2305
Portugal,PRT,1926,0.4853,2262
Portugal,PRT,1927,0.5553,2627
Portugal,PRT,1928,0.6035,2343
Portugal,PRT,1929,0.5925,2566
Portugal,PRT,1930,0.6379,2504
Portugal,PRT,1931,0.5715,2600
Portugal,PRT,1932,0.488,2619
Portugal,PRT,1933,0.5685,2761
Portugal,PRT,1934,0.5754,2844
Portugal,PRT,1935,0.6075,2660
Portugal,PRT,1936,0.5659,2428
Portugal,PRT,1937,0.6676,2801
Portugal,PRT,1938,0.5506,2785
Portugal,PRT,1939,0.6279,2788
Portugal,PRT,1940,0.5094,2574
Portugal,PRT,1941,0.4888,2785
Portugal,PRT,1942,0.3873,2723
Portugal,PRT,1943,0.3729,2879
Portugal,PRT,1944,0.4076,3017
Portugal,PRT,1945,0.4151,2876
Portugal,PRT,1946,0.4793,3073
Portugal,PRT,1947,0.6764,3301
Portugal,PRT,1948,0.635,3261
Portugal,PRT,1949,0.6613,3279
Portugal,PRT,1950,0.6675,3325
Portugal,PRT,1951,0.6408,3456
Portugal,PRT,1952,0.633,3445
Portugal,PRT,1953,0.6973,3663
Portugal,PRT,1954,0.6761,3814
Portugal,PRT,1955,0.749,3945
Portugal,PRT,1956,0.8249,4087
Portugal,PRT,1957,0.891,4238
Portugal,PRT,1958,0.8607,4259
Portugal,PRT,1959,0.9053,4454
Portugal,PRT,1960,0.9286,4712
Portugal,PRT,1961,1.0235,4972
Portugal,PRT,1962,1.0452,5308
Portugal,PRT,1963,1.1254,5585
Portugal,PRT,1964,1.2384,5926
Portugal,PRT,1965,1.3069,6363
Portugal,PRT,1966,1.3426,6637
Portugal,PRT,1967,1.416,7143
Portugal,PRT,1968,1.4955,7767
Portugal,PRT,1969,1.6872,7949
Portugal,PRT,1970,1.7612,8724
Portugal,PRT,1971,1.8823,9358
Portugal,PRT,1972,2.083,10130
Portugal,PRT,1973,2.239,11258
Portugal,PRT,1974,2.2837,11234
Portugal,PRT,1975,2.3195,10388
Portugal,PRT,1976,2.4,10861
Portugal,PRT,1977,2.3969,11422
Portugal,PRT,1978,2.3643,11700
Portugal,PRT,1979,2.5728,12326
Portugal,PRT,1980,2.7457,12822
Portugal,PRT,1981,2.7493,12934
Portugal,PRT,1982,2.9379,13198
Portugal,PRT,1983,3.0195,13158
Portugal,PRT,1984,2.9022,12894
Portugal,PRT,1985,2.7323,13240
Portugal,PRT,1986,3.0445,13774
Portugal,PRT,1987,3.1469,14641
Portugal,PRT,1988,3.2899,15729
Portugal,PRT,1989,4.1273,16533
Portugal,PRT,1990,4.5813,17256
Portugal,PRT,1991,4.7551,17949.8083
Portugal,PRT,1992,5.1231,18598.5281
Portugal,PRT,1993,4.9513,18519.9332
Portugal,PRT,1994,5.0051,18819.0264
Portugal,PRT,1995,5.405,19262.0303
Portugal,PRT,1996,5.1152,19939.3113
Portugal,PRT,1997,5.3772,20810.1786
Portugal,PRT,1998,5.8026,21782.1187
Portugal,PRT,1999,6.5246,22589.9216
Portugal,PRT,2000,6.3802,23372.0401
Portugal,PRT,2001,6.3109,23751.3717
Portugal,PRT,2002,6.7157,23896.4596
Portugal,PRT,2003,6.1991,23677.5189
Portugal,PRT,2004,6.4459,24142.7666
Portugal,PRT,2005,6.634,24377.9499
Portugal,PRT,2006,6.1584,24809.0396
Portugal,PRT,2007,5.9062,25477.206
Portugal,PRT,2008,5.6745,25590.8804
Portugal,PRT,2009,5.3964,24902.4569
Portugal,PRT,2010,5.0034,25463.1631
Portugal,PRT,2011,4.9023,25133
Portugal,PRT,2012,4.748,24218
Portugal,PRT,2013,4.6005,24076
Portugal,PRT,2014,4.6037,24423
Portugal,PRT,2015,5.0432,24915
Portugal,PRT,2016,4.8867,25346
Portugal,PRT,2017,5.3682,26298.7902
Portugal,PRT,2018,5.0206,27035.6002
Qatar,QAT,1950,14.0664,48436
Qatar,QAT,1951,14.1246,48653
Qatar,QAT,1952,6.5008,47990
Qatar,QAT,1953,11.4282,49284
Qatar,QAT,1954,17.8621,51490
Qatar,QAT,1955,11.647,49632
Qatar,QAT,1956,13.4419,50628
Qatar,QAT,1957,7.8943,49973
Qatar,QAT,1958,4.0572,50042
Qatar,QAT,1959,4.1525,52436
Qatar,QAT,1960,3.7117,52299
Qatar,QAT,1961,3.1349,48516
Qatar,QAT,1962,3.3862,46304
Qatar,QAT,1963,99.3752,44912
Qatar,QAT,1964,92.7904,42186
Qatar,QAT,1965,85.391,41101
Qatar,QAT,1966,78.5569,50660
Qatar,QAT,1967,77.4425,55566
Qatar,QAT,1968,75.9091,58010
Qatar,QAT,1969,71.0406,56236
Qatar,QAT,1970,69.0412,51921
Qatar,QAT,1971,76.5771,59731
Qatar,QAT,1972,82.567,62416
Qatar,QAT,1973,87.615,68407
Qatar,QAT,1974,68.209,57594
Qatar,QAT,1975,66.6247,54866
Qatar,QAT,1976,59.7233,55169
Qatar,QAT,1977,54.3883,45999
Qatar,QAT,1978,54.8016,47072
Qatar,QAT,1979,69.9045,45806
Qatar,QAT,1980,58.4991,45860
Qatar,QAT,1981,51.7803,37307
Qatar,QAT,1982,44.4936,29046
Qatar,QAT,1983,36.3485,23146
Qatar,QAT,1984,36.0359,20354
Qatar,QAT,1985,33.3736,16558
Qatar,QAT,1986,33.356,12881
Qatar,QAT,1987,27.1714,12819
Qatar,QAT,1988,26.82,12492
Qatar,QAT,1989,30.9568,12137
Qatar,QAT,1990,23.9593,11705
Qatar,QAT,1991,35.6629,12417.6427
Qatar,QAT,1992,54.0577,15042.1232
Qatar,QAT,1993,61.188,16221.0456
Qatar,QAT,1994,59.7667,17955.3148
Qatar,QAT,1995,60.9571,19959.7031
Qatar,QAT,1996,60.6058,22395.2639
Qatar,QAT,1997,68.724,30989.1497
Qatar,QAT,1998,57.5121,36448.0565
Qatar,QAT,1999,53.9113,40135.1747
Qatar,QAT,2000,57.4069,45788.1227
Qatar,QAT,2001,67.0124,50525.7058
Qatar,QAT,2002,63.5113,57541.1034
Qatar,QAT,2003,60.5764,62234.2138
Qatar,QAT,2004,56.6967,74372.9325
Qatar,QAT,2005,58.5735,76808.42
Qatar,QAT,2006,61.7939,90120.918
Qatar,QAT,2007,51.6238,97912.6905
Qatar,QAT,2008,44.7261,107402.0561
Qatar,QAT,2009,41.4496,115283.4166
Qatar,QAT,2010,38.7432,134802.7819
Qatar,QAT,2011,39.1223,155533
Qatar,QAT,2012,42.0311,153922
Qatar,QAT,2013,35.3922,154159
Qatar,QAT,2014,36.7674,155069
Qatar,QAT,2015,35.1316,156029
Qatar,QAT,2016,33.4943,156299
Qatar,QAT,2017,36.6118,154669.0322
Qatar,QAT,2018,38.4397,153764.1643
Romania,ROU,1862,0.0013,344
Romania,ROU,1863,0.0013,375
Romania,ROU,1864,0.0017,386
Romania,ROU,1865,0.0017,295
Romania,ROU,1866,0.0021,295
Romania,ROU,1867,0.0025,357
Romania,ROU,1868,0.0028,386
Romania,ROU,1869,0.0028,349
Romania,ROU,1870,0.004,362
Romania,ROU,1871,0.0044,375
Romania,ROU,1872,0.0044,373
Romania,ROU,1873,0.0047,397
Romania,ROU,1874,0.0047,391
Romania,ROU,1875,0.0051,450
Romania,ROU,1876,0.005,430
Romania,ROU,1877,0.005,440
Romania,ROU,1878,0.005,454
Romania,ROU,1879,0.0049,461
Romania,ROU,1880,0.0049,574
Romania,ROU,1881,0.0052,427
Romania,ROU,1882,0.0227,561
Romania,ROU,1883,0.0411,516
Romania,ROU,1884,0.0475,440
Romania,ROU,1885,0.045,528
Romania,ROU,1886,0.048,585
Romania,ROU,1887,0.0521,544
Romania,ROU,1888,0.0619,564
Romania,ROU,1889,0.0629,564
Romania,ROU,1890,0.0782,566
Romania,ROU,1891,0.10780000000000001,580
Romania,ROU,1892,0.1008,628
Romania,ROU,1893,0.1083,606
Romania,ROU,1894,0.0987,647
Romania,ROU,1895,0.1015,642
Romania,ROU,1896,0.1047,657
Romania,ROU,1897,0.1209,545
Romania,ROU,1898,0.1586,649
Romania,ROU,1899,0.1485,451
Romania,ROU,1900,0.1133,615
Romania,ROU,1901,0.1449,641
Romania,ROU,1902,0.1435,622
Romania,ROU,1903,0.1654,634
Romania,ROU,1904,0.1945,481
Romania,ROU,1905,0.2348,676
Romania,ROU,1906,0.3153,727
Romania,ROU,1907,0.3964,587
Romania,ROU,1908,0.3786,630
Romania,ROU,1909,0.4166,617
Romania,ROU,1910,0.4107,784
Romania,ROU,1911,0.4897,762
Romania,ROU,1912,0.5076,768
Romania,ROU,1913,0.588,767
Romania,ROU,1914,0.4848,644
Romania,ROU,1920,0.4465,465
Romania,ROU,1921,0.477,504
Romania,ROU,1922,0.5689,561
Romania,ROU,1923,0.666,606
Romania,ROU,1924,0.7758,606
Romania,ROU,1925,0.8956,610
Romania,ROU,1926,1.0941,668
Romania,ROU,1927,1.2001,666
Romania,ROU,1928,1.3414,646
Romania,ROU,1929,1.4846,681
Romania,ROU,1930,1.6624,671
Romania,ROU,1931,1.8258,682
Romania,ROU,1932,1.9091,618
Romania,ROU,1933,1.8835,622
Romania,ROU,1934,2.1579,628
Romania,ROU,1935,2.124,674
Romania,ROU,1936,2.2072,693
Romania,ROU,1937,1.8728,717
Romania,ROU,1938,1.737,701
Romania,ROU,1939,1.6218,711
Romania,ROU,1940,1.5295,692
Romania,ROU,1941,1.4312,711
Romania,ROU,1942,1.4961,658
Romania,ROU,1943,1.3937,746
Romania,ROU,1944,0.9469,564
Romania,ROU,1945,1.1859,383
Romania,ROU,1946,1.0928,373
Romania,ROU,1947,1.0203,475
Romania,ROU,1948,1.4553,1301
Romania,ROU,1949,1.4327,1062.5
Romania,ROU,1950,1.1959,824
Romania,ROU,1951,1.3628,1046
Romania,ROU,1952,1.5885,1031
Romania,ROU,1953,1.801,1148
Romania,ROU,1954,1.943,1165
Romania,ROU,1955,2.1038,1419
Romania,ROU,1956,2.3004,1223
Romania,ROU,1957,2.5561,1427
Romania,ROU,1958,2.7355,1323
Romania,ROU,1959,2.7493,1478
Romania,ROU,1960,2.8685,1605
Romania,ROU,1961,2.9667,1725
Romania,ROU,1962,3.372,1776
Romania,ROU,1963,3.6441,1922
Romania,ROU,1964,3.7505,2098
Romania,ROU,1965,4.0577,2260
Romania,ROU,1966,4.2942,2499
Romania,ROU,1967,4.6454,2721
Romania,ROU,1968,4.99,2860
Romania,ROU,1969,5.4925,2990
Romania,ROU,1970,5.8388,3258
Romania,ROU,1971,6.0472,3462
Romania,ROU,1972,6.2945,3867
Romania,ROU,1973,6.818,4318
Romania,ROU,1974,7.0265,4317
Romania,ROU,1975,7.4776,4369
Romania,ROU,1976,7.9744,4809
Romania,ROU,1977,8.0622,5048
Romania,ROU,1978,8.6845,5464
Romania,ROU,1979,8.7109,5493
Romania,ROU,1980,8.6754,5482
Romania,ROU,1981,8.6963,5448
Romania,ROU,1982,8.5556,5638
Romania,ROU,1983,8.7359000000000009,5960
Romania,ROU,1984,8.2151,6295
Romania,ROU,1985,8.4047,6260
Romania,ROU,1986,8.7008,6378
Romania,ROU,1987,9.0874,6400
Romania,ROU,1988,9.0717,6338
Romania,ROU,1989,9.1023,5942
Romania,ROU,1990,7.2748,5596
Romania,ROU,1991,5.9771,5033.141
Romania,ROU,1992,5.5714,4818.3044
Romania,ROU,1993,5.2035,5055.9172
Romania,ROU,1994,5.1541,5427.0706
Romania,ROU,1995,5.4108,6014.6897
Romania,ROU,1996,5.5939,6476.4745
Romania,ROU,1997,5.1537,6446.4178
Romania,ROU,1998,4.6324,6407.4669
Romania,ROU,1999,3.9509,6613.9329
Romania,ROU,2000,4.1723,7089.9461
Romania,ROU,2001,4.4498,7860.4432
Romania,ROU,2002,4.4867,8673.6187
Romania,ROU,2003,4.7195,9369.2332
Romania,ROU,2004,4.7162,10531.1718
Romania,ROU,2005,4.6812,11313.8224
Romania,ROU,2006,4.8597,12823.2318
Romania,ROU,2007,4.8188,14418.83
Romania,ROU,2008,4.7327,16347.3435
Romania,ROU,2009,3.9517,15866.1268
Romania,ROU,2010,3.8073,16377.328
Romania,ROU,2011,4.2311,17174
Romania,ROU,2012,4.1469,17174
Romania,ROU,2013,3.7128,17979
Romania,ROU,2014,3.7729,18515
Romania,ROU,2015,3.8324,19320
Romania,ROU,2016,3.7458,17782
Romania,ROU,2017,3.9281,19158.3597
Romania,ROU,2018,3.9787,20126.2922
Russia,RUS,1960,7.3656,5557
Russia,RUS,1961,7.5001,5874
Russia,RUS,1962,7.7786,6229
Russia,RUS,1963,8.2514,6405
Russia,RUS,1964,8.6902,6754
Russia,RUS,1965,9.1405,7068
Russia,RUS,1966,9.5837,7517
Russia,RUS,1967,9.9609,7943
Russia,RUS,1968,10.1874,8391
Russia,RUS,1969,10.5573,8563
Russia,RUS,1970,11.0479,9234
Russia,RUS,1971,11.663,9567
Russia,RUS,1972,12.2048,9785
Russia,RUS,1973,12.6494,10492
Russia,RUS,1974,13.0564,10801
Russia,RUS,1975,13.6449,11164
Russia,RUS,1976,14.0871,11426
Russia,RUS,1977,14.4784,11692
Russia,RUS,1978,14.8826,11829
Russia,RUS,1979,14.9097,11867
Russia,RUS,1980,15.3938,12204
Russia,RUS,1981,14.9985,12274
Russia,RUS,1982,15.1764,12267
Russia,RUS,1983,15.2845,12420
Russia,RUS,1984,15.3113,12379
Russia,RUS,1985,16.3951,12475
Russia,RUS,1986,16.2792,12694
Russia,RUS,1987,16.241,12597
Russia,RUS,1988,16.6488,12720
Russia,RUS,1989,16.3438,12766
Russia,RUS,1990,17.1185,12400
Russia,RUS,1991,16.1911,12012.2355
Russia,RUS,1992,13.205,10487.5477
Russia,RUS,1993,12.5338,9789.0668
Russia,RUS,1994,11.0659,8743.7469
Russia,RUS,1995,10.8829,8586.3236
Russia,RUS,1996,10.6767,8479.3808
Russia,RUS,1997,9.9869,8813.3501
Russia,RUS,1998,9.8966,8557.4952
Russia,RUS,1999,10.1167,9340.0294
Russia,RUS,2000,10.0493,10552.8846
Russia,RUS,2001,10.3387,11391.1945
Russia,RUS,2002,10.2998,12259.4769
Russia,RUS,2003,10.5497,13521.2389
Russia,RUS,2004,10.6239,14880.9787
Russia,RUS,2005,10.7717,16243.1005
Russia,RUS,2006,11.203,18008.3361
Russia,RUS,2007,11.1998,20018.123
Russia,RUS,2008,11.4271,21563.4619
Russia,RUS,2009,10.6676,20335.5577
Russia,RUS,2010,11.2428,21737.3839
Russia,RUS,2011,11.5878,23130
Russia,RUS,2012,11.6679,23931
Russia,RUS,2013,11.2206,24224
Russia,RUS,2014,11.2162,24387
Russia,RUS,2015,11.1949,23691
Russia,RUS,2016,11.1416,23635
Russia,RUS,2017,11.3135,24042.6341
Russia,RUS,2018,11.6078,24668.9079
Rwanda,RWA,1950,0.0077,1020
Rwanda,RWA,1951,0.0075,1058
Rwanda,RWA,1952,0.0135,1071
Rwanda,RWA,1953,0.0121,1090
Rwanda,RWA,1954,0.0049,1127
Rwanda,RWA,1955,0.0057,1138
Rwanda,RWA,1956,0.0065,1156
Rwanda,RWA,1957,0.0071,1173
Rwanda,RWA,1958,0.0069,1178
Rwanda,RWA,1959,0.0261,1216
Rwanda,RWA,1960,0.0238,1224
Rwanda,RWA,1961,0.0305,1167
Rwanda,RWA,1962,0.0276,1296
Rwanda,RWA,1963,0.0271,1140
Rwanda,RWA,1964,0.0116,980
Rwanda,RWA,1965,0.0147,1023
Rwanda,RWA,1966,0.0132,1065
Rwanda,RWA,1967,0.0118,1109
Rwanda,RWA,1968,0.0156,1154
Rwanda,RWA,1969,0.0161,1243
Rwanda,RWA,1970,0.0156,1337
Rwanda,RWA,1971,0.0161,1315
Rwanda,RWA,1972,0.0165,1282
Rwanda,RWA,1973,0.017,1288
Rwanda,RWA,1974,0.0173,1262
Rwanda,RWA,1975,0.0403,1199
Rwanda,RWA,1976,0.0594,1387
Rwanda,RWA,1977,0.0575,1409
Rwanda,RWA,1978,0.0601,1495
Rwanda,RWA,1979,0.0596,1584
Rwanda,RWA,1980,0.096,1672
Rwanda,RWA,1981,0.1128,1706
Rwanda,RWA,1982,0.1105,1680
Rwanda,RWA,1983,0.1223,1722
Rwanda,RWA,1984,0.1074,1597
Rwanda,RWA,1985,0.1001,1621
Rwanda,RWA,1986,0.0927,1642
Rwanda,RWA,1987,0.0902,1586
Rwanda,RWA,1988,0.0977,1538
Rwanda,RWA,1989,0.094,1476
Rwanda,RWA,1990,0.0719,1398
Rwanda,RWA,1991,0.0666,1282.2594
Rwanda,RWA,1992,0.0715,1301.689
Rwanda,RWA,1993,0.0771,1110.9209
Rwanda,RWA,1994,0.0778,707.2971
Rwanda,RWA,1995,0.0779,1049.2385
Rwanda,RWA,1996,0.0772,976.4079
Rwanda,RWA,1997,0.0752,932.0059
Rwanda,RWA,1998,0.0692,950.3895
Rwanda,RWA,1999,0.067,975.8359
Rwanda,RWA,2000,0.0649,1023.6182
Rwanda,RWA,2001,0.0635,1067.2348
Rwanda,RWA,2002,0.0616,1154.1061
Rwanda,RWA,2003,0.0595,1130.0414
Rwanda,RWA,2004,0.0594,1159.0281
Rwanda,RWA,2005,0.0582,1210.5105
Rwanda,RWA,2006,0.0569,1261.7609
Rwanda,RWA,2007,0.0585,1291.1933
Rwanda,RWA,2008,0.0554,1364.745
Rwanda,RWA,2009,0.0571,1384.2589
Rwanda,RWA,2010,0.0571,1416.3923
Rwanda,RWA,2011,0.0629,1449
Rwanda,RWA,2012,0.0681,1531
Rwanda,RWA,2013,0.0724,1554
Rwanda,RWA,2014,0.0746,1615
Rwanda,RWA,2015,0.0808,1693
Rwanda,RWA,2016,0.0888,1758
Rwanda,RWA,2017,0.0877,1819.0831
Rwanda,RWA,2018,0.0928,1929.2851
Saint Lucia,LCA,1950,0.0443,1231
Saint Lucia,LCA,1951,0.1311,1254
Saint Lucia,LCA,1952,0.0866,1288
Saint Lucia,LCA,1953,0.1288,1326
Saint Lucia,LCA,1954,0.0853,1364
Saint Lucia,LCA,1955,0.1271,1400
Saint Lucia,LCA,1956,0.1264,1433
Saint Lucia,LCA,1957,0.1256,1479
Saint Lucia,LCA,1958,0.1247,1545
Saint Lucia,LCA,1959,0.1237,1623
Saint Lucia,LCA,1960,0.1634,1691
Saint Lucia,LCA,1961,0.2019,1747
Saint Lucia,LCA,1962,0.1994,1798
Saint Lucia,LCA,1963,0.2358,1849
Saint Lucia,LCA,1964,0.2323,1900
Saint Lucia,LCA,1965,0.2668,1946
Saint Lucia,LCA,1966,0.3,1989
Saint Lucia,LCA,1967,0.3319,2036
Saint Lucia,LCA,1968,0.3627,2091
Saint Lucia,LCA,1969,0.6071,2150
Saint Lucia,LCA,1970,0.6341,2203
Saint Lucia,LCA,1971,0.6615,2265
Saint Lucia,LCA,1972,0.7238,2279
Saint Lucia,LCA,1973,0.7512,2268
Saint Lucia,LCA,1974,0.6761,2356
Saint Lucia,LCA,1975,0.7018,2428
Saint Lucia,LCA,1976,0.7587,2820
Saint Lucia,LCA,1977,0.6178,3027
Saint Lucia,LCA,1978,0.8648,3196
Saint Lucia,LCA,1979,1.2934,3247
Saint Lucia,LCA,1980,0.964,3011
Saint Lucia,LCA,1981,0.7976,3051
Saint Lucia,LCA,1982,0.9388,3102
Saint Lucia,LCA,1983,0.837,3229
Saint Lucia,LCA,1984,0.9138,3403
Saint Lucia,LCA,1985,1.0158,3606
Saint Lucia,LCA,1986,1.0269,4157
Saint Lucia,LCA,1987,1.1199,4224
Saint Lucia,LCA,1988,1.2363,4779
Saint Lucia,LCA,1989,1.2143,5093
Saint Lucia,LCA,1990,1.3008,5203
Saint Lucia,LCA,1991,1.3347,5270.2546
Saint Lucia,LCA,1992,1.4991,5737.2884
Saint Lucia,LCA,1993,1.6352,5804.0557
Saint Lucia,LCA,1994,1.7931,5945.7686
Saint Lucia,LCA,1995,1.871,6095.8301
Saint Lucia,LCA,1996,1.9694,6330.9345
Saint Lucia,LCA,1997,1.9422,6344.7846
Saint Lucia,LCA,1998,2.1071,6831.2296
Saint Lucia,LCA,1999,2.1513,7111.8685
Saint Lucia,LCA,2000,2.2208,7191.2747
Saint Lucia,LCA,2001,2.27,7014.2881
Saint Lucia,LCA,2002,2.2528,7141.7545
Saint Lucia,LCA,2003,2.3509,7602.129
Saint Lucia,LCA,2004,2.4907,8322.3455
Saint Lucia,LCA,2005,2.3768,8418.9115
Saint Lucia,LCA,2006,2.4814,9135.3395
Saint Lucia,LCA,2007,2.5353,9377.8958
Saint Lucia,LCA,2008,2.5,9931.6842
Saint Lucia,LCA,2009,2.4679,10061.6342
Saint Lucia,LCA,2010,2.7992,10058.6232
Saint Lucia,LCA,2011,2.7761,10255
Saint Lucia,LCA,2012,2.7793,10067
Saint Lucia,LCA,2013,2.7453,10037
Saint Lucia,LCA,2014,2.7124,10035
Saint Lucia,LCA,2015,2.6795,10185
Saint Lucia,LCA,2016,2.7069,10233
Saint Lucia,LCA,2017,2.7942,10440.0105
Saint Lucia,LCA,2018,2.8,10475.3689
Sao Tome and Principe,STP,1951,0.0619,1274
Sao Tome and Principe,STP,1952,0.0626,1272
Sao Tome and Principe,STP,1953,0.063,1272
Sao Tome and Principe,STP,1954,0.0629,1325
Sao Tome and Principe,STP,1955,0.0623,1191
Sao Tome and Principe,STP,1956,0.1226,1256
Sao Tome and Principe,STP,1957,0.1801,1245
Sao Tome and Principe,STP,1958,0.1175,1364
Sao Tome and Principe,STP,1959,0.1154,1221
Sao Tome and Principe,STP,1960,0.171,1352
Sao Tome and Principe,STP,1961,0.1702,1454
Sao Tome and Principe,STP,1962,0.1705,1549
Sao Tome and Principe,STP,1963,0.1141,1643
Sao Tome and Principe,STP,1964,0.171,1733
Sao Tome and Principe,STP,1965,0.1694,1816
Sao Tome and Principe,STP,1966,0.1661,1921
Sao Tome and Principe,STP,1967,0.1616,2004
Sao Tome and Principe,STP,1968,0.2086,2083
Sao Tome and Principe,STP,1969,0.2021,2165
Sao Tome and Principe,STP,1970,0.1965,2243
Sao Tome and Principe,STP,1971,0.144,2326
Sao Tome and Principe,STP,1972,0.141,2324
Sao Tome and Principe,STP,1973,0.1844,2313
Sao Tome and Principe,STP,1974,0.2258,2399
Sao Tome and Principe,STP,1975,0.2204,2469
Sao Tome and Principe,STP,1976,0.3429,2432
Sao Tome and Principe,STP,1977,0.3327,2911
Sao Tome and Principe,STP,1978,0.363,2909
Sao Tome and Principe,STP,1979,0.3528,3295
Sao Tome and Principe,STP,1980,0.4208,3182
Sao Tome and Principe,STP,1981,0.4497,2783
Sao Tome and Principe,STP,1982,0.4788,2817
Sao Tome and Principe,STP,1983,0.5438,2656
Sao Tome and Principe,STP,1984,0.4989,2447
Sao Tome and Principe,STP,1985,0.5238,2622
Sao Tome and Principe,STP,1986,0.4775,2418
Sao Tome and Principe,STP,1987,0.4652,2299
Sao Tome and Principe,STP,1988,0.4205,2295
Sao Tome and Principe,STP,1989,0.4095,2316
Sao Tome and Principe,STP,1990,0.3996,2217
Sao Tome and Principe,STP,1991,0.3906,2203.0081
Sao Tome and Principe,STP,1992,0.3824,2185.4643
Sao Tome and Principe,STP,1993,0.3749,2183.8743
Sao Tome and Principe,STP,1994,0.368,2204.8766
Sao Tome and Principe,STP,1995,0.3617,2219.4814
Sao Tome and Principe,STP,1996,0.356,2221.0535
Sao Tome and Principe,STP,1997,0.3507,2209.4182
Sao Tome and Principe,STP,1998,0.3455,2228.9051
Sao Tome and Principe,STP,1999,0.3403,2247.1224
Sao Tome and Principe,STP,2000,0.3348,2218.8196
Sao Tome and Principe,STP,2001,0.3544,2245.6063
Sao Tome and Principe,STP,2002,0.3976,2250.0894
Sao Tome and Principe,STP,2003,0.4385,2363.1824
Sao Tome and Principe,STP,2004,0.4767,2408.7607
Sao Tome and Principe,STP,2005,0.4886,2532.8706
Sao Tome and Principe,STP,2006,0.5212,2713.7619
Sao Tome and Principe,STP,2007,0.5068,2752.0877
Sao Tome and Principe,STP,2008,0.4925,2925.8858
Sao Tome and Principe,STP,2009,0.5208,2949.8867
Sao Tome and Principe,STP,2010,0.5485,3093.3452
Sao Tome and Principe,STP,2011,0.5361,3179
Sao Tome and Principe,STP,2012,0.6224,3217
Sao Tome and Principe,STP,2013,0.6295,3314
Sao Tome and Principe,STP,2014,0.599,3474
Sao Tome and Principe,STP,2015,0.6063,3545
Sao Tome and Principe,STP,2016,0.613,3624
Sao Tome and Principe,STP,2017,0.6193,3721.0087
Sao Tome and Principe,STP,2018,0.625,3730.2045
Saudi Arabia,SAU,1950,1.6469,3556
Saudi Arabia,SAU,1953,0.1412,4246
Saudi Arabia,SAU,1954,0.3574,4642
Saudi Arabia,SAU,1955,0.5942,4658
Saudi Arabia,SAU,1956,0.4463,4901
Saudi Arabia,SAU,1957,0.5596,4972
Saudi Arabia,SAU,1958,0.518,5107
Saudi Arabia,SAU,1959,0.4674,5512
Saudi Arabia,SAU,1960,0.6544,5928
Saudi Arabia,SAU,1961,0.8458,6481
Saudi Arabia,SAU,1962,1.4326,7085
Saudi Arabia,SAU,1963,1.5363,7516
Saudi Arabia,SAU,1964,1.5054,7978
Saudi Arabia,SAU,1965,0.8705,8717
Saudi Arabia,SAU,1966,1.2775,9726
Saudi Arabia,SAU,1967,4.9057,10302
Saudi Arabia,SAU,1968,5.3972,10916
Saudi Arabia,SAU,1969,6.2985,11429
Saudi Arabia,SAU,1970,7.7533,12153
Saudi Arabia,SAU,1971,9.7952,13509
Saudi Arabia,SAU,1972,10.9936,15138
Saudi Arabia,SAU,1973,14.1619,17598
Saudi Arabia,SAU,1974,13.9913,19659
Saudi Arabia,SAU,1975,11.2219,18788
Saudi Arabia,SAU,1976,13.0028,19297
Saudi Arabia,SAU,1977,14.3853,20824
Saudi Arabia,SAU,1978,13.3025,20593
Saudi Arabia,SAU,1979,15.1024,20472
Saudi Arabia,SAU,1980,17.4628,21068
Saudi Arabia,SAU,1981,17.0004,21393
Saudi Arabia,SAU,1982,14.3685,20535
Saudi Arabia,SAU,1983,13.7454,17315
Saudi Arabia,SAU,1984,12.5223,16343
Saudi Arabia,SAU,1985,13.1429,14422
Saudi Arabia,SAU,1986,14.8326,12897
Saudi Arabia,SAU,1987,13.1837,12919
Saudi Arabia,SAU,1988,13.4208,12795
Saudi Arabia,SAU,1989,12.9848,12758
Saudi Arabia,SAU,1990,12.8434,14335
Saudi Arabia,SAU,1991,17.2033,16830.4131
Saudi Arabia,SAU,1992,18.2943,17905.2802
Saudi Arabia,SAU,1993,19.1768,18101.0922
Saudi Arabia,SAU,1994,18.0153,18678.9315
Saudi Arabia,SAU,1995,14.0793,19223.3311
Saudi Arabia,SAU,1996,13.5692,20280.4932
Saudi Arabia,SAU,1997,11.12,21087.4274
Saudi Arabia,SAU,1998,10.4755,22310.9178
Saudi Arabia,SAU,1999,11.1904,22058.5731
Saudi Arabia,SAU,2000,14.3421,23904.5154
Saudi Arabia,SAU,2001,13.9883,24191.9958
Saudi Arabia,SAU,2002,14.9366,24053.9739
Saudi Arabia,SAU,2003,14.5399,27367.0938
Saudi Arabia,SAU,2004,17.0575,30233.5109
Saudi Arabia,SAU,2005,16.6213,32700.3326
Saudi Arabia,SAU,2006,17.605,34483.0435
Saudi Arabia,SAU,2007,15.347,36070.3171
Saudi Arabia,SAU,2008,16.6999,39393.4289
Saudi Arabia,SAU,2009,17.493,39671.5553
Saudi Arabia,SAU,2010,18.88,42737.6547
Saudi Arabia,SAU,2011,17.6053,48470
Saudi Arabia,SAU,2012,19.3168,49867
Saudi Arabia,SAU,2013,17.9956,50005
Saudi Arabia,SAU,2014,19.7048,50693
Saudi Arabia,SAU,2015,21.2777,51681
Saudi Arabia,SAU,2016,19.6976,51397
Saudi Arabia,SAU,2017,19.3159,50001.9358
Saudi Arabia,SAU,2018,18.4541,50304.7502
Senegal,SEN,1958,0.1168,2278
Senegal,SEN,1959,0.1242,2308
Senegal,SEN,1960,0.258,2303
Senegal,SEN,1961,0.2466,2351
Senegal,SEN,1962,0.24,2370
Senegal,SEN,1963,0.2471,2402
Senegal,SEN,1964,0.2577,2389
Senegal,SEN,1965,0.4594,2409
Senegal,SEN,1966,0.4533,2404
Senegal,SEN,1967,0.1793,2310
Senegal,SEN,1968,0.0244,2389
Senegal,SEN,1969,0.1186,2171
Senegal,SEN,1970,0.307,2287
Senegal,SEN,1971,0.3079,2216
Senegal,SEN,1972,0.3213,2289
Senegal,SEN,1973,0.3323,2096
Senegal,SEN,1974,0.3854,2118
Senegal,SEN,1975,0.5229,2225
Senegal,SEN,1976,0.3499,2370
Senegal,SEN,1977,0.4318,2236
Senegal,SEN,1978,0.4936,2082
Senegal,SEN,1979,0.531,2158
Senegal,SEN,1980,0.5976,2021
Senegal,SEN,1981,0.5714,1943
Senegal,SEN,1982,0.5138,2168
Senegal,SEN,1983,0.4288,2153
Senegal,SEN,1984,0.5232,1989
Senegal,SEN,1985,0.4096,2000
Senegal,SEN,1986,0.3952,2031
Senegal,SEN,1987,0.3526,2048
Senegal,SEN,1988,0.3825,2085
Senegal,SEN,1989,0.5014,1980
Senegal,SEN,1990,0.417,1999
Senegal,SEN,1991,0.4357,1982.626
Senegal,SEN,1992,0.4284,1942.9267
Senegal,SEN,1993,0.4301,1906.8239
Senegal,SEN,1994,0.4535,1847.5983
Senegal,SEN,1995,0.3947,1886.5428
Senegal,SEN,1996,0.4111,1866.3423
Senegal,SEN,1997,0.3485,1866.3911
Senegal,SEN,1998,0.3566,1915.4297
Senegal,SEN,1999,0.3766,1978.0964
Senegal,SEN,2000,0.3983,1983.524
Senegal,SEN,2001,0.4243,2009.9423
Senegal,SEN,2002,0.4315,1959.6141
Senegal,SEN,2003,0.4674,2025.0235
Senegal,SEN,2004,0.4846,2074.9538
Senegal,SEN,2005,0.4994,2121.1586
Senegal,SEN,2006,0.3885,2104.4369
Senegal,SEN,2007,0.4161,2137.6716
Senegal,SEN,2008,0.3949,2146.7915
Senegal,SEN,2009,0.4262,2129.3364
Senegal,SEN,2010,0.5413,2151.3247
Senegal,SEN,2011,0.5999,2123
Senegal,SEN,2012,0.5493,2163
Senegal,SEN,2013,0.5698,2185
Senegal,SEN,2014,0.6155,2224
Senegal,SEN,2015,0.6753,2311
Senegal,SEN,2016,0.668,2403
Senegal,SEN,2017,0.6969,2519.6759
Senegal,SEN,2018,0.7147,2617.1244
Serbia,SRB,1952,1.0575,2032
Serbia,SRB,1953,1.0353,2348
Serbia,SRB,1954,1.2193,2236
Serbia,SRB,1955,1.3805,2584
Serbia,SRB,1956,1.562,2447
Serbia,SRB,1957,1.681,3147
Serbia,SRB,1958,1.6427,3022
Serbia,SRB,1959,1.8681,3885
Serbia,SRB,1960,2.025,3948
Serbia,SRB,1961,2.1066,4038
Serbia,SRB,1962,2.146,4237
Serbia,SRB,1963,2.3702,4713
Serbia,SRB,1964,2.6661,5166
Serbia,SRB,1965,2.7241,5231
Serbia,SRB,1966,2.6813,5649
Serbia,SRB,1967,2.6902,5703
Serbia,SRB,1968,2.8578,5761
Serbia,SRB,1969,2.9416,6379
Serbia,SRB,1970,3.8132,6515
Serbia,SRB,1971,3.956,7084
Serbia,SRB,1972,3.6508,7347
Serbia,SRB,1973,4.3197,7716
Serbia,SRB,1974,4.2935,8322
Serbia,SRB,1975,4.4364,8498
Serbia,SRB,1976,4.525,8877
Serbia,SRB,1977,4.3417,9529
Serbia,SRB,1978,4.8042,9958
Serbia,SRB,1979,5.1832,10772
Serbia,SRB,1980,5.0428,10724
Serbia,SRB,1981,5.4722,10888
Serbia,SRB,1982,4.9656,10949
Serbia,SRB,1983,5.3296,10707
Serbia,SRB,1984,5.6012,10866
Serbia,SRB,1985,5.6868,10839
Serbia,SRB,1986,5.9093,11180
Serbia,SRB,1987,5.7408,10973
Serbia,SRB,1988,5.9017,10793
Serbia,SRB,1989,5.8572,10963
Serbia,SRB,1990,5.9309,9754
Serbia,SRB,1991,4.0213,8858.0069
Serbia,SRB,1992,4.4137,6567.6698
Serbia,SRB,1993,3.841,4673.6416
Serbia,SRB,1994,3.6836,4910.8164
Serbia,SRB,1995,3.8824,5325.4882
Serbia,SRB,1996,4.5465,5710.1967
Serbia,SRB,1997,4.9386,6288.0241
Serbia,SRB,1998,5.2458,6603.7112
Serbia,SRB,1999,3.656,5532.5413
Serbia,SRB,2000,4.7378,6059.583
Serbia,SRB,2001,5.111,6542.6795
Serbia,SRB,2002,5.4586,7155.5762
Serbia,SRB,2003,5.8936,7637.8322
Serbia,SRB,2004,6.3845,8512.1679
Serbia,SRB,2005,5.6162,9198.4145
Serbia,SRB,2006,6.652,9902.4261
Serbia,SRB,2007,6.5436,10768.9424
Serbia,SRB,2008,5.715,11650.228
Serbia,SRB,2009,5.0863,11576.5888
Serbia,SRB,2010,5.0823,11963.5551
Serbia,SRB,2011,5.4617000000000004,12463
Serbia,SRB,2012,4.8908,12384
Serbia,SRB,2013,4.9945,12764
Serbia,SRB,2014,4.1794,12606
Serbia,SRB,2015,4.9282,12765
Serbia,SRB,2016,5.0864,13184
Serbia,SRB,2017,5.156,13488.6745
Serbia,SRB,2018,5.0281,14124.1177
Seychelles,SYC,1963,0.1645,3384
Seychelles,SYC,1964,0.1604,3424
Seychelles,SYC,1965,0.1566,3351
Seychelles,SYC,1966,0.15310000000000001,3351
Seychelles,SYC,1967,0.1498,3277
Seychelles,SYC,1968,0.1466,3470
Seychelles,SYC,1969,0.1433,3379
Seychelles,SYC,1970,0.5597,3537
Seychelles,SYC,1971,0.6139,3987
Seychelles,SYC,1972,0.7976,4149
Seychelles,SYC,1973,0.8414,4468
Seychelles,SYC,1974,0.946,4457
Seychelles,SYC,1975,0.9839,4506
Seychelles,SYC,1976,1.3205,5149
Seychelles,SYC,1977,1.3487,5491
Seychelles,SYC,1978,1.2051,5906
Seychelles,SYC,1979,1.8569,6709
Seychelles,SYC,1980,1.4382,6424
Seychelles,SYC,1981,1.4712,5928
Seychelles,SYC,1982,1.2371,5786
Seychelles,SYC,1983,1.4371,5638
Seychelles,SYC,1984,1.4254,6030
Seychelles,SYC,1985,2.1531,6585
Seychelles,SYC,1986,2.3574,6601
Seychelles,SYC,1987,2.8811,6827
Seychelles,SYC,1988,2.8295,7114
Seychelles,SYC,1989,3.3457,7755
Seychelles,SYC,1990,2.1287,8239
Seychelles,SYC,1991,2.4103,8570.6739
Seychelles,SYC,1992,2.37,9304.8081
Seychelles,SYC,1993,2.4733,10009.9141
Seychelles,SYC,1994,2.6711,10060.8248
Seychelles,SYC,1995,2.5812,10135.0958
Seychelles,SYC,1996,3.022,10468.9906
Seychelles,SYC,1997,3.507,12233.0497
Seychelles,SYC,1998,3.661,13801.1873
Seychelles,SYC,1999,3.806,14235.7868
Seychelles,SYC,2000,3.8903,14379.832
Seychelles,SYC,2001,4.1791,14221.1627
Seychelles,SYC,2002,4.14,14581.4114
Seychelles,SYC,2003,3.9711,13835.9936
Seychelles,SYC,2004,4.2347,13735.8976
Seychelles,SYC,2005,4.2983,15172.5632
Seychelles,SYC,2006,4.2972,16824.6125
Seychelles,SYC,2007,4.4741,18832.8259
Seychelles,SYC,2008,4.5775,18687.391
Seychelles,SYC,2009,4.8429,18743.9969
Seychelles,SYC,2010,4.8573,20147.1782
Seychelles,SYC,2011,4.4264,21545
Seychelles,SYC,2012,4.5895,22130
Seychelles,SYC,2013,4.433,23036
Seychelles,SYC,2014,4.9002,24250
Seychelles,SYC,2015,5.0535,25690
Seychelles,SYC,2016,5.5892,26624
Seychelles,SYC,2017,5.7762,27573.6871
Seychelles,SYC,2018,5.736,29531.0612
Sierra Leone,SLE,1950,0.0772,902
Sierra Leone,SLE,1951,0.0461,942
Sierra Leone,SLE,1952,0.086,958
Sierra Leone,SLE,1953,0.0798,982
Sierra Leone,SLE,1954,0.0582,1023
Sierra Leone,SLE,1955,0.0846,1044
Sierra Leone,SLE,1956,0.0818,1070
Sierra Leone,SLE,1957,0.1747,1093
Sierra Leone,SLE,1958,0.0927,1109
Sierra Leone,SLE,1959,0.1026,1157
Sierra Leone,SLE,1960,0.3083,1176
Sierra Leone,SLE,1961,0.123,1181
Sierra Leone,SLE,1962,0.1365,1216
Sierra Leone,SLE,1963,0.1525,1218
Sierra Leone,SLE,1964,0.1233,1215
Sierra Leone,SLE,1965,0.1125,1282
Sierra Leone,SLE,1966,0.1177,1342
Sierra Leone,SLE,1967,0.0974,1313
Sierra Leone,SLE,1968,0.1372,1420
Sierra Leone,SLE,1969,0.4027,1525
Sierra Leone,SLE,1970,0.3124,1553
Sierra Leone,SLE,1971,0.2867,1535
Sierra Leone,SLE,1972,0.2374,1525
Sierra Leone,SLE,1973,0.1849,1553
Sierra Leone,SLE,1974,0.1749,1581
Sierra Leone,SLE,1975,0.1725,1551
Sierra Leone,SLE,1976,0.1453,1511
Sierra Leone,SLE,1977,0.1618,1495
Sierra Leone,SLE,1978,0.2193,1524
Sierra Leone,SLE,1979,0.2046,1572
Sierra Leone,SLE,1980,0.1795,1584
Sierra Leone,SLE,1981,0.1999,1615
Sierra Leone,SLE,1982,0.1563,1610
Sierra Leone,SLE,1983,0.1903,1575
Sierra Leone,SLE,1984,0.166,1608
Sierra Leone,SLE,1985,0.1743,1610
Sierra Leone,SLE,1986,0.1721,1597
Sierra Leone,SLE,1987,0.1234,1624
Sierra Leone,SLE,1988,0.1102,1626
Sierra Leone,SLE,1989,0.0878,1642
Sierra Leone,SLE,1990,0.1196,1635
Sierra Leone,SLE,1991,0.134,1467.3888
Sierra Leone,SLE,1992,0.0733,1354.9682
Sierra Leone,SLE,1993,0.0745,1405.1628
Sierra Leone,SLE,1994,0.0808,1500.2092
Sierra Leone,SLE,1995,0.0536,1383.1081
Sierra Leone,SLE,1996,0.0714,1060.5624
Sierra Leone,SLE,1997,0.0516,885.2984
Sierra Leone,SLE,1998,0.0552,882.7293
Sierra Leone,SLE,1999,0.0435,814.1233
Sierra Leone,SLE,2000,0.0719,828.7939
Sierra Leone,SLE,2001,0.0909,923.0458
Sierra Leone,SLE,2002,0.1011,1101.7504
Sierra Leone,SLE,2003,0.1029,1156.5191
Sierra Leone,SLE,2004,0.0957,1197.1529
Sierra Leone,SLE,2005,0.0753,1223.7015
Sierra Leone,SLE,2006,0.0993,1247.2528
Sierra Leone,SLE,2007,0.0814,1320.7577000000001
Sierra Leone,SLE,2008,0.0824,1363.4876
Sierra Leone,SLE,2009,0.08,1378.3579
Sierra Leone,SLE,2010,0.0845,1421.1521
Sierra Leone,SLE,2011,0.1083,1479
Sierra Leone,SLE,2012,0.1239,1665
Sierra Leone,SLE,2013,0.1468,1965
Sierra Leone,SLE,2014,0.1582,2007
Sierra Leone,SLE,2015,0.1221,1563
Sierra Leone,SLE,2016,0.1235,1619
Sierra Leone,SLE,2017,0.1218,1644.2478
Sierra Leone,SLE,2018,0.1245,1683.8497
Singapore,SGP,1950,1.8726,3572
Singapore,SGP,1951,2.6464,3368
Singapore,SGP,1952,3.0728,2342
Singapore,SGP,1953,2.9567,2794
Singapore,SGP,1954,3.0421,3202
Singapore,SGP,1955,3.1053,2946
Singapore,SGP,1956,2.9842,3241
Singapore,SGP,1957,1.2006,2874
Singapore,SGP,1958,1.5239,2880
Singapore,SGP,1959,1.1443,3239
Singapore,SGP,1960,0.8525,3464
Singapore,SGP,1961,1.2382,3623
Singapore,SGP,1962,1.4433,3775
Singapore,SGP,1963,1.845,4049
Singapore,SGP,1964,1.9633,3800
Singapore,SGP,1965,1.2917,3991
Singapore,SGP,1966,0.2495,4317
Singapore,SGP,1967,1.4404,4741
Singapore,SGP,1968,2.5708,5294
Singapore,SGP,1969,3.3857,5931
Singapore,SGP,1970,8.6053,6650
Singapore,SGP,1971,7.71,7318
Singapore,SGP,1972,10.1001,8155
Singapore,SGP,1973,9.4495,8894
Singapore,SGP,1974,9.6242,9314
Singapore,SGP,1975,10.5604,9602
Singapore,SGP,1976,12.8176,10178
Singapore,SGP,1977,11.9275,10790
Singapore,SGP,1978,13.8648,11588
Singapore,SGP,1979,14.9287,12521
Singapore,SGP,1980,12.619,13601
Singapore,SGP,1981,10.4477,14335
Singapore,SGP,1982,11.2715,14687
Singapore,SGP,1983,12.9401,15720
Singapore,SGP,1984,12.0887,16767
Singapore,SGP,1985,11.9744,16611
Singapore,SGP,1986,12.3445,16831
Singapore,SGP,1987,11.2926,18345
Singapore,SGP,1988,12.2789,19853
Singapore,SGP,1989,13.9598,21221
Singapore,SGP,1990,14.4494,22666
Singapore,SGP,1991,14.2642,23636.6827
Singapore,SGP,1992,14.8271,24775.5712
Singapore,SGP,1993,15.0226,27073.7146
Singapore,SGP,1994,17.5911,29454.6125
Singapore,SGP,1995,11.4992,30957.2872
Singapore,SGP,1996,13.197,32724.4875
Singapore,SGP,1997,15.1213,34868.066
Singapore,SGP,1998,12.2806,33590.4819
Singapore,SGP,1999,12.4408,35156.1183
Singapore,SGP,2000,12.0118,37772.7597
Singapore,SGP,2001,12.0673,36864.5751
Singapore,SGP,2002,11.4739,37829.9043
Singapore,SGP,2003,11.9728,38950.7459
Singapore,SGP,2004,11.2178,42111.1662
Singapore,SGP,2005,8.5491,44698.8386
Singapore,SGP,2006,9.7777,48073.5881
Singapore,SGP,2007,10.3783,51844.0618
Singapore,SGP,2008,12.055,52180.1732
Singapore,SGP,2009,18.1407,51344.478
Singapore,SGP,2010,11.0345,58612.731
Singapore,SGP,2011,5.7511,61672
Singapore,SGP,2012,8.9664,62783
Singapore,SGP,2013,9.9687,64633
Singapore,SGP,2014,9.9915,65655
Singapore,SGP,2015,11.1103,65660
Singapore,SGP,2016,7.1237,65729
Singapore,SGP,2017,6.844,67331.0342
Singapore,SGP,2018,7.9898,68402.3451
Slovakia,SVK,1985,11.1515,11815
Slovakia,SVK,1986,11.1735,12242
Slovakia,SVK,1987,10.9843,12473
Slovakia,SVK,1988,10.7325,12659
Slovakia,SVK,1989,10.1908,12734
Slovakia,SVK,1990,11.6244,12374
Slovakia,SVK,1991,10.0357,10537.4103
Slovakia,SVK,1992,9.1715,9838.6149
Slovakia,SVK,1993,8.6649,10481.1153
Slovakia,SVK,1994,8.1545,11063.9487
Slovakia,SVK,1995,8.2177,11874.398
Slovakia,SVK,1996,8.1789,12622.9096
Slovakia,SVK,1997,8.1933,13335.459
Slovakia,SVK,1998,8.1427,13822.1874
Slovakia,SVK,1999,7.9777,13750.3331
Slovakia,SVK,2000,7.6219,13904.9854
Slovakia,SVK,2001,8.0084,14361.9012
Slovakia,SVK,2002,7.7729,14984.7311
Slovakia,SVK,2003,7.8348,15773.0948
Slovakia,SVK,2004,7.9245,16570.8619
Slovakia,SVK,2005,7.9261,17649.5204
Slovakia,SVK,2006,7.8829,19099.4277
Slovakia,SVK,2007,7.59,21109.9388
Slovakia,SVK,2008,7.6626,22231.9882
Slovakia,SVK,2009,6.9679,20953.0367
Slovakia,SVK,2010,7.1076,21941.2122
Slovakia,SVK,2011,7.0253,22483
Slovakia,SVK,2012,6.6338,22816
Slovakia,SVK,2013,6.5491,23132
Slovakia,SVK,2014,6.1876,23703
Slovakia,SVK,2015,6.3306,24588
Slovakia,SVK,2016,6.405,25364
Slovakia,SVK,2017,6.6137,26096.1478
Slovakia,SVK,2018,6.6073,27075.5344
Slovenia,SVN,1952,1.3986,3934
Slovenia,SVN,1953,1.379,4106
Slovenia,SVN,1954,1.6326,4623
Slovenia,SVN,1955,1.8544,5002
Slovenia,SVN,1956,2.104,4889
Slovenia,SVN,1957,2.265,5432
Slovenia,SVN,1958,2.2149,6005
Slovenia,SVN,1959,2.5208,6304
Slovenia,SVN,1960,2.7351,7165
Slovenia,SVN,1961,2.8498,7760
Slovenia,SVN,1962,2.9074,8027
Slovenia,SVN,1963,3.2175,8871
Slovenia,SVN,1964,3.6285,9624
Slovenia,SVN,1965,3.7166,9589
Slovenia,SVN,1966,3.6663,10029
Slovenia,SVN,1967,3.688,10264
Slovenia,SVN,1968,3.9263,10822
Slovenia,SVN,1969,4.0502,11775
Slovenia,SVN,1970,5.264,12803
Slovenia,SVN,1971,5.6294,13657
Slovenia,SVN,1972,5.2258,14269
Slovenia,SVN,1973,6.1893,15079
Slovenia,SVN,1974,6.1537,16420
Slovenia,SVN,1975,6.3548,17205
Slovenia,SVN,1976,6.4899,17462
Slovenia,SVN,1977,6.2414,18595
Slovenia,SVN,1978,6.9026,20014
Slovenia,SVN,1979,7.4264,21367
Slovenia,SVN,1980,7.2125,21151
Slovenia,SVN,1981,7.7471,20929
Slovenia,SVN,1982,7.0214,20535
Slovenia,SVN,1983,7.4714,20451
Slovenia,SVN,1984,7.7911,20650
Slovenia,SVN,1985,7.8665,20663
Slovenia,SVN,1986,8.1412,21122
Slovenia,SVN,1987,7.8728,20851
Slovenia,SVN,1988,8.1072,20083
Slovenia,SVN,1989,8.029,19837
Slovenia,SVN,1990,7.5174,18093
Slovenia,SVN,1991,6.954,16401.9591
Slovenia,SVN,1992,6.9178,15462.7102
Slovenia,SVN,1993,7.1149,15872.1203
Slovenia,SVN,1994,7.3312,16664.7058
Slovenia,SVN,1995,7.7054,17816.801
Slovenia,SVN,1996,8.0394,18376.2462
Slovenia,SVN,1997,8.3054,19258.9459
Slovenia,SVN,1998,8.0685,19851.0571
Slovenia,SVN,1999,7.7506,20793.918
Slovenia,SVN,2000,7.5681,21501.3367
Slovenia,SVN,2001,8.1955,22006.9538
Slovenia,SVN,2002,8.3266,22725.312
Slovenia,SVN,2003,8.1744,23257.4218
Slovenia,SVN,2004,8.3809,24150.584
Slovenia,SVN,2005,8.4737,24966.9388
Slovenia,SVN,2006,8.5649,26182.7797
Slovenia,SVN,2007,8.6054,27832.7638
Slovenia,SVN,2008,9.021,28473.5957
Slovenia,SVN,2009,7.9539,25905.5127
Slovenia,SVN,2010,8.0417,26000.9207
Slovenia,SVN,2011,7.9626,26004
Slovenia,SVN,2012,7.6473,25252
Slovenia,SVN,2013,7.3221,24944
Slovenia,SVN,2014,6.5492,25693
Slovenia,SVN,2015,6.5772,26268
Slovenia,SVN,2016,6.9546,26908
Slovenia,SVN,2017,7.0275,28190.1795
Slovenia,SVN,2018,6.9753,29244.9198
South Africa,ZAF,1884,0.005,1430
South Africa,ZAF,1885,0.0082,1208
South Africa,ZAF,1886,0.0105,1427
South Africa,ZAF,1887,0.0104,1627
South Africa,ZAF,1888,0.0174,1836
South Africa,ZAF,1889,0.0281,1817
South Africa,ZAF,1890,0.0625,1830
South Africa,ZAF,1891,0.0618,1906
South Africa,ZAF,1892,0.0988,1860
South Africa,ZAF,1893,0.3663,1843
South Africa,ZAF,1894,0.4897,1790
South Africa,ZAF,1895,0.6643,2061
South Africa,ZAF,1896,0.8378,2153
South Africa,ZAF,1897,0.9295,2015
South Africa,ZAF,1898,1.1636,2418
South Africa,ZAF,1899,1.0481,2123
South Africa,ZAF,1900,0.4365,1494
South Africa,ZAF,1901,0.7213,1608
South Africa,ZAF,1902,1.0574,1919
South Africa,ZAF,1903,1.3878,2571
South Africa,ZAF,1904,1.5363,2571
South Africa,ZAF,1905,1.7265,2745
South Africa,ZAF,1906,1.9393,2963
South Africa,ZAF,1907,2.1028,2907
South Africa,ZAF,1908,2.1241,2283
South Africa,ZAF,1909,2.4032,2391
South Africa,ZAF,1910,2.6783,1835
South Africa,ZAF,1918,3.0701,1854
South Africa,ZAF,1924,3.4235,2037
South Africa,ZAF,1925,3.495,2171
South Africa,ZAF,1926,3.5977,2228
South Africa,ZAF,1927,3.4231,2271
South Africa,ZAF,1928,3.3597,2444
South Africa,ZAF,1929,3.4183,2386
South Africa,ZAF,1930,3.1263,2252
South Africa,ZAF,1931,2.727,2128
South Africa,ZAF,1932,2.4519,2047
South Africa,ZAF,1933,2.5956,2268
South Africa,ZAF,1934,2.8997,2514
South Africa,ZAF,1935,3.1658,2785
South Africa,ZAF,1936,3.4019,3048
South Africa,ZAF,1937,3.4825,3249
South Africa,ZAF,1938,3.5882,3118
South Africa,ZAF,1939,3.6505,3272
South Africa,ZAF,1940,3.7009,3419
South Africa,ZAF,1941,3.8756,3510
South Africa,ZAF,1942,4.1532,3548
South Africa,ZAF,1943,4.1037,3558
South Africa,ZAF,1944,4.5056,3610
South Africa,ZAF,1945,4.5261,3631
South Africa,ZAF,1946,4.4548,3684
South Africa,ZAF,1947,4.3546,3647
South Africa,ZAF,1948,4.3694,3848
South Africa,ZAF,1949,4.5429,3819
South Africa,ZAF,1950,4.4782,4041
South Africa,ZAF,1951,4.6791,4130
South Africa,ZAF,1952,4.9825,4175
South Africa,ZAF,1953,4.8823,4264
South Africa,ZAF,1954,4.9702,4404
South Africa,ZAF,1955,5.454,4511
South Africa,ZAF,1956,5.6092,4645
South Africa,ZAF,1957,5.631,4704
South Africa,ZAF,1958,5.9055,4685
South Africa,ZAF,1959,5.66,4774
South Africa,ZAF,1960,5.7219,4847
South Africa,ZAF,1961,5.8273,4929
South Africa,ZAF,1962,5.8818,5067
South Africa,ZAF,1963,5.9558,5294
South Africa,ZAF,1964,6.3264,5499
South Africa,ZAF,1965,6.6103,5673
South Africa,ZAF,1966,6.4478,5762
South Africa,ZAF,1967,6.5547,5993
South Africa,ZAF,1968,6.5874,6087
South Africa,ZAF,1969,6.659,6290
South Africa,ZAF,1970,6.7793,6448
South Africa,ZAF,1971,7.4301,6591
South Africa,ZAF,1972,7.3688,6550
South Africa,ZAF,1973,7.2495,6655
South Africa,ZAF,1974,7.1908,6853
South Africa,ZAF,1975,7.3431,6808
South Africa,ZAF,1976,7.4667,6802
South Africa,ZAF,1977,7.5431,6623
South Africa,ZAF,1978,7.4391,6653
South Africa,ZAF,1979,7.8586,6746
South Africa,ZAF,1980,7.9917,6998
South Africa,ZAF,1981,8.7648,7141
South Africa,ZAF,1982,9.302,6891
South Africa,ZAF,1983,9.419,6554
South Africa,ZAF,1984,9.9123,6672
South Africa,ZAF,1985,9.9113,6385
South Africa,ZAF,1986,9.8676,6236
South Africa,ZAF,1987,9.5836,6212
South Africa,ZAF,1988,9.7632,6319
South Africa,ZAF,1989,9.4838,6306
South Africa,ZAF,1990,8.5046,6111
South Africa,ZAF,1991,8.6447,6034.9006
South Africa,ZAF,1992,7.7928,5901.9845
South Africa,ZAF,1993,8.0838,5965.9115
South Africa,ZAF,1994,8.3479,6172.9736
South Africa,ZAF,1995,8.7277,6406.4281
South Africa,ZAF,1996,8.6095,6725.7909
South Africa,ZAF,1997,8.9668,6950.4716
South Africa,ZAF,1998,8.6377,7024.2955
South Africa,ZAF,1999,8.4538,7234.2858
South Africa,ZAF,2000,8.4117,7582.7781
South Africa,ZAF,2001,8.1524,7839.6253
South Africa,ZAF,2002,7.7216,8171.2067
South Africa,ZAF,2003,8.6511,8451.4525
South Africa,ZAF,2004,9.4959,8877.921
South Africa,ZAF,2005,8.6867,9393.6934
South Africa,ZAF,2006,9.2107,9978.471
South Africa,ZAF,2007,9.4626,10576.2913
South Africa,ZAF,2008,9.9367,10977.1468
South Africa,ZAF,2009,9.9503,10873.0463
South Africa,ZAF,2010,9.1167,11318.6045
South Africa,ZAF,2011,9.1137,11838
South Africa,ZAF,2012,8.7283,11992
South Africa,ZAF,2013,8.4912,12171
South Africa,ZAF,2014,8.8117,12242
South Africa,ZAF,2015,8.1351,12246
South Africa,ZAF,2016,8.2688,12139
South Africa,ZAF,2017,8.1424,12189.3579
South Africa,ZAF,2018,8.0321,12165.7948
South Korea,KOR,1911,0.0013,1107.5587
South Korea,KOR,1912,0.0016,1090.4381
South Korea,KOR,1913,0.0018,1171.0439
South Korea,KOR,1914,0.0026,1254.4019
South Korea,KOR,1915,0.0032,1261.2614
South Korea,KOR,1916,0.0026,1314.9944
South Korea,KOR,1918,0.0025,1427.0303
South Korea,KOR,1919,0.0029,1363.1521
South Korea,KOR,1920,0.0037,1428.8164
South Korea,KOR,1921,0.0039,1473.8791
South Korea,KOR,1922,0.0039,1492.9811
South Korea,KOR,1923,0.0046,1505.5023
South Korea,KOR,1924,0.0048,1422.1493
South Korea,KOR,1925,0.0075,1469.8882
South Korea,KOR,1926,0.0079,1529.5438
South Korea,KOR,1927,0.0081,1611.7197
South Korea,KOR,1928,0.0091,1492.937
South Korea,KOR,1929,0.0103,1495.8643
South Korea,KOR,1930,0.0096,1637.2098
South Korea,KOR,1931,0.01,1620.7774
South Korea,KOR,1932,0.0117,1620.9446
South Korea,KOR,1933,0.0136,1655.0253
South Korea,KOR,1934,0.0179,1673.3032
South Korea,KOR,1935,0.0208,1759.597
South Korea,KOR,1936,0.0241,1692.8866
South Korea,KOR,1937,0.0255,2005.7491
South Korea,KOR,1938,0.0337,1935.0964
South Korea,KOR,1939,0.0433,1610.7312
South Korea,KOR,1940,0.0547,1975.2361
South Korea,KOR,1941,0.0597,2107.2475
South Korea,KOR,1942,0.0642,1645.722
South Korea,KOR,1943,0.0605,1685.9387
South Korea,KOR,1946,0.0283,915.7651
South Korea,KOR,1947,0.0506,937.2627
South Korea,KOR,1948,0.0915,1098.8715
South Korea,KOR,1949,0.116,1188.9807
South Korea,KOR,1950,0.1137,998.0888
South Korea,KOR,1951,0.1503,990.77
South Korea,KOR,1952,0.1747,1038.041
South Korea,KOR,1953,0.2313,1316.6911
South Korea,KOR,1954,0.2473,1372.6798
South Korea,KOR,1955,0.2996,1411.3336
South Korea,KOR,1956,0.3399,1381.9828
South Korea,KOR,1957,0.3574,1466.7677
South Korea,KOR,1958,0.3791,1517.8839
South Korea,KOR,1959,0.457,1555.7272
South Korea,KOR,1960,0.4951,1547.6918
South Korea,KOR,1961,0.5539,1605.8468
South Korea,KOR,1962,0.6438,1620.4902
South Korea,KOR,1963,0.7662,1720.8241
South Korea,KOR,1964,0.7868,1834.9778
South Korea,KOR,1965,0.8644,1917.4283
South Korea,KOR,1966,1.0139,2093.888
South Korea,KOR,1967,1.1613,2232.0535
South Korea,KOR,1968,1.2041,2468.4836
South Korea,KOR,1969,1.3463,2764.1534
South Korea,KOR,1970,1.6684,2974.8073
South Korea,KOR,1971,1.7818,3221.6745
South Korea,KOR,1972,1.7981,3387.8905
South Korea,KOR,1973,2.1366,3822.0458
South Korea,KOR,1974,2.1722,4112.6013
South Korea,KOR,1975,2.3083,4362.0067
South Korea,KOR,1976,2.5904,4855.9407
South Korea,KOR,1977,2.8913,5367.7949
South Korea,KOR,1978,3.0579,5856.4965
South Korea,KOR,1979,3.5422,6265.8862
South Korea,KOR,1980,3.5359,6064.0401
South Korea,KOR,1981,3.6167,6398.8511
South Korea,KOR,1982,3.5943,6821.4749
South Korea,KOR,1983,3.7528,7611.7341
South Korea,KOR,1984,3.9888,8303.519
South Korea,KOR,1985,4.1366,8859.3553
South Korea,KOR,1986,4.2733,9756.2055
South Korea,KOR,1987,4.4475,10864.9741
South Korea,KOR,1988,5.0135,12039.9458
South Korea,KOR,1989,5.2614,12759.4896
South Korea,KOR,1990,5.8359,13874
South Korea,KOR,1991,6.3555,15056.1603
South Korea,KOR,1992,6.8425,15712.0022
South Korea,KOR,1993,7.4495,16503.4339
South Korea,KOR,1994,7.9392,17720.3953
South Korea,KOR,1995,8.4715,19089.2991
South Korea,KOR,1996,9.204,20204.5614
South Korea,KOR,1997,9.6369,21055.9462
South Korea,KOR,1998,8.1175,19624.6916
South Korea,KOR,1999,8.7414,21540.6926
South Korea,KOR,2000,9.298,23108.0175
South Korea,KOR,2001,9.5636,23804.4377
South Korea,KOR,2002,9.9332,25250.6374
South Korea,KOR,2003,10.0693,25679.2466
South Korea,KOR,2004,10.1508,26646.5033
South Korea,KOR,2005,10.2578,27443.2834
South Korea,KOR,2006,10.3212,28516.4838
South Korea,KOR,2007,10.664,29716.5704
South Korea,KOR,2008,10.858,30117.7286
South Korea,KOR,2009,10.9272,29967.5631
South Korea,KOR,2010,12.021,31537.7729
South Korea,KOR,2011,12.5447,32225
South Korea,KOR,2012,12.5635,32791
South Korea,KOR,2013,12.6285,33588
South Korea,KOR,2014,12.4604,34493
South Korea,KOR,2015,12.4985,35269
South Korea,KOR,2016,12.5386,36103
South Korea,KOR,2017,12.8335,37093.2166
South Korea,KOR,2018,13.125,37927.6095
Spain,ESP,1835,3e-4,1679.78
Spain,ESP,1845,0.0191,1733.39
Spain,ESP,1850,0.0332,1706
Spain,ESP,1851,0.034,1720
Spain,ESP,1852,0.0356,1785
Spain,ESP,1853,0.0431,1785
Spain,ESP,1854,0.0362,1804
Spain,ESP,1855,0.0362,1892
Spain,ESP,1856,0.0492,1800
Spain,ESP,1857,0.0551,1742
Spain,ESP,1858,0.0743,1774
Spain,ESP,1859,0.1048,1862
Spain,ESP,1860,0.1235,1930
Spain,ESP,1861,0.1277,1932
Spain,ESP,1862,0.1389,1932
Spain,ESP,1863,0.1539,1959
Spain,ESP,1864,0.1471,1946
Spain,ESP,1865,0.1448,1865
Spain,ESP,1866,0.1433,1977
Spain,ESP,1867,0.1595,1946
Spain,ESP,1868,0.1653,1701
Spain,ESP,1869,0.1634,1760
Spain,ESP,1870,0.1897,1809
Spain,ESP,1871,0.1806,1948
Spain,ESP,1872,0.1997,2246
Spain,ESP,1873,0.1913,2428
Spain,ESP,1874,0.1894,2216
Spain,ESP,1875,0.1991,2276
Spain,ESP,1876,0.2151,2346
Spain,ESP,1877,0.227,2601
Spain,ESP,1878,0.2245,2495
Spain,ESP,1879,0.2365,2316
Spain,ESP,1880,0.2617,2520
Spain,ESP,1881,0.2909,2538
Spain,ESP,1882,0.316,2547
Spain,ESP,1883,0.3447,2582
Spain,ESP,1884,0.341,2590
Spain,ESP,1885,0.3329,2493
Spain,ESP,1886,0.3503,2436
Spain,ESP,1887,0.3512,2381
Spain,ESP,1888,0.3661,2475
Spain,ESP,1889,0.3862,2469
Spain,ESP,1890,0.4135,2463
Spain,ESP,1891,0.4452,2509
Spain,ESP,1892,0.4632,2719
Spain,ESP,1893,0.4512,2603
Spain,ESP,1894,0.4832,2633
Spain,ESP,1895,0.4738,2589
Spain,ESP,1896,0.5101,2330
Spain,ESP,1897,0.521,2469
Spain,ESP,1898,0.5093,2628
Spain,ESP,1899,0.5746,2636
Spain,ESP,1900,0.6034,2676
Spain,ESP,1901,0.6313,2885
Spain,ESP,1902,0.6555,2740
Spain,ESP,1903,0.6426,2713
Spain,ESP,1904,0.6812,2660
Spain,ESP,1905,0.7068,2622
Spain,ESP,1906,0.717,2775
Spain,ESP,1907,0.7242,2828
Spain,ESP,1908,0.7545,2917
Spain,ESP,1909,0.7688,2978
Spain,ESP,1910,0.75,2823
Spain,ESP,1911,0.7367,3027
Spain,ESP,1912,0.7941,2915
Spain,ESP,1913,0.8597,3067
Spain,ESP,1914,0.8482,2962
Spain,ESP,1915,0.7456,2973
Spain,ESP,1916,0.8642,3076
Spain,ESP,1917,0.7616,3014
Spain,ESP,1918,0.7987,2979
Spain,ESP,1919,0.7546,3024
Spain,ESP,1920,0.6606,3244
Spain,ESP,1921,0.6918,3322
Spain,ESP,1922,0.6898,3427
Spain,ESP,1923,0.7869,3433
Spain,ESP,1924,0.8323,3518
Spain,ESP,1925,0.8538,3725
Spain,ESP,1926,0.8155,3650
Spain,ESP,1927,0.9422,3959
Spain,ESP,1928,0.9357,3907
Spain,ESP,1929,1.0325,4173
Spain,ESP,1930,1.0083,3923
Spain,ESP,1931,0.952,3787
Spain,ESP,1932,0.8863,3856
Spain,ESP,1933,0.7756,3690
Spain,ESP,1934,0.8315,3783
Spain,ESP,1935,0.9137,3806
Spain,ESP,1936,0.3247,2876
Spain,ESP,1937,0.2094,2654
Spain,ESP,1938,0.523,2636
Spain,ESP,1939,0.6159,2885
Spain,ESP,1940,0.8396,3170
Spain,ESP,1941,0.828,3191
Spain,ESP,1942,0.8799,3394
Spain,ESP,1943,0.9023,3551
Spain,ESP,1944,0.9674,3676
Spain,ESP,1945,1.0513,3357
Spain,ESP,1946,1.0357,3473
Spain,ESP,1947,1.1396,3513
Spain,ESP,1948,1.1858,3478
Spain,ESP,1949,1.2849,3435
Spain,ESP,1950,1.1769,3464
Spain,ESP,1951,1.1735,3790
Spain,ESP,1952,1.3241,4105
Spain,ESP,1953,1.3612,4066
Spain,ESP,1954,1.3785,4328
Spain,ESP,1955,1.3864,4442
Spain,ESP,1956,1.4453,4769
Spain,ESP,1957,1.6996,4900
Spain,ESP,1958,1.8742,5176
Spain,ESP,1959,1.7304,5085
Spain,ESP,1960,1.6073,5037
Spain,ESP,1961,1.7445,5587
Spain,ESP,1962,1.93,6083
Spain,ESP,1963,1.8688,6639
Spain,ESP,1964,2.0233,6945
Spain,ESP,1965,2.2093,7420
Spain,ESP,1966,2.3888,7881
Spain,ESP,1967,2.6315,8215
Spain,ESP,1968,2.925,8606
Spain,ESP,1969,2.8861,9307
Spain,ESP,1970,3.4461,9511
Spain,ESP,1971,3.7487,9894
Spain,ESP,1972,4.1748,10796
Spain,ESP,1973,4.4186,11638
Spain,ESP,1974,4.8671,12388
Spain,ESP,1975,5.0462,12621
Spain,ESP,1976,5.451,13053
Spain,ESP,1977,5.3135,13342
Spain,ESP,1978,5.3864,13573
Spain,ESP,1979,5.4229,13681
Spain,ESP,1980,5.6743,14008
Spain,ESP,1981,5.4276,13895
Spain,ESP,1982,5.4593,14045
Spain,ESP,1983,5.296,14237
Spain,ESP,1984,5.1227,14308
Spain,ESP,1985,5.1617,14690
Spain,ESP,1986,4.8671,15237
Spain,ESP,1987,4.8649,16268
Spain,ESP,1988,5.058,17272
Spain,ESP,1989,5.7488,18359
Spain,ESP,1990,5.8974,19215
Spain,ESP,1991,6.1307,19958.0596
Spain,ESP,1992,6.3392,20329.1677
Spain,ESP,1993,6.1013,20056.5396
Spain,ESP,1994,6.3966,20673.9544
Spain,ESP,1995,6.7222,21522.0968
Spain,ESP,1996,6.3866,22185.0668
Spain,ESP,1997,6.6796,23113.6151
Spain,ESP,1998,6.867,24284.8613
Spain,ESP,1999,7.4044,25549.5396
Spain,ESP,2000,7.6273,26994.8601
Spain,ESP,2001,7.5835,28153.5536
Spain,ESP,2002,7.9544,28753.3228
Spain,ESP,2003,7.9279,29371.8649
Spain,ESP,2004,8.1881,30088.0926
Spain,ESP,2005,8.3982,30885.602
Spain,ESP,2006,8.0643,31907.4235
Spain,ESP,2007,8.1126,32735.4331
Spain,ESP,2008,7.3101,32844.3261
Spain,ESP,2009,6.3839,31669.6906
Spain,ESP,2010,6.0487,31786.404
Spain,ESP,2011,6.0472,31600
Spain,ESP,2012,5.9274,30699
Spain,ESP,2013,5.3851,30280
Spain,ESP,2014,5.4527,30819
Spain,ESP,2015,5.8214,31847
Spain,ESP,2016,5.5916,30110
Spain,ESP,2017,5.8876,30908.1195
Spain,ESP,2018,5.7763,31496.52
Sri Lanka,LKA,1950,0.2041,1997
Sri Lanka,LKA,1951,0.1907,2061
Sri Lanka,LKA,1952,0.2347,2093
Sri Lanka,LKA,1953,0.2455,2071
Sri Lanka,LKA,1954,0.2077,2066
Sri Lanka,LKA,1955,0.1895,2131
Sri Lanka,LKA,1956,0.1579,2091
Sri Lanka,LKA,1957,0.2523,2067
Sri Lanka,LKA,1958,0.2071,2074
Sri Lanka,LKA,1959,0.2132,2048
Sri Lanka,LKA,1960,0.2285,2064
Sri Lanka,LKA,1961,0.2308,2050
Sri Lanka,LKA,1962,0.2474,2067
Sri Lanka,LKA,1963,0.2389,2058
Sri Lanka,LKA,1964,0.2093,2104
Sri Lanka,LKA,1965,0.2391,2118
Sri Lanka,LKA,1966,0.2337,2047
Sri Lanka,LKA,1967,0.2526,2181
Sri Lanka,LKA,1968,0.2713,2291
Sri Lanka,LKA,1969,0.3533,2329
Sri Lanka,LKA,1970,0.2878,2389
Sri Lanka,LKA,1971,0.2505,2322
Sri Lanka,LKA,1972,0.2721,2327
Sri Lanka,LKA,1973,0.278,2378
Sri Lanka,LKA,1974,0.217,2418
Sri Lanka,LKA,1975,0.2103,2434
Sri Lanka,LKA,1976,0.1997,2464
Sri Lanka,LKA,1977,0.2039,2582
Sri Lanka,LKA,1978,0.2364,2694
Sri Lanka,LKA,1979,0.2576,2815
Sri Lanka,LKA,1980,0.2254,2917
Sri Lanka,LKA,1981,0.2623,3049
Sri Lanka,LKA,1982,0.2882,3151
Sri Lanka,LKA,1983,0.3087,3268
Sri Lanka,LKA,1984,0.2415,3387
Sri Lanka,LKA,1985,0.2421,3484
Sri Lanka,LKA,1986,0.2231,3607
Sri Lanka,LKA,1987,0.2419,3590
Sri Lanka,LKA,1988,0.2048,3633
Sri Lanka,LKA,1989,0.2015,3677
Sri Lanka,LKA,1990,0.2211,3864
Sri Lanka,LKA,1991,0.236,4214.9819
Sri Lanka,LKA,1992,0.2879,4020.9742
Sri Lanka,LKA,1993,0.2776,4247.023
Sri Lanka,LKA,1994,0.3004,4500.8196
Sri Lanka,LKA,1995,0.3187,4702.2947
Sri Lanka,LKA,1996,0.3795,5187.7088
Sri Lanka,LKA,1997,0.4071,5628.5303
Sri Lanka,LKA,1998,0.4167,5440.221
Sri Lanka,LKA,1999,0.4563,5488.5154
Sri Lanka,LKA,2000,0.5397,5841.0941
Sri Lanka,LKA,2001,0.546,5620.9658
Sri Lanka,LKA,2002,0.5743,5721.3087
Sri Lanka,LKA,2003,0.5698,5963.5697
Sri Lanka,LKA,2004,0.6266,6191.9664
Sri Lanka,LKA,2005,0.6107,6491.1982
Sri Lanka,LKA,2006,0.5987,6904.0361
Sri Lanka,LKA,2007,0.61240000000000006,7283.6321
Sri Lanka,LKA,2008,0.5998,7622.4089
Sri Lanka,LKA,2009,0.6433,7796.6474
Sri Lanka,LKA,2010,0.6441,8319.7029
Sri Lanka,LKA,2011,0.7298,8918
Sri Lanka,LKA,2012,0.7694,9678
Sri Lanka,LKA,2013,0.7104,9928
Sri Lanka,LKA,2014,0.851,10342
Sri Lanka,LKA,2015,0.9485,10763
Sri Lanka,LKA,2016,1.0954,11149
Sri Lanka,LKA,2017,1.09,11418.1292
Sri Lanka,LKA,2018,0.9891,11662.9064
Sudan,SDN,1950,0.0879,1309
Sudan,SDN,1951,0.1124,1334
Sudan,SDN,1952,0.1151,1363
Sudan,SDN,1953,0.1229,1388
Sudan,SDN,1954,0.1175,1417
Sudan,SDN,1955,0.1297,1446
Sudan,SDN,1956,0.1222,1556
Sudan,SDN,1957,0.1528,1492
Sudan,SDN,1958,0.166,1513
Sudan,SDN,1959,0.1709,1647
Sudan,SDN,1960,0.1651,1632
Sudan,SDN,1961,0.1634,1588
Sudan,SDN,1962,0.1699,1653
Sudan,SDN,1963,0.1865,1562
Sudan,SDN,1964,0.2002,1505
Sudan,SDN,1965,0.2535,1568
Sudan,SDN,1966,0.2676,1510
Sudan,SDN,1967,0.3125,1423
Sudan,SDN,1968,0.2951,1471
Sudan,SDN,1969,0.385,1521
Sudan,SDN,1970,0.4325,1415
Sudan,SDN,1971,0.4297,1471
Sudan,SDN,1972,0.4489,1400
Sudan,SDN,1973,0.4382,1243
Sudan,SDN,1974,0.4437,1328
Sudan,SDN,1975,0.3197,1451
Sudan,SDN,1976,0.2734,1664
Sudan,SDN,1977,0.2673,1857
Sudan,SDN,1978,0.2329,1766
Sudan,SDN,1979,0.2333,1524
Sudan,SDN,1980,0.2362,1484
Sudan,SDN,1981,0.2216,1466
Sudan,SDN,1982,0.2248,1599
Sudan,SDN,1983,0.2217,1527
Sudan,SDN,1984,0.1922,1404
Sudan,SDN,1985,0.2162,1274
Sudan,SDN,1986,0.2187,1286
Sudan,SDN,1987,0.1672,1288
Sudan,SDN,1988,0.2348,1282
Sudan,SDN,1989,0.1761,1353
Sudan,SDN,1990,0.2367,1211
Sudan,SDN,1991,0.2138,1277.6892
Sudan,SDN,1992,0.1839,1336.0544
Sudan,SDN,1993,0.1219,1374.3846
Sudan,SDN,1994,0.1622,1386.1076
Sudan,SDN,1995,0.162,1467.7085
Sudan,SDN,1996,0.1625,1551.8574
Sudan,SDN,1997,0.1944,1714.3775
Sudan,SDN,1998,0.1647,1785.0996
Sudan,SDN,1999,0.1745,1837.4981
Sudan,SDN,2000,0.1853,1951.4658
Sudan,SDN,2001,0.208,2075.6221
Sudan,SDN,2002,0.2584,2205.5724
Sudan,SDN,2003,0.2812,2373.0569
Sudan,SDN,2004,0.3466,2461.3003
Sudan,SDN,2005,0.324,2642.5208
Sudan,SDN,2006,0.3469,2903.8009
Sudan,SDN,2007,0.3988,3233.6977
Sudan,SDN,2008,0.4124,3478.8876
Sudan,SDN,2009,0.42,3580.1878
Sudan,SDN,2010,0.4168,3707.3027
Sudan,SDN,2011,0.3965,3669
Sudan,SDN,2012,0.4017,3231
Sudan,SDN,2013,0.4363,3451
Sudan,SDN,2014,0.4383,3531
Sudan,SDN,2015,0.5183,3625
Sudan,SDN,2016,0.4846,3651
Sudan,SDN,2017,0.5321,3566.1516
Sudan,SDN,2018,0.5067,3379.5957
Sweden,SWE,1834,0.0111,1522
Sweden,SWE,1839,0.0142,1546
Sweden,SWE,1840,0.0129,1568
Sweden,SWE,1841,0.0128,1549
Sweden,SWE,1842,0.0253,1476
Sweden,SWE,1843,0.0182,1508
Sweden,SWE,1844,0.0304,1573
Sweden,SWE,1845,0.0267,1610
Sweden,SWE,1846,0.0243,1554
Sweden,SWE,1847,0.024,1594
Sweden,SWE,1848,0.0411,1612
Sweden,SWE,1849,0.0567,1672
Sweden,SWE,1850,0.0582,1715
Sweden,SWE,1851,0.0618,1682
Sweden,SWE,1852,0.0612,1645
Sweden,SWE,1853,0.0637,1667
Sweden,SWE,1854,0.0936,1685
Sweden,SWE,1855,0.0866,1788
Sweden,SWE,1856,0.1296,1771
Sweden,SWE,1857,0.1648,1819
Sweden,SWE,1858,0.1368,1841
Sweden,SWE,1859,0.1994,1906
Sweden,SWE,1860,0.1965,1941
Sweden,SWE,1861,0.2508,1865
Sweden,SWE,1862,0.2533,1808
Sweden,SWE,1863,0.2512,1886
Sweden,SWE,1864,0.262,1919
Sweden,SWE,1865,0.2708,1953
Sweden,SWE,1866,0.2767,1921
Sweden,SWE,1867,0.2554,1949
Sweden,SWE,1868,0.2988,1774
Sweden,SWE,1869,0.2634,1902
Sweden,SWE,1870,0.3217,2144
Sweden,SWE,1871,0.3406,2219
Sweden,SWE,1872,0.4031,2259
Sweden,SWE,1873,0.4053,2284
Sweden,SWE,1874,0.4329,2370
Sweden,SWE,1875,0.5212,2286
Sweden,SWE,1876,0.5512,2431
Sweden,SWE,1877,0.5782,2377
Sweden,SWE,1878,0.4855,2291
Sweden,SWE,1879,0.4887,2416
Sweden,SWE,1880,0.6201,2359
Sweden,SWE,1881,0.5994,2444
Sweden,SWE,1882,0.6818,2354
Sweden,SWE,1883,0.6938,2531
Sweden,SWE,1884,0.7623,2477
Sweden,SWE,1885,0.8184,2522
Sweden,SWE,1886,0.7984,2547
Sweden,SWE,1887,0.8057,2471
Sweden,SWE,1888,0.8956,2511
Sweden,SWE,1889,1.0404,2549
Sweden,SWE,1890,1.0325,2606
Sweden,SWE,1891,1.0956,2748
Sweden,SWE,1892,1.0826,2713
Sweden,SWE,1893,1.0812,2778
Sweden,SWE,1894,1.1983,2791
Sweden,SWE,1895,1.2027,2927
Sweden,SWE,1896,1.2349,3003
Sweden,SWE,1897,1.366,3121
Sweden,SWE,1898,1.4444,3228
Sweden,SWE,1899,1.7956,3308
Sweden,SWE,1900,1.7909,3320
Sweden,SWE,1901,1.6534,3406
Sweden,SWE,1902,1.7206,3362
Sweden,SWE,1903,1.8782,3539
Sweden,SWE,1904,1.9654,3599
Sweden,SWE,1905,1.9226,3547
Sweden,SWE,1906,2.1226,3830
Sweden,SWE,1907,2.3857,4085
Sweden,SWE,1908,2.5531,3959
Sweden,SWE,1909,2.3363,3980
Sweden,SWE,1910,2.4024,4053
Sweden,SWE,1911,2.3264,4154
Sweden,SWE,1912,2.5613,4312
Sweden,SWE,1913,2.8583,4581
Sweden,SWE,1914,2.6646,4678
Sweden,SWE,1915,2.6651,4841
Sweden,SWE,1916,2.7904,5109
Sweden,SWE,1917,1.2,4799
Sweden,SWE,1918,1.4001,4434
Sweden,SWE,1919,1.336,4503
Sweden,SWE,1920,1.7951,4788
Sweden,SWE,1921,1.0386,4543
Sweden,SWE,1922,1.7064,4868
Sweden,SWE,1923,2.0629,5023
Sweden,SWE,1924,2.4465,5365
Sweden,SWE,1925,2.1827,5488
Sweden,SWE,1926,2.1155,5756
Sweden,SWE,1927,2.9487,5942
Sweden,SWE,1928,2.6685,6113
Sweden,SWE,1929,3.1687,6476
Sweden,SWE,1930,3.0848,6755
Sweden,SWE,1931,3.0749,6582
Sweden,SWE,1932,3.0299,6325
Sweden,SWE,1933,3.1447,6429
Sweden,SWE,1934,3.489,6845
Sweden,SWE,1935,3.6575,7160
Sweden,SWE,1936,3.9924,7396
Sweden,SWE,1937,4.5965,7579
Sweden,SWE,1938,4.1358,7812
Sweden,SWE,1939,4.6141,8370
Sweden,SWE,1940,2.8916,7739
Sweden,SWE,1941,2.337,7511
Sweden,SWE,1942,2.0058,7557
Sweden,SWE,1943,2.4153,7779
Sweden,SWE,1944,1.8791,7987
Sweden,SWE,1945,0.6804,8201
Sweden,SWE,1946,2.5731,9000
Sweden,SWE,1947,3.6792,9709
Sweden,SWE,1948,4.472,9822
Sweden,SWE,1949,3.8603,10127
Sweden,SWE,1950,4.0879,10742
Sweden,SWE,1951,4.7272,11077
Sweden,SWE,1952,4.8433,11152
Sweden,SWE,1953,4.536,11389
Sweden,SWE,1954,4.7775,11799
Sweden,SWE,1955,5.3831,12060
Sweden,SWE,1956,5.9379,12428
Sweden,SWE,1957,5.2866,12899
Sweden,SWE,1958,5.692,12884
Sweden,SWE,1959,5.7002,13211
Sweden,SWE,1960,6.5714,13849
Sweden,SWE,1961,6.4805,14564
Sweden,SWE,1962,6.7646,15093
Sweden,SWE,1963,7.248,15808
Sweden,SWE,1964,7.8535,16761
Sweden,SWE,1965,8.077,17239
Sweden,SWE,1966,9.2863,17432
Sweden,SWE,1967,8.752,17883
Sweden,SWE,1968,9.7712,18428
Sweden,SWE,1969,10.7933,19215
Sweden,SWE,1970,11.4572,20269
Sweden,SWE,1971,10.4386,20320
Sweden,SWE,1972,10.4224,20725
Sweden,SWE,1973,10.7083,21509
Sweden,SWE,1974,9.7655,22132
Sweden,SWE,1975,9.852,22607
Sweden,SWE,1976,10.7307,22765
Sweden,SWE,1977,10.3919,22322
Sweden,SWE,1978,9.6016,22646
Sweden,SWE,1979,10.2251,23465
Sweden,SWE,1980,8.6232,23809
Sweden,SWE,1981,8.3345,23777
Sweden,SWE,1982,7.4743,24002
Sweden,SWE,1983,6.9929,24412
Sweden,SWE,1984,6.8711,25357
Sweden,SWE,1985,7.4619,25805
Sweden,SWE,1986,7.3953,26309
Sweden,SWE,1987,7.0887,27016
Sweden,SWE,1988,6.784,27468
Sweden,SWE,1989,6.521,27933
Sweden,SWE,1990,6.6973,28068
Sweden,SWE,1991,6.6959,27614.0346
Sweden,SWE,1992,6.6187,27198.5287
Sweden,SWE,1993,6.578,26558.825
Sweden,SWE,1994,6.8195,27505.9554
Sweden,SWE,1995,6.7238,28519.4441
Sweden,SWE,1996,7.1508,29012.1047
Sweden,SWE,1997,6.5681,29862.6667
Sweden,SWE,1998,6.6196,31187.1646
Sweden,SWE,1999,6.2951,32705.2149
Sweden,SWE,2000,6.1599,34202.6042
Sweden,SWE,2001,6.253,34666.6626
Sweden,SWE,2002,6.3456,35569.774
Sweden,SWE,2003,6.3887,36435.754
Sweden,SWE,2004,6.2844,38016.0635
Sweden,SWE,2005,5.9616,39258.992
Sweden,SWE,2006,5.9039,40992.2995
Sweden,SWE,2007,5.7809,42399.8444
Sweden,SWE,2008,5.5094,42189.964
Sweden,SWE,2009,5.0737,40116.3107
Sweden,SWE,2010,5.6577,42634.7545
Sweden,SWE,2011,5.2032,42079
Sweden,SWE,2012,4.9015,41650
Sweden,SWE,2013,4.7001,41811
Sweden,SWE,2014,4.4712,42476
Sweden,SWE,2015,4.4652,43746
Sweden,SWE,2016,4.3983,44659
Sweden,SWE,2017,4.3003,45192.7432
Sweden,SWE,2018,4.2215,45541.8921
Switzerland,CHE,1858,0.0591,2861.6667
Switzerland,CHE,1859,0.0823,2894.2628
Switzerland,CHE,1860,0.1213,2933.6306
Switzerland,CHE,1861,0.1686,2948.3128
Switzerland,CHE,1862,0.185,2822.5136
Switzerland,CHE,1863,0.184,2879.0243
Switzerland,CHE,1864,0.223,2807.7928
Switzerland,CHE,1865,0.2701,2792.1978
Switzerland,CHE,1866,0.2658,2814.7017
Switzerland,CHE,1867,0.2587,2746.0227
Switzerland,CHE,1868,0.2937,3053.1145
Switzerland,CHE,1869,0.2822,3041.0286
Switzerland,CHE,1870,0.3386,2954.3765
Switzerland,CHE,1871,0.4162,3063.7174
Switzerland,CHE,1872,0.475,3140.4869
Switzerland,CHE,1873,0.4583,3320.8614
Switzerland,CHE,1874,0.4297,3322.507
Switzerland,CHE,1875,0.467,3598.7723
Switzerland,CHE,1876,0.5424,3851.9142
Switzerland,CHE,1877,0.5111,3630.1878
Switzerland,CHE,1878,0.4854,3485.837
Switzerland,CHE,1879,0.5151,3509.2222
Switzerland,CHE,1880,0.5914,3869.3663
Switzerland,CHE,1881,0.5511,3943.4155
Switzerland,CHE,1882,0.6066,3998.6616
Switzerland,CHE,1883,0.6683,4194.2486
Switzerland,CHE,1884,0.6837,4542.0941
Switzerland,CHE,1885,0.7091,4772.8642
Switzerland,CHE,1886,0.7203,5036.9908
Switzerland,CHE,1887,0.7769,5172.1685
Switzerland,CHE,1888,0.7903,5118.9012
Switzerland,CHE,1889,0.8674,5137.3281
Switzerland,CHE,1890,0.9746,5309.3205
Switzerland,CHE,1891,1.1834,4937.0662
Switzerland,CHE,1892,1.155,5270.1859
Switzerland,CHE,1893,0.9469,5339.8903
Switzerland,CHE,1894,1.1667,5337.3121
Switzerland,CHE,1895,1.2388,5632.3587
Switzerland,CHE,1896,1.3407,5967.2451
Switzerland,CHE,1897,1.3986,6241.8907
Switzerland,CHE,1898,1.4791,6427.5088
Switzerland,CHE,1899,1.5775,6337.3185
Switzerland,CHE,1900,1.7278,6611.7782
Switzerland,CHE,1901,1.5598,6398.8919
Switzerland,CHE,1902,1.5564,6616.1545
Switzerland,CHE,1903,1.6655,6472.24
Switzerland,CHE,1904,1.7291,6879.5749
Switzerland,CHE,1905,1.7878,7184.5797
Switzerland,CHE,1906,1.9516,7584.0569
Switzerland,CHE,1907,2.2362,7464.9794
Switzerland,CHE,1908,2.2109,7507.7096
Switzerland,CHE,1909,2.2048,7858.3589
Switzerland,CHE,1910,2.1101,8048.3515
Switzerland,CHE,1911,2.3161,8043.9415
Switzerland,CHE,1912,2.344,8311.7803
Switzerland,CHE,1913,2.4664,8172.0601
Switzerland,CHE,1914,2.2385,7595.2855
Switzerland,CHE,1915,2.3623,7459.2589
Switzerland,CHE,1916,2.2368,8079.4192
Switzerland,CHE,1917,1.6049,7840.9039
Switzerland,CHE,1918,1.504,7115.6076
Switzerland,CHE,1919,1.201,6747.268
Switzerland,CHE,1920,1.8786,7363.9596
Switzerland,CHE,1921,1.1553,5999.1414
Switzerland,CHE,1922,1.5845,7181.9535
Switzerland,CHE,1923,1.9656,7670.2377
Switzerland,CHE,1924,1.8466,8195.5206
Switzerland,CHE,1925,1.9158,8385.2868
Switzerland,CHE,1926,1.887,8656.3311
Switzerland,CHE,1927,2.1659,9259.9362
Switzerland,CHE,1928,2.2486,9658.8139
Switzerland,CHE,1929,2.5636,9920.0375
Switzerland,CHE,1930,2.3766,9969.3241
Switzerland,CHE,1931,2.4997,10055.4852
Switzerland,CHE,1932,2.5208,9752.443
Switzerland,CHE,1933,2.349,10009.1086
Switzerland,CHE,1934,2.3364,9997.3764
Switzerland,CHE,1935,2.3069,9478.8078
Switzerland,CHE,1936,2.405,9301.8463
Switzerland,CHE,1937,2.5263,10039.2922
Switzerland,CHE,1938,2.5141,9608.57
Switzerland,CHE,1939,2.8356,9836.1519
Switzerland,CHE,1940,1.9736,9802.3731
Switzerland,CHE,1941,1.5607,9217.3489
Switzerland,CHE,1942,1.3627,8739.767
Switzerland,CHE,1943,1.4256,8642.9729
Switzerland,CHE,1944,1.017,8890.7388
Switzerland,CHE,1945,0.3667,8839.3153
Switzerland,CHE,1946,1.29,10866.0981
Switzerland,CHE,1947,2.0918,11020.9506
Switzerland,CHE,1948,2.2377,11189.3431
Switzerland,CHE,1949,1.8486,10943.544
Switzerland,CHE,1950,2.1921,11541.0376
Switzerland,CHE,1951,2.6045,11877.8933
Switzerland,CHE,1952,2.3477,12016.3082
Switzerland,CHE,1953,2.1343,12470.9857
Switzerland,CHE,1954,2.5698,13171.4063
Switzerland,CHE,1955,2.7464,13999.4878
Switzerland,CHE,1956,3.404,14507.0602
Switzerland,CHE,1957,3.4914,14667.6504
Switzerland,CHE,1958,3.1754,14644.4583
Switzerland,CHE,1959,3.1938,15469.5915
Switzerland,CHE,1960,3.6924,16358.3594
Switzerland,CHE,1961,3.7861,17307.5627
Switzerland,CHE,1962,4.3964,17793.9765
Switzerland,CHE,1963,5.1895,18437.8389
Switzerland,CHE,1964,4.924,19195.4465
Switzerland,CHE,1965,5.2176,19802.5125
Switzerland,CHE,1966,5.3376,20224.5382
Switzerland,CHE,1967,5.4435,20742.2525
Switzerland,CHE,1968,5.9588,21395.3864
Switzerland,CHE,1969,6.2409,22307.6729
Switzerland,CHE,1970,6.5429,23478.9918
Switzerland,CHE,1971,6.7529,24486.9781
Switzerland,CHE,1972,6.8651,25356.9109
Switzerland,CHE,1973,7.3425,26003.7152
Switzerland,CHE,1974,6.5528,25718.2704
Switzerland,CHE,1975,6.1624,24467.9917
Switzerland,CHE,1976,6.3822,24752.9073
Switzerland,CHE,1977,6.4915,25430.5674
Switzerland,CHE,1978,6.6915,26158.8003
Switzerland,CHE,1979,6.3409,26641.095
Switzerland,CHE,1980,6.4436,27405.7302
Switzerland,CHE,1981,6.1647,27729.585
Switzerland,CHE,1982,5.7876,27660.9485
Switzerland,CHE,1983,6.2961,28009.3291
Switzerland,CHE,1984,6.1175,28315.0826
Switzerland,CHE,1985,6.1816,29416.7522
Switzerland,CHE,1986,6.5265,30847.9943
Switzerland,CHE,1987,6.1754,31774.3712
Switzerland,CHE,1988,6.2073,32482.9077
Switzerland,CHE,1989,5.975,33315.5868
Switzerland,CHE,1990,6.6366,34250
Switzerland,CHE,1991,6.8661,34128.6419
Switzerland,CHE,1992,6.7731,34356.8021
Switzerland,CHE,1993,6.3475,34625.5336
Switzerland,CHE,1994,6.1507,35423.8278
Switzerland,CHE,1995,6.2058,36004.2299
Switzerland,CHE,1996,6.2658,36720.4905
Switzerland,CHE,1997,6.0886,38165.4774
Switzerland,CHE,1998,6.2911,39890.5376
Switzerland,CHE,1999,6.2468,41091.6369
Switzerland,CHE,2000,6.1057,43251.1038
Switzerland,CHE,2001,6.2796,44398.6388
Switzerland,CHE,2002,6.0201,44934.3167
Switzerland,CHE,2003,6.1433,45441.5993
Switzerland,CHE,2004,6.1767,47263.5967
Switzerland,CHE,2005,6.1986,49273.9024
Switzerland,CHE,2006,6.0839,51862.9648
Switzerland,CHE,2007,5.754,54509.5397
Switzerland,CHE,2008,5.8658,56054.8838
Switzerland,CHE,2009,5.6436,55171.5007
Switzerland,CHE,2010,5.7691,57219.4983
Switzerland,CHE,2011,5.1834,58686
Switzerland,CHE,2012,5.2765,58674
Switzerland,CHE,2013,5.3257,59036
Switzerland,CHE,2014,4.7808,59485
Switzerland,CHE,2015,4.6682,59307
Switzerland,CHE,2016,4.677,59662
Switzerland,CHE,2017,4.5155,60171.4429
Switzerland,CHE,2018,4.3243,61372.7301
Syria,SYR,1950,0.1212,3838
Syria,SYR,1951,0.1088,3609
Syria,SYR,1952,0.1325,4441
Syria,SYR,1953,0.1387,4916
Syria,SYR,1954,0.1522,5504
Syria,SYR,1955,0.4203,4844
Syria,SYR,1956,0.4967,5592
Syria,SYR,1957,0.4763,5781
Syria,SYR,1958,0.505,4844
Syria,SYR,1959,0.5024,4881
Syria,SYR,1960,0.7038,4819
Syria,SYR,1961,0.6482,5050
Syria,SYR,1962,0.6563,6051
Syria,SYR,1963,0.7163,5855
Syria,SYR,1964,0.8387,5797
Syria,SYR,1965,0.6834,5598
Syria,SYR,1966,0.8843,5004
Syria,SYR,1967,0.8019,5246
Syria,SYR,1968,1.003,5270
Syria,SYR,1969,1.1781,6059
Syria,SYR,1970,1.0471,5643
Syria,SYR,1971,1.3505,5992
Syria,SYR,1972,1.1406,7243
Syria,SYR,1973,1.1204,6403
Syria,SYR,1974,1.3256,7685
Syria,SYR,1975,1.4824,8878
Syria,SYR,1976,1.7624,9526
Syria,SYR,1977,1.8153,9094
Syria,SYR,1978,1.8211,9561
Syria,SYR,1979,2.6067,9580
Syria,SYR,1980,2.3208,10374
Syria,SYR,1981,2.8677,10984
Syria,SYR,1982,2.5405,10817
Syria,SYR,1983,2.7945,10581
Syria,SYR,1984,3.1914,9792
Syria,SYR,1985,2.7599,10026
Syria,SYR,1986,2.8237,9200
Syria,SYR,1987,3.1637,9055
Syria,SYR,1988,3.1299,9913
Syria,SYR,1989,2.8369,8735
Syria,SYR,1990,2.9764,9087
Syria,SYR,1991,3.293,9424.1226
Syria,SYR,1992,3.2274,10002.276
Syria,SYR,1993,3.3337,10072.4865
Syria,SYR,1994,3.311,9969.374
Syria,SYR,1995,2.872,9856.4831
Syria,SYR,1996,2.8685,9517.3722
Syria,SYR,1997,2.9903,8826.7735
Syria,SYR,1998,3.1896,8742.9736
Syria,SYR,1999,3.2329,7960.2918
Syria,SYR,2000,3.0761,7668.0717
Syria,SYR,2001,2.8712,7509.3042
Syria,SYR,2002,2.2499,7529.7016
Syria,SYR,2003,3.0767,6986.5238
Syria,SYR,2004,2.8262,7051.4285
Syria,SYR,2005,2.7167,7037.7182
Syria,SYR,2006,2.7725,6901.7779
Syria,SYR,2007,3.3061,6779.5371
Syria,SYR,2008,3.2364,6600.3787
Syria,SYR,2009,2.9031,6586.5183
Syria,SYR,2010,2.8422,6520.6123
Syria,SYR,2011,2.741,5979
Syria,SYR,2012,2.3108,4829
Syria,SYR,2013,1.7485,4124
Syria,SYR,2014,1.6483,3536
Syria,SYR,2015,1.5648,3049
Syria,SYR,2016,1.665,3091
Syria,SYR,2017,1.8748,3241.3958
Syria,SYR,2018,1.792,3349.4597
Taiwan,TWN,1901,0.0618,1079
Taiwan,TWN,1902,0.089,1079
Taiwan,TWN,1903,0.074,1278
Taiwan,TWN,1904,0.0743,1218
Taiwan,TWN,1905,0.0843,985
Taiwan,TWN,1906,0.0904,1038
Taiwan,TWN,1907,0.1165,1149
Taiwan,TWN,1908,0.1312,1186
Taiwan,TWN,1909,0.1535,1323
Taiwan,TWN,1910,0.1912,1345
Taiwan,TWN,1911,0.2088,1258
Taiwan,TWN,1912,0.2238,1183
Taiwan,TWN,1913,0.2534,1286
Taiwan,TWN,1914,0.269,1240
Taiwan,TWN,1915,0.2938,1291
Taiwan,TWN,1916,0.3977,1392
Taiwan,TWN,1917,0.5122,1561
Taiwan,TWN,1918,0.6042,1492
Taiwan,TWN,1919,0.8116,1533
Taiwan,TWN,1920,0.8389,1513
Taiwan,TWN,1921,0.7473,1561
Taiwan,TWN,1922,0.9519,1728
Taiwan,TWN,1923,1.0029,1760
Taiwan,TWN,1924,1.0255,1889
Taiwan,TWN,1925,1.1287,1959
Taiwan,TWN,1926,1.1684,1954
Taiwan,TWN,1927,1.1841,1919
Taiwan,TWN,1928,0.9869,1934
Taiwan,TWN,1929,0.9606,1991
Taiwan,TWN,1930,0.9475,2021
Taiwan,TWN,1931,0.8206,1997
Taiwan,TWN,1932,0.7612,2066
Taiwan,TWN,1933,0.8656,1957
Taiwan,TWN,1934,0.8393,2012
Taiwan,TWN,1935,0.856,2169
Taiwan,TWN,1936,0.9055,2246
Taiwan,TWN,1937,0.9787,2212
Taiwan,TWN,1938,1.0714,2295
Taiwan,TWN,1939,1.2702,2200
Taiwan,TWN,1940,1.3368,1992
Taiwan,TWN,1950,0.4977,1460
Taiwan,TWN,1951,0.6189,1513
Taiwan,TWN,1952,0.7747,1639
Taiwan,TWN,1953,0.7556,1728
Taiwan,TWN,1954,0.7307,1825
Taiwan,TWN,1955,0.7832,1895
Taiwan,TWN,1956,0.8084,1926
Taiwan,TWN,1957,0.8325,1997
Taiwan,TWN,1958,0.9416,2056
Taiwan,TWN,1959,1.0456,2118
Taiwan,TWN,1960,1.0917,2157
Taiwan,TWN,1961,1.1129,2228
Taiwan,TWN,1962,1.2153,2326
Taiwan,TWN,1963,1.2522,2463
Taiwan,TWN,1964,1.3545,2676
Taiwan,TWN,1965,1.3832,2885
Taiwan,TWN,1966,1.4609,3054
Taiwan,TWN,1967,1.5986,3300
Taiwan,TWN,1968,1.7052,3484
Taiwan,TWN,1969,1.8066,3720
Taiwan,TWN,1970,1.9253,4044
Taiwan,TWN,1971,2.0615,4470
Taiwan,TWN,1972,2.3015,4962
Taiwan,TWN,1973,2.5334,5496
Taiwan,TWN,1974,2.4301,5455
Taiwan,TWN,1975,2.6391,5614
Taiwan,TWN,1976,3.3481,6245
Taiwan,TWN,1977,3.5865,6752
Taiwan,TWN,1978,4.0979,7519
Taiwan,TWN,1979,4.2999,7967
Taiwan,TWN,1980,4.6638,8384
Taiwan,TWN,1981,4.1251,8749
Taiwan,TWN,1982,4.0793,8910
Taiwan,TWN,1983,4.431,9530
Taiwan,TWN,1984,4.4574,10394
Taiwan,TWN,1985,4.389,10779
Taiwan,TWN,1986,4.8221,11918
Taiwan,TWN,1987,4.9565,13705
Taiwan,TWN,1988,5.6418,14183
Taiwan,TWN,1989,6.0744,15203
Taiwan,TWN,1990,6.0583,15841
Taiwan,TWN,1991,6.46,16934.8143
Taiwan,TWN,1992,6.8129,18101.3318
Taiwan,TWN,1993,7.3079,19087.5978
Taiwan,TWN,1994,7.5992,20269.2664
Taiwan,TWN,1995,7.9075,21329.686
Taiwan,TWN,1996,8.2265,22390.0519
Taiwan,TWN,1997,8.818,23437.7678
Taiwan,TWN,1998,9.2148,24131.22
Taiwan,TWN,1999,9.5151,25471.7812
Taiwan,TWN,2000,10.3329,26787.4457
Taiwan,TWN,2001,10.3998,26203.9759
Taiwan,TWN,2002,10.675,27425.8059
Taiwan,TWN,2003,11.0795,28348.8525
Taiwan,TWN,2004,11.4258,29975.1378
Taiwan,TWN,2005,11.7354,31374.4544
Taiwan,TWN,2006,12.0996,32867.3671
Taiwan,TWN,2007,12.2038,34761.3114
Taiwan,TWN,2008,11.5815,34762.3673
Taiwan,TWN,2009,10.9288,33974.4541
Taiwan,TWN,2010,11.6506,37385.4894
Taiwan,TWN,2011,11.8736,38565
Taiwan,TWN,2012,11.6828,39207
Taiwan,TWN,2013,11.6899,39971
Taiwan,TWN,2014,11.7619,41472
Taiwan,TWN,2015,11.7091,41668
Taiwan,TWN,2016,11.8428,42165
Taiwan,TWN,2017,12.0303,43503.7927
Taiwan,TWN,2018,11.921,44663.8642
Tajikistan,TJK,1973,2.9197,6527
Tajikistan,TJK,1980,3.0432,5746
Tajikistan,TJK,1981,2.9013,5622
Tajikistan,TJK,1982,2.8704,5498
Tajikistan,TJK,1983,2.8262,5547
Tajikistan,TJK,1984,2.7654,5469
Tajikistan,TJK,1985,2.8885,5364
Tajikistan,TJK,1986,2.6956,5319
Tajikistan,TJK,1987,2.5031,5040
Tajikistan,TJK,1988,2.5868,5515
Tajikistan,TJK,1989,2.4804,4962
Tajikistan,TJK,1990,2.287,4803
Tajikistan,TJK,1991,1.8086,4270.3701
Tajikistan,TJK,1992,1.3281,2832.7034
Tajikistan,TJK,1993,0.9244,2482.4136
Tajikistan,TJK,1994,0.4147,1928.3185
Tajikistan,TJK,1995,0.4242,1666.184
Tajikistan,TJK,1996,0.4826,1559.5212
Tajikistan,TJK,1997,0.3621,1552.6324
Tajikistan,TJK,1998,0.4142,1589.3316
Tajikistan,TJK,1999,0.4113,1621.3206
Tajikistan,TJK,2000,0.3594,1723.3563
Tajikistan,TJK,2001,0.362,1845.4782
Tajikistan,TJK,2002,0.2921,1982.8837
Tajikistan,TJK,2003,0.3166,2135.9083
Tajikistan,TJK,2004,0.3843,2301.2921
Tajikistan,TJK,2005,0.3593,2416.867
Tajikistan,TJK,2006,0.3836,2524.8447
Tajikistan,TJK,2007,0.4569,2647.2094
Tajikistan,TJK,2008,0.4017,2801.7762
Tajikistan,TJK,2009,0.3318,2853.8885
Tajikistan,TJK,2010,0.337,2975.9268
Tajikistan,TJK,2011,0.3041,3111
Tajikistan,TJK,2012,0.3725,3285
Tajikistan,TJK,2013,0.3607,3471
Tajikistan,TJK,2014,0.5574,3633
Tajikistan,TJK,2015,0.6272,3789
Tajikistan,TJK,2016,0.7433,3991
Tajikistan,TJK,2017,0.8857,4204.9052
Tajikistan,TJK,2018,1.0007,4440.3819
Tanzania,TZA,1950,0.0651,676
Tanzania,TZA,1951,0.057,743
Tanzania,TZA,1952,0.0669,740
Tanzania,TZA,1953,0.0638,697
Tanzania,TZA,1954,0.0634,735
Tanzania,TZA,1955,0.0638,733
Tanzania,TZA,1956,0.0735,724
Tanzania,TZA,1957,0.0826,720
Tanzania,TZA,1958,0.0845,708
Tanzania,TZA,1959,0.0705,724
Tanzania,TZA,1960,0.0824,732
Tanzania,TZA,1961,0.068,703
Tanzania,TZA,1962,0.0719,746
Tanzania,TZA,1963,0.0732,770
Tanzania,TZA,1964,0.0915,787
Tanzania,TZA,1965,0.0998,792
Tanzania,TZA,1966,0.1143,867
Tanzania,TZA,1967,0.1424,875
Tanzania,TZA,1968,0.1298,894
Tanzania,TZA,1969,0.1368,883
Tanzania,TZA,1970,0.1304,905
Tanzania,TZA,1971,0.1762,915
Tanzania,TZA,1972,0.15,945
Tanzania,TZA,1973,0.2136,945
Tanzania,TZA,1974,0.1497,937
Tanzania,TZA,1975,0.1436,956
Tanzania,TZA,1976,0.17,996
Tanzania,TZA,1977,0.1188,993
Tanzania,TZA,1978,0.126,993
Tanzania,TZA,1979,0.1148,977
Tanzania,TZA,1980,0.1011,958
Tanzania,TZA,1981,0.1102,920
Tanzania,TZA,1982,0.1089,905
Tanzania,TZA,1983,0.108,875
Tanzania,TZA,1984,0.1119,870
Tanzania,TZA,1985,0.1081,843
Tanzania,TZA,1986,0.1022,845
Tanzania,TZA,1987,0.1031,859
Tanzania,TZA,1988,0.096,867
Tanzania,TZA,1989,0.0885,870
Tanzania,TZA,1990,0.0838,875
Tanzania,TZA,1991,0.0866,891.8943
Tanzania,TZA,1992,0.0808,895.4806
Tanzania,TZA,1993,0.087,900.4133
Tanzania,TZA,1994,0.0717,904.7575
Tanzania,TZA,1995,0.0821,931.0028
Tanzania,TZA,1996,0.083,979.7304
Tanzania,TZA,1997,0.0905,1017.1681
Tanzania,TZA,1998,0.0777,1052.075
Tanzania,TZA,1999,0.0752,1100.3532
Tanzania,TZA,2000,0.0768,1148.6802
Tanzania,TZA,2001,0.0884,1213.6269
Tanzania,TZA,2002,0.0986,1293.2051
Tanzania,TZA,2003,0.1015,1369.9391
Tanzania,TZA,2004,0.1132,1464.3854
Tanzania,TZA,2005,0.1394,1554.1523
Tanzania,TZA,2006,0.1487,1621.9965
Tanzania,TZA,2007,0.1404,1754.4626
Tanzania,TZA,2008,0.1413,1848.1745
Tanzania,TZA,2009,0.134,1946.8481
Tanzania,TZA,2010,0.1562,2068.8637
Tanzania,TZA,2011,0.1697,2227
Tanzania,TZA,2012,0.1926,2275
Tanzania,TZA,2013,0.2044,2372
Tanzania,TZA,2014,0.1982,2467
Tanzania,TZA,2015,0.2066,2566
Tanzania,TZA,2016,0.205,2660
Tanzania,TZA,2017,0.2087,2762.8703
Tanzania,TZA,2018,0.2094,2874.9629
Thailand,THA,1938,0.0026,1317
Thailand,THA,1950,0.0461,1302
Thailand,THA,1951,0.0513,1353
Thailand,THA,1952,0.0585,1385
Thailand,THA,1953,0.0733,1490
Thailand,THA,1954,0.0889,1431
Thailand,THA,1955,0.1001,1506
Thailand,THA,1956,0.1073,1482
Thailand,THA,1957,0.1164,1451
Thailand,THA,1958,0.1168,1457
Thailand,THA,1959,0.1249,1581
Thailand,THA,1960,0.1354,1718
Thailand,THA,1961,0.1467,1753
Thailand,THA,1962,0.1729,1831
Thailand,THA,1963,0.1856,1921
Thailand,THA,1964,0.2419,1991
Thailand,THA,1965,0.2338,2085
Thailand,THA,1966,0.2887,2251
Thailand,THA,1967,0.3597,2369
Thailand,THA,1968,0.4908,2488
Thailand,THA,1969,0.4058,2608
Thailand,THA,1970,0.4162,2700
Thailand,THA,1971,0.5063,2750
Thailand,THA,1972,0.5583,2786
Thailand,THA,1973,0.6081,2987
Thailand,THA,1974,0.5869,3045
Thailand,THA,1975,0.5758,3123
Thailand,THA,1976,0.662,3333
Thailand,THA,1977,0.7221,3585
Thailand,THA,1978,0.7695,3861
Thailand,THA,1979,0.7885,3979
Thailand,THA,1980,0.8434,4071
Thailand,THA,1981,0.7825,4230
Thailand,THA,1982,0.7641,4375
Thailand,THA,1983,0.8394,4538
Thailand,THA,1984,0.8916,4720
Thailand,THA,1985,0.927,4862
Thailand,THA,1986,0.9291,5053
Thailand,THA,1987,1.0438,5453
Thailand,THA,1988,1.2061,6089
Thailand,THA,1989,1.3947,6735
Thailand,THA,1990,1.5544,7385
Thailand,THA,1991,1.6904,7849.7448
Thailand,THA,1992,1.8329,8409.0209
Thailand,THA,1993,2.0726,8964.2922
Thailand,THA,1994,2.2641,9499.5175
Thailand,THA,1995,2.6152,10080.2083
Thailand,THA,1996,2.8892,10458.3586
Thailand,THA,1997,2.9352,9995.6182
Thailand,THA,1998,2.5679,9077.7478
Thailand,THA,1999,2.6483,9347.0609
Thailand,THA,2000,2.6814,9627.1043
Thailand,THA,2001,2.844,9818.7205
Thailand,THA,2002,2.9782,10276.3983
Thailand,THA,2003,3.1292,10868.8355
Thailand,THA,2004,3.3413,11408.3257
Thailand,THA,2005,3.4088,11742.1281
Thailand,THA,2006,3.439,12180.7114
Thailand,THA,2007,3.4663,12694.7146
Thailand,THA,2008,3.41,12768.1291
Thailand,THA,2009,3.6232,12543.3986
Thailand,THA,2010,3.8009,13343.5467
Thailand,THA,2011,3.7562,13318
Thailand,THA,2012,3.9841,14227
Thailand,THA,2013,4.2204,14562
Thailand,THA,2014,4.1299,14642
Thailand,THA,2015,4.1576,15020
Thailand,THA,2016,4.1095,15454
Thailand,THA,2017,4.1318,16032.2158
Thailand,THA,2018,3.9779,16648.6237
Togo,TGO,1950,0.0184,870
Togo,TGO,1951,0.018,885
Togo,TGO,1952,0.0305,899
Togo,TGO,1953,0.0202,913
Togo,TGO,1954,0.0226,928
Togo,TGO,1955,0.0273,940
Togo,TGO,1956,0.027,955
Togo,TGO,1957,0.0315,969
Togo,TGO,1958,0.031,982
Togo,TGO,1959,0.0352,995
Togo,TGO,1960,0.0417,1058
Togo,TGO,1961,0.0573,1103
Togo,TGO,1962,0.0545,1117
Togo,TGO,1963,0.0651,1143
Togo,TGO,1964,0.0794,1275
Togo,TGO,1965,0.0772,1412
Togo,TGO,1966,0.1012,1503
Togo,TGO,1967,0.1066,1546
Togo,TGO,1968,0.0998,1581
Togo,TGO,1969,0.1188,1707
Togo,TGO,1970,0.1299,1631
Togo,TGO,1971,0.1442,1699
Togo,TGO,1972,0.1802,1709
Togo,TGO,1973,0.1787,1591
Togo,TGO,1974,0.1657,1612
Togo,TGO,1975,0.1292,1556
Togo,TGO,1976,0.1308,1505
Togo,TGO,1977,0.1833,1543
Togo,TGO,1978,0.138,1650
Togo,TGO,1979,0.5227,1698
Togo,TGO,1980,0.292,1572
Togo,TGO,1981,0.2512,1423
Togo,TGO,1982,0.2805,1323
Togo,TGO,1983,0.206,1211
Togo,TGO,1984,0.2211,1239
Togo,TGO,1985,0.2026,1240
Togo,TGO,1986,0.2521,1237
Togo,TGO,1987,0.2664,1165
Togo,TGO,1988,0.2693,1239
Togo,TGO,1989,0.2784,1246
Togo,TGO,1990,0.259,1275
Togo,TGO,1991,0.2718,1249.1679
Togo,TGO,1992,0.2612,1181.8713
Togo,TGO,1993,0.2653,1003.1649
Togo,TGO,1994,0.2443,1145.7776
Togo,TGO,1995,0.278,1170.5977
Togo,TGO,1996,0.2909,1215.74
Togo,TGO,1997,0.1959,1226.327
Togo,TGO,1998,0.2785,1174.8527
Togo,TGO,1999,0.3871,1183.013
Togo,TGO,2000,0.2704,1150.3659
Togo,TGO,2001,0.2289,1115.5503
Togo,TGO,2002,0.2545,1081.7445
Togo,TGO,2003,0.3386,1114.4638
Togo,TGO,2004,0.3189,1121.8058
Togo,TGO,2005,0.3068,1119.8043
Togo,TGO,2006,0.2604,1144.8814
Togo,TGO,2007,0.2562,1145.9206
Togo,TGO,2008,0.2503,1150.3579
Togo,TGO,2009,0.4385,1165.8888
Togo,TGO,2010,0.4042,1191.1449
Togo,TGO,2011,0.3796,1227
Togo,TGO,2012,0.3271,1263
Togo,TGO,2013,0.2362,1292
Togo,TGO,2014,0.216,1334
Togo,TGO,2015,0.2548,1370
Togo,TGO,2016,0.3071,1400
Togo,TGO,2017,0.2871,1417.8241
Togo,TGO,2018,0.2903,1451.3609
Trinidad and Tobago,TTO,1950,3.6434,5856
Trinidad and Tobago,TTO,1951,3.8155,6207
Trinidad and Tobago,TTO,1952,4.1381,6282
Trinidad and Tobago,TTO,1953,4.2213,6303
Trinidad and Tobago,TTO,1954,3.9558,6239
Trinidad and Tobago,TTO,1955,3.6796,6880
Trinidad and Tobago,TTO,1956,3.7738,8064
Trinidad and Tobago,TTO,1957,3.2623,8518
Trinidad and Tobago,TTO,1958,4.3015,8941
Trinidad and Tobago,TTO,1959,3.7293,9154
Trinidad and Tobago,TTO,1960,3.0411,9964
Trinidad and Tobago,TTO,1961,5.3167,10155
Trinidad and Tobago,TTO,1962,8.2235,10383
Trinidad and Tobago,TTO,1963,1.8807,10708
Trinidad and Tobago,TTO,1964,4.2006,10841
Trinidad and Tobago,TTO,1965,5.6936,11206
Trinidad and Tobago,TTO,1966,4.4076,11531
Trinidad and Tobago,TTO,1967,5.0087,11679
Trinidad and Tobago,TTO,1968,4.337,12248
Trinidad and Tobago,TTO,1969,4.1627,12588
Trinidad and Tobago,TTO,1970,9.51,13141
Trinidad and Tobago,TTO,1971,8.4712,13185
Trinidad and Tobago,TTO,1972,8.5066,13753
Trinidad and Tobago,TTO,1973,9.5619,13844
Trinidad and Tobago,TTO,1974,10.0775,14430
Trinidad and Tobago,TTO,1975,9.5093,14534
Trinidad and Tobago,TTO,1976,15.5212,15696
Trinidad and Tobago,TTO,1977,15.5496,16412
Trinidad and Tobago,TTO,1978,14.5335,18042
Trinidad and Tobago,TTO,1979,15.6339,18568
Trinidad and Tobago,TTO,1980,15.5976,19734
Trinidad and Tobago,TTO,1981,15.6467,20298
Trinidad and Tobago,TTO,1982,16.433,18771
Trinidad and Tobago,TTO,1983,14.301,16982
Trinidad and Tobago,TTO,1984,15.1542,17680
Trinidad and Tobago,TTO,1985,17.7076,16671
Trinidad and Tobago,TTO,1986,14.6655,15871
Trinidad and Tobago,TTO,1987,14.6409,14929
Trinidad and Tobago,TTO,1988,13.1488,14198
Trinidad and Tobago,TTO,1989,13.2786,13970
Trinidad and Tobago,TTO,1990,13.9062,14112
Trinidad and Tobago,TTO,1991,13.8053,14060.7363
Trinidad and Tobago,TTO,1992,15.4467,14195.9518
Trinidad and Tobago,TTO,1993,14.0006,13745.7971
Trinidad and Tobago,TTO,1994,13.6245,13350.8962
Trinidad and Tobago,TTO,1995,13.1241,14187.6589
Trinidad and Tobago,TTO,1996,16.5147,15004.2643
Trinidad and Tobago,TTO,1997,16.3192,15931.6715
Trinidad and Tobago,TTO,1998,15.654,17013.7548
Trinidad and Tobago,TTO,1999,17.7735,18159.9159
Trinidad and Tobago,TTO,2000,19.0909,19179.9187
Trinidad and Tobago,TTO,2001,20.894,19736.6795
Trinidad and Tobago,TTO,2002,22.3857,21052.4491
Trinidad and Tobago,TTO,2003,25.126,23814.0667
Trinidad and Tobago,TTO,2004,25.2503,25403.2691
Trinidad and Tobago,TTO,2005,29.2666,26651.833
Trinidad and Tobago,TTO,2006,32.5625,29792.423
Trinidad and Tobago,TTO,2007,34.5711,30806.1738
Trinidad and Tobago,TTO,2008,33.5469,31434.3039
Trinidad and Tobago,TTO,2009,33.4769,29657.4631
Trinidad and Tobago,TTO,2010,35.3557,30235.9947
Trinidad and Tobago,TTO,2011,34.9355,29745
Trinidad and Tobago,TTO,2012,33.8752,30157
Trinidad and Tobago,TTO,2013,33.4163,30987
Trinidad and Tobago,TTO,2014,34.0183,30842
Trinidad and Tobago,TTO,2015,32.9276,30702
Trinidad and Tobago,TTO,2016,29.0747,29178
Trinidad and Tobago,TTO,2017,28.8631,28556.5411
Trinidad and Tobago,TTO,2018,29.1223,28549.4083
Tunisia,TUN,1950,0.3382,1777
Tunisia,TUN,1951,0.3725,1763
Tunisia,TUN,1952,0.3824,1945
Tunisia,TUN,1953,0.3587,1983
Tunisia,TUN,1954,0.361,1991
Tunisia,TUN,1955,0.4047,1855
Tunisia,TUN,1956,0.3909,1949
Tunisia,TUN,1957,0.3903,1847
Tunisia,TUN,1958,0.3546,2058
Tunisia,TUN,1959,0.3851,1940
Tunisia,TUN,1960,0.4126,2141
Tunisia,TUN,1961,0.4164,2289
Tunisia,TUN,1962,0.4167,2198
Tunisia,TUN,1963,0.4439,2480
Tunisia,TUN,1964,0.6172,2533
Tunisia,TUN,1965,0.541,2635
Tunisia,TUN,1966,0.6209,2636
Tunisia,TUN,1967,0.6504,2558
Tunisia,TUN,1968,0.7414,2766
Tunisia,TUN,1969,0.7777,2805
Tunisia,TUN,1970,0.7383,2912
Tunisia,TUN,1971,0.8129,3159
Tunisia,TUN,1972,0.8942,3645
Tunisia,TUN,1973,0.8917,3540
Tunisia,TUN,1974,0.9747,3735
Tunisia,TUN,1975,0.9795,3899
Tunisia,TUN,1976,1.0095,4095
Tunisia,TUN,1977,1.14,4132
Tunisia,TUN,1978,1.234,4304
Tunisia,TUN,1979,1.4089,4481
Tunisia,TUN,1980,1.485,4693
Tunisia,TUN,1981,1.4959,4830
Tunisia,TUN,1982,1.4083,4713
Tunisia,TUN,1983,1.6216,4844
Tunisia,TUN,1984,1.6101,4890
Tunisia,TUN,1985,1.6196,5039
Tunisia,TUN,1986,1.5952,4841
Tunisia,TUN,1987,1.5146,5043
Tunisia,TUN,1988,1.5706,4940
Tunisia,TUN,1989,1.6303,5023
Tunisia,TUN,1990,1.5925,5316
Tunisia,TUN,1991,1.823,5446.2282
Tunisia,TUN,1992,1.7287,5789.9551
Tunisia,TUN,1993,1.8591,5843.0684
Tunisia,TUN,1994,1.7593,5968.8448
Tunisia,TUN,1995,1.7037,6048.7475
Tunisia,TUN,1996,1.7892,6388.394
Tunisia,TUN,1997,1.7825,6680.1034
Tunisia,TUN,1998,1.8726,6944.6609
Tunisia,TUN,1999,1.8847,7297.4746
Tunisia,TUN,2000,2.0263,7548.4378
Tunisia,TUN,2001,2.0978,7848.0945
Tunisia,TUN,2002,2.0827,7916.6795
Tunisia,TUN,2003,2.1041,8281.7153
Tunisia,TUN,2004,2.1878,8705.0841
Tunisia,TUN,2005,2.2033,8983.3842
Tunisia,TUN,2006,2.2156,9420.0232
Tunisia,TUN,2007,2.2984,9932.9382
Tunisia,TUN,2008,2.3365,10294.9214
Tunisia,TUN,2009,2.3107,10533.2178
Tunisia,TUN,2010,2.5482,10721.8113
Tunisia,TUN,2011,2.3763,10437
Tunisia,TUN,2012,2.4252,10739
Tunisia,TUN,2013,2.4527,10898
Tunisia,TUN,2014,2.5213,11040
Tunisia,TUN,2015,2.6182,11060
Tunisia,TUN,2016,2.5662,11073
Tunisia,TUN,2017,2.5567,11168.2611
Tunisia,TUN,2018,2.5389,11353.8865
Turkey,TUR,1870,0.0133,1165
Turkey,TUR,1913,0.1383,1473
Turkey,TUR,1918,0.0323,832
Turkey,TUR,1923,0.1032,999
Turkey,TUR,1924,0.1706,1084
Turkey,TUR,1925,0.1635,1199
Turkey,TUR,1926,0.2063,1382
Turkey,TUR,1927,0.2232,1248
Turkey,TUR,1928,0.2112,1361
Turkey,TUR,1929,0.2377,1554
Turkey,TUR,1930,0.2628,1600
Turkey,TUR,1931,0.2571,1669
Turkey,TUR,1932,0.2571,1543
Turkey,TUR,1933,0.2945,1718
Turkey,TUR,1934,0.3593,1731
Turkey,TUR,1935,0.3617,1739
Turkey,TUR,1936,0.3512,2034
Turkey,TUR,1937,0.2497,2066
Turkey,TUR,1938,0.2678,2209
Turkey,TUR,1939,0.2785,2324
Turkey,TUR,1940,0.3052,2146
Turkey,TUR,1941,0.3082,1932
Turkey,TUR,1942,0.2666,1994
Turkey,TUR,1943,0.3243,1792
Turkey,TUR,1944,0.366,1696
Turkey,TUR,1945,0.3632,1452
Turkey,TUR,1946,0.3537,1831
Turkey,TUR,1947,0.3703,1890
Turkey,TUR,1948,0.3749,2098
Turkey,TUR,1949,0.3804,1946
Turkey,TUR,1950,0.4432,2079
Turkey,TUR,1951,0.464,2299
Turkey,TUR,1952,0.4653,2522
Turkey,TUR,1953,0.5617,2745
Turkey,TUR,1954,0.5675,2609
Turkey,TUR,1955,0.5611,2754
Turkey,TUR,1956,0.577,2777
Turkey,TUR,1957,0.6259,2920
Turkey,TUR,1958,0.613,2973
Turkey,TUR,1959,0.6413,3030
Turkey,TUR,1960,0.6115,3041
Turkey,TUR,1961,0.6161,3022
Turkey,TUR,1962,0.7493,3142
Turkey,TUR,1963,0.7666,3374
Turkey,TUR,1964,0.8697,3453
Turkey,TUR,1965,0.8831,3481
Turkey,TUR,1966,0.9933,3824
Turkey,TUR,1967,1.0308,3929
Turkey,TUR,1968,1.0905,4122
Turkey,TUR,1969,1.1379,4267
Turkey,TUR,1970,1.2209,4398
Turkey,TUR,1971,1.3336,4715
Turkey,TUR,1972,1.4683,4929
Turkey,TUR,1973,1.5828,5050
Turkey,TUR,1974,1.5879,5353
Turkey,TUR,1975,1.6656,5719
Turkey,TUR,1976,1.8253,6110
Turkey,TUR,1977,1.9733,6271
Turkey,TUR,1978,1.8248,6350
Turkey,TUR,1979,1.7453,6204
Turkey,TUR,1980,1.7103,6070
Turkey,TUR,1981,1.7601,6201
Turkey,TUR,1982,1.8731,6381
Turkey,TUR,1983,1.9079,6489
Turkey,TUR,1984,1.9725,6736
Turkey,TUR,1985,2.1505,6958
Turkey,TUR,1986,2.3064,7323
Turkey,TUR,1987,2.5135,7838
Turkey,TUR,1988,2.3961,8019
Turkey,TUR,1989,2.596,7992
Turkey,TUR,1990,2.8098,8606
Turkey,TUR,1991,2.8807,8658.3784
Turkey,TUR,1992,2.9404,9150.4346
Turkey,TUR,1993,3.0185,9865.3007
Turkey,TUR,1994,2.9086,9308.6954
Turkey,TUR,1995,3.0931,9962.5366
Turkey,TUR,1996,3.3576,10644.634
Turkey,TUR,1997,3.5116,11432.4368
Turkey,TUR,1998,3.4574,11772.8301
Turkey,TUR,1999,3.3362,11151.6736
Turkey,TUR,2000,3.6336,11904.0082
Turkey,TUR,2001,3.3257,10950.9921
Turkey,TUR,2002,3.3921,11753.9536
Turkey,TUR,2003,3.5782,12380.2068
Turkey,TUR,2004,3.6481,13423.7946
Turkey,TUR,2005,3.8908,14487.7583
Turkey,TUR,2006,4.0963,15425.1887
Turkey,TUR,2007,4.4945,16090.8348
Turkey,TUR,2008,4.3926,16182.7328
Turkey,TUR,2009,4.4217,15188.4204
Turkey,TUR,2010,4.3466,16528.1193
Turkey,TUR,2011,4.6224,17919
Turkey,TUR,2012,4.7376,18170
Turkey,TUR,2013,4.5468,18788
Turkey,TUR,2014,4.6831,19277
Turkey,TUR,2015,4.8559,19836
Turkey,TUR,2016,5.0263,17906
Turkey,TUR,2017,5.2434,18995.8238
Turkey,TUR,2018,5.094,19270.2202
Turkmenistan,TKM,1973,9.6768,7693
Turkmenistan,TKM,1980,10.2227,6763
Turkmenistan,TKM,1981,9.7959,6666
Turkmenistan,TKM,1982,9.7446,6575
Turkmenistan,TKM,1983,9.653,6535
Turkmenistan,TKM,1984,9.5102,6314
Turkmenistan,TKM,1985,10.0037,6186
Turkmenistan,TKM,1986,10.7506,6204
Turkmenistan,TKM,1987,10.6663,6194
Turkmenistan,TKM,1988,10.6197,6601
Turkmenistan,TKM,1989,10.4786,5915
Turkmenistan,TKM,1990,8.5139,5796
Turkmenistan,TKM,1991,8.6343,5457.7569
Turkmenistan,TKM,1992,8.204,4587.7637
Turkmenistan,TKM,1993,6.8606,4604.3842
Turkmenistan,TKM,1994,8.1269,3769.6248
Turkmenistan,TKM,1995,8.0644,3473.6802
Turkmenistan,TKM,1996,7.1384,3226.9848
Turkmenistan,TKM,1997,7.0162,2856.1486
Turkmenistan,TKM,1998,7.2563,3037.7043
Turkmenistan,TKM,1999,8.4202,3527.1605
Turkmenistan,TKM,2000,8.2961,4173.1946
Turkmenistan,TKM,2001,8.326,5014.0625
Turkmenistan,TKM,2002,8.6529,5795.641
Turkmenistan,TKM,2003,9.5625,6784.561
Turkmenistan,TKM,2004,9.8751,7781.7438
Turkmenistan,TKM,2005,10.1443,8791.6758
Turkmenistan,TKM,2006,10.2644,9752.3555
Turkmenistan,TKM,2007,11.4761,10829.3758
Turkmenistan,TKM,2008,11.4809,12426.7188
Turkmenistan,TKM,2009,10.018,13188.4479
Turkmenistan,TKM,2010,11.2262,14397.1491
Turkmenistan,TKM,2011,12.0182,16518
Turkmenistan,TKM,2012,12.2504,18135
Turkmenistan,TKM,2013,12.3687,19751
Turkmenistan,TKM,2014,12.4459,21546
Turkmenistan,TKM,2015,12.6194,22675
Turkmenistan,TKM,2016,12.3913,23813
Turkmenistan,TKM,2017,12.1979,25069.6179
Turkmenistan,TKM,2018,12.0404,26318.366
Uganda,UGA,1950,0.0206,1095
Uganda,UGA,1951,0.0262,1023
Uganda,UGA,1952,0.0262,1058
Uganda,UGA,1953,0.0373,1076
Uganda,UGA,1954,0.0383,1033
Uganda,UGA,1955,0.0448,1071
Uganda,UGA,1956,0.0436,1100
Uganda,UGA,1957,0.0448,1116
Uganda,UGA,1958,0.0459,1092
Uganda,UGA,1959,0.063,1116
Uganda,UGA,1960,0.0622,1137
Uganda,UGA,1961,0.0582,1093
Uganda,UGA,1962,0.0594,1106
Uganda,UGA,1963,0.0579,1197
Uganda,UGA,1964,0.0636,1251
Uganda,UGA,1965,0.0784,1242
Uganda,UGA,1966,0.0886,1280
Uganda,UGA,1967,0.0946,1310
Uganda,UGA,1968,0.111,1304
Uganda,UGA,1969,0.1288,1404
Uganda,UGA,1970,0.1534,1382
Uganda,UGA,1971,0.1487,1385
Uganda,UGA,1972,0.1388,1364
Uganda,UGA,1973,0.1155,1331
Uganda,UGA,1974,0.1138,1302
Uganda,UGA,1975,0.1051,1243
Uganda,UGA,1976,0.0892,1219
Uganda,UGA,1977,0.0705,1207
Uganda,UGA,1978,0.0594,1111
Uganda,UGA,1979,0.0556,966
Uganda,UGA,1980,0.0503,912
Uganda,UGA,1981,0.0411,923
Uganda,UGA,1982,0.0412,972
Uganda,UGA,1983,0.045,1014
Uganda,UGA,1984,0.0412,897
Uganda,UGA,1985,0.0424,886
Uganda,UGA,1986,0.0466,858
Uganda,UGA,1987,0.0492,877
Uganda,UGA,1988,0.0533,902
Uganda,UGA,1989,0.0478,929
Uganda,UGA,1990,0.0438,932
Uganda,UGA,1991,0.0434,915.4053
Uganda,UGA,1992,0.043,934.8263
Uganda,UGA,1993,0.0416,959.1881
Uganda,UGA,1994,0.0358,994.5334
Uganda,UGA,1995,0.0453,1054.7139
Uganda,UGA,1996,0.0484,1091.5275
Uganda,UGA,1997,0.049,1107.5009
Uganda,UGA,1998,0.0542,1137.6382
Uganda,UGA,1999,0.0547,1185.4313
Uganda,UGA,2000,0.0575,1191.9539
Uganda,UGA,2001,0.0581,1255.8844
Uganda,UGA,2002,0.0575,1301.0588
Uganda,UGA,2003,0.0582,1335.0305
Uganda,UGA,2004,0.0599,1364.6852
Uganda,UGA,2005,0.0729,1451.0973
Uganda,UGA,2006,0.0834,1501.3855
Uganda,UGA,2007,0.0919,1569.8298
Uganda,UGA,2008,0.0913,1679.3995
Uganda,UGA,2009,0.0955,1757.3862
Uganda,UGA,2010,0.1101,1831.2907
Uganda,UGA,2011,0.1142,1890
Uganda,UGA,2012,0.105,1877
Uganda,UGA,2013,0.1052,1889
Uganda,UGA,2014,0.1108,1923
Uganda,UGA,2015,0.1184,1954
Uganda,UGA,2016,0.1208,1980
Uganda,UGA,2017,0.1305,1991.8951
Uganda,UGA,2018,0.1287,2045.4203
Ukraine,UKR,1973,11.0136,7849
Ukraine,UKR,1980,13.4693,8467
Ukraine,UKR,1981,13.1526,8695
Ukraine,UKR,1982,13.3486,8934
Ukraine,UKR,1983,13.4853,9288
Ukraine,UKR,1984,13.5557,9476
Ukraine,UKR,1985,14.5758,9387
Ukraine,UKR,1986,14.4735,9408
Ukraine,UKR,1987,14.3155,9648
Ukraine,UKR,1988,14.1385,9704
Ukraine,UKR,1989,13.2747,10082
Ukraine,UKR,1990,13.7153,9607
Ukraine,UKR,1991,12.2915,8899.0967
Ukraine,UKR,1992,11.4568,8130.2768
Ukraine,UKR,1993,9.9423,7090.2573
Ukraine,UKR,1994,8.1972,5585.4133
Ukraine,UKR,1995,7.6589,5024.1817
Ukraine,UKR,1996,6.9475,4636.6263
Ukraine,UKR,1997,6.7795,4612.4042
Ukraine,UKR,1998,6.6051,4640.1992
Ukraine,UKR,1999,6.0501,4751.3162
Ukraine,UKR,2000,5.8425,5165.8082
Ukraine,UKR,2001,6.2717,5793.6598
Ukraine,UKR,2002,6.1624,6262.9824
Ukraine,UKR,2003,6.4523,7029.5705
Ukraine,UKR,2004,6.573,8049.3954
Ukraine,UKR,2005,6.6776,8496.6763
Ukraine,UKR,2006,7.1377,9355.9879
Ukraine,UKR,2007,7.2545,10355.8184
Ukraine,UKR,2008,7.0525,10824.0765
Ukraine,UKR,2009,6.0319,9381.225
Ukraine,UKR,2010,6.422,9601.2086
Ukraine,UKR,2011,6.7504,10333
Ukraine,UKR,2012,6.6876,10383
Ukraine,UKR,2013,6.5637,10404
Ukraine,UKR,2014,5.7083,9818
Ukraine,UKR,2015,4.9825,8961
Ukraine,UKR,2016,5.2334,9214
Ukraine,UKR,2017,5.0145,9484.3808
Ukraine,UKR,2018,5.2441,9813.3637
United Arab Emirates,ARE,1959,0.1261,34153
United Arab Emirates,ARE,1960,0.1189,35758
United Arab Emirates,ARE,1961,0.109,36949
United Arab Emirates,ARE,1962,0.1634,38654
United Arab Emirates,ARE,1963,0.1757,39889
United Arab Emirates,ARE,1964,0.1327,40927
United Arab Emirates,ARE,1965,0.1467,41705
United Arab Emirates,ARE,1966,0.1603,42213
United Arab Emirates,ARE,1967,5.3956,42416
United Arab Emirates,ARE,1968,6.8015,42040
United Arab Emirates,ARE,1969,100.9705,40639
United Arab Emirates,ARE,1970,64.9643,39135
United Arab Emirates,ARE,1971,76.2874,39540
United Arab Emirates,ARE,1972,70.8073,39540
United Arab Emirates,ARE,1973,77.5556,39669
United Arab Emirates,ARE,1974,66.9614,45347
United Arab Emirates,ARE,1975,56.6211,40591
United Arab Emirates,ARE,1976,62.1028,40803
United Arab Emirates,ARE,1977,52.698,41915
United Arab Emirates,ARE,1978,53.5652,35936
United Arab Emirates,ARE,1979,39.2234,39534
United Arab Emirates,ARE,1980,36.1188,44168
United Arab Emirates,ARE,1981,33.5281,42456
United Arab Emirates,ARE,1982,31.5524,36635
United Arab Emirates,ARE,1983,28.6705,32737
United Arab Emirates,ARE,1984,35.6698,32135
United Arab Emirates,ARE,1985,36.3445,29562
United Arab Emirates,ARE,1986,32.5156,21949
United Arab Emirates,ARE,1987,30.942,21487
United Arab Emirates,ARE,1988,29.5597,20215
United Arab Emirates,ARE,1989,31.3999,21072
United Arab Emirates,ARE,1990,28.2776,22254
United Arab Emirates,ARE,1993,30.171,25558.7564
United Arab Emirates,ARE,1994,31.6447,28334.582
United Arab Emirates,ARE,1995,28.9894,31239.9171
United Arab Emirates,ARE,1996,28.6615,34042.7413
United Arab Emirates,ARE,1997,27.3646,38168.4666
United Arab Emirates,ARE,1998,28.6798,39667.7948
United Arab Emirates,ARE,1999,26.144,42372.4393
United Arab Emirates,ARE,2000,35.6684,48888.0321
United Arab Emirates,ARE,2001,30.457,51263.3766
United Arab Emirates,ARE,2002,24.0597,54077.4669
United Arab Emirates,ARE,2003,28.4539,59823.2673
United Arab Emirates,ARE,2004,27.4793,64925.6714
United Arab Emirates,ARE,2005,24.9503,65599.0579
United Arab Emirates,ARE,2006,22.9686,67830.9262
United Arab Emirates,ARE,2007,21.6027,65412.801
United Arab Emirates,ARE,2008,21.718,63862.0848
United Arab Emirates,ARE,2009,20.9034,58860.5359
United Arab Emirates,ARE,2010,21.1253,60112.4019
United Arab Emirates,ARE,2011,21.571,65307
United Arab Emirates,ARE,2012,22.0474,68255
United Arab Emirates,ARE,2013,22.3301,70791
United Arab Emirates,ARE,2014,21.9148,72601
United Arab Emirates,ARE,2015,23.3818,74746
United Arab Emirates,ARE,2016,22.9321,75876
United Arab Emirates,ARE,2017,17.7957,76643.4984
United Arab Emirates,ARE,2018,16.0112,76397.8181
United Kingdom,GBR,1750,1.0067,2702
United Kingdom,GBR,1760,1.0198,2915
United Kingdom,GBR,1770,1.1835,2952
United Kingdom,GBR,1780,1.3767,3049
United Kingdom,GBR,1790,1.6648,3072
United Kingdom,GBR,1800,2.4775,3343
United Kingdom,GBR,1801,2.4581,3351
United Kingdom,GBR,1802,2.4445,3360
United Kingdom,GBR,1803,2.7194,3252
United Kingdom,GBR,1804,2.7027,3204
United Kingdom,GBR,1805,2.7736,3347
United Kingdom,GBR,1806,2.8999,3287
United Kingdom,GBR,1807,2.8695,3454
United Kingdom,GBR,1808,2.8398,3250
United Kingdom,GBR,1809,2.8103,3309
United Kingdom,GBR,1810,2.701,3478
United Kingdom,GBR,1811,2.7727,3397
United Kingdom,GBR,1812,2.7424,3207
United Kingdom,GBR,1813,2.6204,3328
United Kingdom,GBR,1814,2.5214,3204
United Kingdom,GBR,1815,2.4331,3489
United Kingdom,GBR,1816,2.4459,3250
United Kingdom,GBR,1817,2.3367,3253
United Kingdom,GBR,1818,2.2117,3201
United Kingdom,GBR,1819,2.1248,3103
United Kingdom,GBR,1820,2.0538,3306
United Kingdom,GBR,1821,2.0096,3308
United Kingdom,GBR,1822,2.0429,3315
United Kingdom,GBR,1823,2.1235,3359
United Kingdom,GBR,1824,2.1953,3492
United Kingdom,GBR,1825,2.1899,3521
United Kingdom,GBR,1826,2.1861,3290
United Kingdom,GBR,1827,2.2481,3499
United Kingdom,GBR,1828,2.2347,3461
United Kingdom,GBR,1829,2.2388,3443
United Kingdom,GBR,1830,2.8153,3550
United Kingdom,GBR,1831,2.6977,3545
United Kingdom,GBR,1832,2.6617,3612
United Kingdom,GBR,1833,2.6308,3599
United Kingdom,GBR,1834,2.6057,3639
United Kingdom,GBR,1835,2.5683,3861
United Kingdom,GBR,1836,2.9777,3937
United Kingdom,GBR,1837,2.8442,3857
United Kingdom,GBR,1838,2.893,3963
United Kingdom,GBR,1839,2.943,3881
United Kingdom,GBR,1840,3.0427,4018
United Kingdom,GBR,1841,3.0603,3894
United Kingdom,GBR,1842,3.1817,3808
United Kingdom,GBR,1843,3.3151,3950
United Kingdom,GBR,1844,3.4724,4245
United Kingdom,GBR,1845,3.7084,4387
United Kingdom,GBR,1846,3.5434,4334
United Kingdom,GBR,1847,3.8281,4234
United Kingdom,GBR,1848,4.0337,4361
United Kingdom,GBR,1849,4.271,4422
United Kingdom,GBR,1850,4.4985,4332
United Kingdom,GBR,1851,4.2612,4477
United Kingdom,GBR,1852,4.2234,4626
United Kingdom,GBR,1853,4.174,4734
United Kingdom,GBR,1854,4.9986,4909
United Kingdom,GBR,1855,4.6516,4748
United Kingdom,GBR,1856,4.9747,5013
United Kingdom,GBR,1857,4.8553,5019
United Kingdom,GBR,1858,4.729,4879
United Kingdom,GBR,1859,5.2154,5031
United Kingdom,GBR,1860,5.7976,5086
United Kingdom,GBR,1861,5.9969,5024
United Kingdom,GBR,1862,5.7593,4764
United Kingdom,GBR,1863,6.0731,5165
United Kingdom,GBR,1864,6.4791,5255
United Kingdom,GBR,1865,6.808,5333
United Kingdom,GBR,1866,6.9556,5451
United Kingdom,GBR,1867,7.0807,5424
United Kingdom,GBR,1868,6.8867,5636
United Kingdom,GBR,1869,7.1623,5635
United Kingdom,GBR,1870,7.2496,5829
United Kingdom,GBR,1871,7.6079,5797
United Kingdom,GBR,1872,7.9382,5769
United Kingdom,GBR,1873,8.1579,5842
United Kingdom,GBR,1874,7.8495,5874
United Kingdom,GBR,1875,8.2042,5950
United Kingdom,GBR,1876,8.1093,5938
United Kingdom,GBR,1877,8.1739,5923
United Kingdom,GBR,1878,7.9488,5879
United Kingdom,GBR,1879,7.9219,5786
United Kingdom,GBR,1880,8.5544,5997
United Kingdom,GBR,1881,8.9128,6146
United Kingdom,GBR,1882,8.9129,6269
United Kingdom,GBR,1883,9.1995,6264
United Kingdom,GBR,1884,8.8851,6220
United Kingdom,GBR,1885,8.7084,6132
United Kingdom,GBR,1886,8.5599,6170
United Kingdom,GBR,1887,8.7088,6358
United Kingdom,GBR,1888,8.9817,6585
United Kingdom,GBR,1889,9.2239,6876
United Kingdom,GBR,1890,9.3564,6845
United Kingdom,GBR,1891,9.469,6781
United Kingdom,GBR,1892,9.1879,6553
United Kingdom,GBR,1893,8.1525,6486
United Kingdom,GBR,1894,9.2476,6851
United Kingdom,GBR,1895,9.2476,6996
United Kingdom,GBR,1896,9.4217,7211
United Kingdom,GBR,1897,9.5808,7229
United Kingdom,GBR,1898,9.5127,7500
United Kingdom,GBR,1899,10.0982,7729
United Kingdom,GBR,1900,10.1306,7594
United Kingdom,GBR,1901,9.8224,7516
United Kingdom,GBR,1902,10.1122,7635
United Kingdom,GBR,1903,10.1013,7482
United Kingdom,GBR,1904,10.0587,7455
United Kingdom,GBR,1905,10.1008,7603
United Kingdom,GBR,1906,10.3701,7782
United Kingdom,GBR,1907,10.7368,7855
United Kingdom,GBR,1908,10.381,7461
United Kingdom,GBR,1909,10.3907,7557
United Kingdom,GBR,1910,10.3986,7718
United Kingdom,GBR,1911,10.5909,7874
United Kingdom,GBR,1912,9.9786,7954
United Kingdom,GBR,1913,10.8607,8212
United Kingdom,GBR,1914,10.4856,8131
United Kingdom,GBR,1915,10.5768,8639
United Kingdom,GBR,1916,10.91,8702
United Kingdom,GBR,1917,10.7368,8665
United Kingdom,GBR,1918,9.96,8630
United Kingdom,GBR,1919,9.7032,7605
United Kingdom,GBR,1920,9.9975,7017
United Kingdom,GBR,1921,6.789,6792
United Kingdom,GBR,1922,9.0979,7391
United Kingdom,GBR,1923,9.6845,7587
United Kingdom,GBR,1924,10.1544,7844
United Kingdom,GBR,1925,9.6126,8199
United Kingdom,GBR,1926,5.2777,7868
United Kingdom,GBR,1927,10.0189,8472
United Kingdom,GBR,1928,9.4137,8539
United Kingdom,GBR,1929,9.9156,8772
United Kingdom,GBR,1930,9.4863,8673
United Kingdom,GBR,1931,8.8462,8190
United Kingdom,GBR,1932,8.4655,8206
United Kingdom,GBR,1933,8.3434,8411
United Kingdom,GBR,1934,8.9589,8939
United Kingdom,GBR,1935,9.0384,9244
United Kingdom,GBR,1936,9.5106,9620
United Kingdom,GBR,1937,9.762,9911
United Kingdom,GBR,1938,9.3149,9988
United Kingdom,GBR,1939,9.3431,9982
United Kingdom,GBR,1940,9.767,10928
United Kingdom,GBR,1941,9.6124,11926
United Kingdom,GBR,1942,9.5578,12176
United Kingdom,GBR,1943,9.2351,12344
United Kingdom,GBR,1944,8.9406,11803
United Kingdom,GBR,1945,8.4145,11247
United Kingdom,GBR,1946,8.7534,10751
United Kingdom,GBR,1947,9.2223,10527
United Kingdom,GBR,1948,9.4714,10753
United Kingdom,GBR,1949,9.6232,11088
United Kingdom,GBR,1950,9.8939,11061
United Kingdom,GBR,1951,10.7753,11354
United Kingdom,GBR,1952,10.4382,11303
United Kingdom,GBR,1953,10.6443,11709
United Kingdom,GBR,1954,10.8666,12145
United Kingdom,GBR,1955,11.2986,12541
United Kingdom,GBR,1956,11.2028,12639
United Kingdom,GBR,1957,11.0828,12779
United Kingdom,GBR,1958,10.7491,12698
United Kingdom,GBR,1959,10.5024,13134
United Kingdom,GBR,1960,11.1517,13780
United Kingdom,GBR,1961,11.1633,14118
United Kingdom,GBR,1962,11.1643,14131
United Kingdom,GBR,1963,11.2781,14583
United Kingdom,GBR,1964,11.2813,15251
United Kingdom,GBR,1965,11.4694,15545
United Kingdom,GBR,1966,11.3265,15757
United Kingdom,GBR,1967,10.7909,16018
United Kingdom,GBR,1968,11.0005,16593
United Kingdom,GBR,1969,11.3492,16820
United Kingdom,GBR,1970,11.7426,17162
United Kingdom,GBR,1971,11.8458,17440
United Kingdom,GBR,1972,11.5942,18002
United Kingdom,GBR,1973,11.7768,19168
United Kingdom,GBR,1974,11.003,18903
United Kingdom,GBR,1975,10.743,18884
United Kingdom,GBR,1976,10.6521,19311
United Kingdom,GBR,1977,10.7531,19740
United Kingdom,GBR,1978,10.7589,20448
United Kingdom,GBR,1979,11.4672,20988
United Kingdom,GBR,1980,10.3014,20612
United Kingdom,GBR,1981,9.9706,20319
United Kingdom,GBR,1982,9.748,20650
United Kingdom,GBR,1983,9.6929,21366
United Kingdom,GBR,1984,9.3925,21869
United Kingdom,GBR,1985,9.9201,22579
United Kingdom,GBR,1986,10.0589,23498
United Kingdom,GBR,1987,10.0897,24536
United Kingdom,GBR,1988,10.0381,25679
United Kingdom,GBR,1989,10.2077,26164
United Kingdom,GBR,1990,10.5076,26189
United Kingdom,GBR,1991,10.62,25792.0128
United Kingdom,GBR,1992,10.3207,25790.1847
United Kingdom,GBR,1993,10.0454,26349.342
United Kingdom,GBR,1994,9.9482,27277.5428
United Kingdom,GBR,1995,9.7798,27861.2158
United Kingdom,GBR,1996,10.1213,28472.248200000002
United Kingdom,GBR,1997,9.6443,29259.7638
United Kingdom,GBR,1998,9.7009,30077.3845
United Kingdom,GBR,1999,9.5563,30932.5362
United Kingdom,GBR,2000,9.6326,31946.0363
United Kingdom,GBR,2001,9.7475,32660.4414
United Kingdom,GBR,2002,9.4404,33271.3025
United Kingdom,GBR,2003,9.5947,34232.4267
United Kingdom,GBR,2004,9.5687,34865.7827
United Kingdom,GBR,2005,9.454,35623.6256
United Kingdom,GBR,2006,9.3318,36214.0688
United Kingdom,GBR,2007,9.0999,36816.6771
United Kingdom,GBR,2008,8.7617,36264.7906
United Kingdom,GBR,2009,7.861,34402.358
United Kingdom,GBR,2010,8.0623,34754.4723
United Kingdom,GBR,2011,7.3327,34971
United Kingdom,GBR,2012,7.5554,35185
United Kingdom,GBR,2013,7.3462,35618
United Kingdom,GBR,2014,6.7032,36436
United Kingdom,GBR,2015,6.4127,36941
United Kingdom,GBR,2016,6.0234,37334
United Kingdom,GBR,2017,5.8082,37782.8283
United Kingdom,GBR,2018,5.6878,38058.0856
United States,USA,1800,0.0421,2545.488
United States,USA,1801,0.0437,2591.7696
United States,USA,1802,0.0465,2635.48
United States,USA,1803,0.0468,2590.484
United States,USA,1804,0.0515,2587.9128
United States,USA,1805,0.0517,2643.1936
United States,USA,1806,0.0496,2690.7608
United States,USA,1807,0.0551,2717.7584
United States,USA,1808,0.0562,2526.204
United States,USA,1809,0.0567,2652.1928
United States,USA,1810,0.0572,2725.472
United States,USA,1811,0.0596,2780.7528
United States,USA,1812,0.0626,2731.9
United States,USA,1813,0.0652,2762.7544
United States,USA,1814,0.068,2815.464
United States,USA,1815,0.0706,2803.8936
United States,USA,1816,0.0755,2690.7608
United States,USA,1817,0.0791,2688.1896
United States,USA,1818,0.0833,2694.6176
United States,USA,1819,0.0788,2690.7608
United States,USA,1820,0.0794,2674.048
United States,USA,1821,0.0806,2715.1872
United States,USA,1822,0.0818,2791.0376
United States,USA,1823,0.0829,2760.1832
United States,USA,1824,0.0907,2836.0336
United States,USA,1825,0.0987,2897.7424
United States,USA,1826,0.1111,2918.312
United States,USA,1827,0.1189,2929.8824
United States,USA,1828,0.1273,2929.8824
United States,USA,1829,0.1394,2833.4624
United States,USA,1830,0.1577,3039.1584
United States,USA,1831,0.1663,3225.5704
United States,USA,1832,0.2159,3342.56
United States,USA,1833,0.2451,3459.5496
United States,USA,1834,0.2286,3294.9928
United States,USA,1835,0.2838,3419.696
United States,USA,1836,0.3026,3469.8344
United States,USA,1837,0.3301,3360.5584
United States,USA,1838,0.3045,3329.704
United States,USA,1839,0.3247,3491.6896
United States,USA,1840,0.3359,3319.4192
United States,USA,1841,0.3452,3252.568
United States,USA,1842,0.373,3222.9992
United States,USA,1843,0.4062,3274.4232
United States,USA,1844,0.4725,3453.1216
United States,USA,1845,0.552,3505.8312
United States,USA,1846,0.6076,3526.4008
United States,USA,1847,0.699,3618.964
United States,USA,1848,0.7554,3712.8128
United States,USA,1849,0.7957,3616.3928
United States,USA,1850,0.8387,3631.82
United States,USA,1851,1.0123,3778.3784
United States,USA,1852,1.0677,3971.2184
United States,USA,1853,1.1658,4242.48
United States,USA,1854,1.243,4254.0504
United States,USA,1855,1.3873,4161.4872
United States,USA,1856,1.4116,4247.6224
United States,USA,1857,1.4038,4156.3448
United States,USA,1858,1.3811,4176.9144
United States,USA,1859,1.4596,4288.7616
United States,USA,1860,1.4858,4401.8944
United States,USA,1861,1.3932,4311.9024
United States,USA,1862,1.411,4446.8904
United States,USA,1863,1.5913,4733.5792
United States,USA,1864,1.6625,4889.1368
United States,USA,1865,1.6276,4637.1592
United States,USA,1866,1.6001,4599.8768
United States,USA,1867,1.9217,4751.5776
United States,USA,1868,2.1203,4815.8576
United States,USA,1869,2.3555,4943.132
United States,USA,1870,2.4213,4803.0016
United States,USA,1871,2.4705,4918.7056
United States,USA,1872,2.9589,4991.9848
United States,USA,1873,3.1931,5116.688
United States,USA,1874,3.0033,4964.9872
United States,USA,1875,2.9661,5105.1176
United States,USA,1876,2.8355,5049.8368
United States,USA,1877,3.0698,5098.6896
United States,USA,1878,2.9327,5198.9664
United States,USA,1879,3.4939,5715.7776
United States,USA,1880,3.8652,6255.7296
United States,USA,1881,3.9951,6317.4384
United States,USA,1882,4.3712,6557.8456
United States,USA,1883,4.6061,6559.1312
United States,USA,1884,4.7431,6523.1344
United States,USA,1885,4.7132,6424.1432
United States,USA,1886,4.8637,6471.7104
United States,USA,1887,5.0811,6616.9832
United States,USA,1888,6.0381,6447.284
United States,USA,1889,5.2986,6705.6896
United States,USA,1890,6.2081,6664.5504
United States,USA,1891,6.4683,6811.1088
United States,USA,1892,6.6809,7324.0632
United States,USA,1893,6.6057,6834.2496
United States,USA,1894,6.0645,6510.2784
United States,USA,1895,6.7163,7159.5064
United States,USA,1896,6.6002,6885.6736
United States,USA,1897,6.7347,7406.3416
United States,USA,1898,7.2,7426.9112
United States,USA,1899,8.0994,7959.1496
United States,USA,1900,8.4143,8037.5712
United States,USA,1901,8.9814,8770.3632
United States,USA,1902,9.3288,8684.228
United States,USA,1903,10.6978,8941.348
United States,USA,1904,10.3411,8663.6584
United States,USA,1905,11.3363,9121.332
United States,USA,1906,11.6635,9980.1128
United States,USA,1907,13.2916,9950.544
United States,USA,1908,11.3937,8975.9761
United States,USA,1909,12.379,9798.1182
United States,USA,1910,13.2645,9636.7827
United States,USA,1911,12.911,9735.8893
United States,USA,1912,13.5663,9976.5671
United States,USA,1913,14.3525,10107.9694
United States,USA,1914,12.9212,9096.372
United States,USA,1915,13.2123,9164.1768
United States,USA,1916,14.459,10222.3199
United States,USA,1917,15.673,9769.078
United States,USA,1918,16.1623,10471.3058
United States,USA,1919,13.4852,10449.7803
United States,USA,1920,15.6217,10152.9271
United States,USA,1921,12.6114,9674.8805
United States,USA,1922,12.5353,10009.7153
United States,USA,1923,16.3202,11071.243
United States,USA,1924,14.4013,11126.713
United States,USA,1925,14.6923,11149.772
United States,USA,1926,15.6973,11647.7678
United States,USA,1927,15.1192,11532.3979
United States,USA,1928,14.6453,11451.069
United States,USA,1929,15.5022,11954.2353
United States,USA,1930,13.6188,10694.9821
United States,USA,1931,11.4747,9930.9634
United States,USA,1932,9.6374,8380.5044
United States,USA,1933,10.2631,8048.2245
United States,USA,1934,10.8515,8667.0918
United States,USA,1935,11.1966,9680.8386
United States,USA,1936,12.7656,10568.0124
United States,USA,1937,13.2625,11295.0989
United States,USA,1938,11.1359,10526.1336
United States,USA,1939,12.173400000000001,11171.4481
United States,USA,1940,13.5274,12005.0952
United States,USA,1941,14.5805,13553.4017
United States,USA,1942,15.4896,14869.8612
United States,USA,1943,15.7903,16050.2174
United States,USA,1944,16.7588,16999.3272
United States,USA,1945,15.9519,16477.5518
United States,USA,1946,15.0525,14822.4665
United States,USA,1947,16.3479,14311.5472
United States,USA,1948,16.751,14734.2321
United States,USA,1949,13.8397,14196.672
United States,USA,1950,16.0031,15240
United States,USA,1951,16.2774,16125
United States,USA,1952,15.6253,16444
United States,USA,1953,15.7485,16917
United States,USA,1954,14.7527,16512
United States,USA,1955,15.8916,17370
United States,USA,1956,16.3694,17397
United States,USA,1957,15.9526,17406
United States,USA,1958,15.1942,16946
United States,USA,1959,15.4078,17900
United States,USA,1960,15.5159,18057
United States,USA,1961,15.2276,18175
United States,USA,1962,15.5668,18976
United States,USA,1963,16.0378,19514
United States,USA,1964,16.5348,20360
United States,USA,1965,17.0194,21390
United States,USA,1966,17.6884,22529
United States,USA,1967,18.1715,22842
United States,USA,1968,18.6618,23691
United States,USA,1969,19.4305,24195
United States,USA,1970,20.7121,23958
United States,USA,1971,20.6508,24394
United States,USA,1972,21.4413,25414
United States,USA,1973,22.2365,26602
United States,USA,1974,21.2828,26286
United States,USA,1975,20.4401,25956
United States,USA,1976,21.4738,27058
United States,USA,1977,21.9122,28001
United States,USA,1978,21.9389,29286
United States,USA,1979,22.0303,29949
United States,USA,1980,20.9533,29611
United States,USA,1981,20.2308,30056
United States,USA,1982,19.0191,29210
United States,USA,1983,18.7653,30158
United States,USA,1984,19.5668,32076
United States,USA,1985,19.3446,33023
United States,USA,1986,19.2087,33850
United States,USA,1987,19.6915,34730
United States,USA,1988,20.4157,35863
United States,USA,1989,20.5502,36756
United States,USA,1990,20.2818,36982
United States,USA,1991,19.8709,36463.9576
United States,USA,1992,20.1077,37240.299
United States,USA,1993,20.2955,37761.5352
United States,USA,1994,20.4347,38807.28
United States,USA,1995,20.4459,39390.6254
United States,USA,1996,20.9089,40412.751
United States,USA,1997,20.9282,41722.6703
United States,USA,1998,20.8269,43072.758
United States,USA,1999,20.839,44575.8486
United States,USA,2000,21.3357,45886.4705
United States,USA,2001,20.7474,45878.0092
United States,USA,2002,20.7003,46266.2959
United States,USA,2003,20.7437,47157.9953
United States,USA,2004,20.913,48492.7171
United States,USA,2005,20.7954,49654.7614
United States,USA,2006,20.324,50489.86
United States,USA,2007,20.3953,50901.7447
United States,USA,2008,19.4872,50275.7463
United States,USA,2009,17.8847,48452.9335
United States,USA,2010,18.3676,49266.9159
United States,USA,2011,17.7807,49675
United States,USA,2012,16.9998,50394
United States,USA,2013,17.3017,50863
United States,USA,2014,17.3306,51664
United States,USA,2015,16.7408,52591
United States,USA,2016,16.2469,53015
United States,USA,2017,16.0197,54007.7698
United States,USA,2018,16.434,55334.7394
Uruguay,URY,1932,0.0426,4450
Uruguay,URY,1933,0.036,4112
Uruguay,URY,1934,0.0276,4693
Uruguay,URY,1935,0.0272,4790
Uruguay,URY,1936,0.0288,4790
Uruguay,URY,1937,0.0379,4935
Uruguay,URY,1938,0.0392,5273
Uruguay,URY,1939,0.0442,5322
Uruguay,URY,1940,0.0418,4983
Uruguay,URY,1941,0.0431,5225
Uruguay,URY,1942,0.0355,4838
Uruguay,URY,1943,0.0316,4693
Uruguay,URY,1944,0.0452,5322
Uruguay,URY,1945,0.0516,5418
Uruguay,URY,1946,0.0663,5903
Uruguay,URY,1947,0.0673,5757
Uruguay,URY,1948,0.0665,5853
Uruguay,URY,1949,0.0658,6531
Uruguay,URY,1950,1.0961,7015
Uruguay,URY,1951,1.1596,7548
Uruguay,URY,1952,1.3793,7353
Uruguay,URY,1953,1.5153,8030
Uruguay,URY,1954,1.5952,8273
Uruguay,URY,1955,1.652,8176
Uruguay,URY,1956,1.6726,8225
Uruguay,URY,1957,1.8182,8176
Uruguay,URY,1958,1.6095,7788
Uruguay,URY,1959,1.7516,7450
Uruguay,URY,1960,1.6995,7643
Uruguay,URY,1961,1.6008,7740
Uruguay,URY,1962,1.5388,7498
Uruguay,URY,1963,1.6374,7450
Uruguay,URY,1964,1.7081,7498
Uruguay,URY,1965,2.0472,7498
Uruguay,URY,1966,1.9828,7693
Uruguay,URY,1967,1.774,7305
Uruguay,URY,1968,1.7581,7353
Uruguay,URY,1969,1.9998,7740
Uruguay,URY,1970,2.0414,8030
Uruguay,URY,1971,2.0587,7933
Uruguay,URY,1972,2.1511,7643
Uruguay,URY,1973,2.0441,7885
Uruguay,URY,1974,2.0102,8176
Uruguay,URY,1975,2.1067,8563
Uruguay,URY,1976,2.0719,8853
Uruguay,URY,1977,1.974,8950
Uruguay,URY,1978,1.9923,9483
Uruguay,URY,1979,2.1627,9966
Uruguay,URY,1980,1.9958,10546
Uruguay,URY,1981,1.8251,10643
Uruguay,URY,1982,1.6432,9578
Uruguay,URY,1983,1.2793,8950
Uruguay,URY,1984,1.149,8805
Uruguay,URY,1985,1.0904,8901
Uruguay,URY,1986,1.0443,9628
Uruguay,URY,1987,1.1616,10305
Uruguay,URY,1988,1.5596,10256
Uruguay,URY,1989,1.5711,10305
Uruguay,URY,1990,1.2758,10305
Uruguay,URY,1991,1.4458,10586.4084
Uruguay,URY,1992,1.6304,11349.542
Uruguay,URY,1993,1.397,11581.7047
Uruguay,URY,1994,1.259,12344.1501
Uruguay,URY,1995,1.4134,12092.6389
Uruguay,URY,1996,1.6645,12660.1627
Uruguay,URY,1997,1.6861,13226.4778
Uruguay,URY,1998,1.7134,13744.3211
Uruguay,URY,1999,2.02,13348.7563
Uruguay,URY,2000,1.5869,13050.0639
Uruguay,URY,2001,1.5127,12463.919
Uruguay,URY,2002,1.3703,11399.5807
Uruguay,URY,2003,1.362,11438.6861
Uruguay,URY,2004,1.6754,11955.3094
Uruguay,URY,2005,1.724,12757.4986
Uruguay,URY,2006,1.9838,13223.7808
Uruguay,URY,2007,1.7851,13976.3926
Uruguay,URY,2008,2.4554,14869.9267
Uruguay,URY,2009,2.3724,15143.9961
Uruguay,URY,2010,1.8748,16415.6288
Uruguay,URY,2011,2.2715,17211
Uruguay,URY,2012,2.5427,17876
Uruguay,URY,2013,2.2105,18589
Uruguay,URY,2014,1.9657,19160
Uruguay,URY,2015,1.9711,19244
Uruguay,URY,2016,1.9043,19468
Uruguay,URY,2017,1.7932,19918.1361
Uruguay,URY,2018,1.905,20185.836
Uzbekistan,UZB,1973,5.619,8125
Uzbekistan,UZB,1980,5.8973,7453
Uzbekistan,UZB,1981,5.642,7527
Uzbekistan,UZB,1982,5.603,7594
Uzbekistan,UZB,1983,5.5409,7672
Uzbekistan,UZB,1984,5.4528,7189
Uzbekistan,UZB,1985,5.732,7181
Uzbekistan,UZB,1986,5.3843,6904
Uzbekistan,UZB,1987,5.2409,6680
Uzbekistan,UZB,1988,5.6059,7101
Uzbekistan,UZB,1989,5.5159,7093
Uzbekistan,UZB,1990,5.0747,6790
Uzbekistan,UZB,1991,4.928,6485.5278
Uzbekistan,UZB,1992,5.1922,5530.4786
Uzbekistan,UZB,1993,5.2885,5193.4641
Uzbekistan,UZB,1994,4.8343,4744.4579
Uzbekistan,UZB,1995,4.5046,4535.2632
Uzbekistan,UZB,1996,4.5444,4452.8819
Uzbekistan,UZB,1997,4.5105,4529.3344
Uzbekistan,UZB,1998,4.9301,4575.9868
Uzbekistan,UZB,1999,4.9868,4630.6514
Uzbekistan,UZB,2000,4.8847,4667.2599
Uzbekistan,UZB,2001,4.8823,4725.2525
Uzbekistan,UZB,2002,5.0143,4777.2886
Uzbekistan,UZB,2003,4.8909,4844.73
Uzbekistan,UZB,2004,4.7979,5068.2086
Uzbekistan,UZB,2005,4.4111,5284.0049
Uzbekistan,UZB,2006,4.4532,5535.1218
Uzbekistan,UZB,2007,4.3784,5907.9989
Uzbekistan,UZB,2008,4.4536,6278.2732
Uzbekistan,UZB,2009,3.7859,6618.0976
Uzbekistan,UZB,2010,3.6238,7002.8596
Uzbekistan,UZB,2011,3.8894,7396
Uzbekistan,UZB,2012,3.9013,7928
Uzbekistan,UZB,2013,3.6573,8482
Uzbekistan,UZB,2014,3.4494,9085
Uzbekistan,UZB,2015,3.2788,9720
Uzbekistan,UZB,2016,3.4403,10381
Uzbekistan,UZB,2017,3.3528,10743.8666
Uzbekistan,UZB,2018,3.5328,11220.3702
Venezuela,VEN,1904,0.0013,1788
Venezuela,VEN,1908,0.0012,1693
Venezuela,VEN,1913,0.0047,1750
Venezuela,VEN,1914,0.0094,2020
Venezuela,VEN,1915,0.0164,2020
Venezuela,VEN,1916,0.0255,1884
Venezuela,VEN,1917,0.0253,1962
Venezuela,VEN,1918,0.0675,2039
Venezuela,VEN,1919,0.0659,1962
Venezuela,VEN,1920,0.0462,1903
Venezuela,VEN,1921,0.0492,1846
Venezuela,VEN,1922,0.062,2000
Venezuela,VEN,1923,0.1348,2096
Venezuela,VEN,1924,0.114,2173
Venezuela,VEN,1925,0.1978,2289
Venezuela,VEN,1926,0.3108,2423
Venezuela,VEN,1927,0.292,2461
Venezuela,VEN,1928,0.5418,2866
Venezuela,VEN,1929,0.5495,2942
Venezuela,VEN,1930,0.0071,2923
Venezuela,VEN,1931,0.001,2904
Venezuela,VEN,1932,1.0347,2635
Venezuela,VEN,1933,0.7564,2923
Venezuela,VEN,1934,1.3818,3038
Venezuela,VEN,1935,1.5628,3615
Venezuela,VEN,1936,0.8146,3904
Venezuela,VEN,1937,2.3855,3885
Venezuela,VEN,1938,1.5329,4289
Venezuela,VEN,1939,1.7232,4538
Venezuela,VEN,1940,2.9806,4769
Venezuela,VEN,1941,3.5553,4635
Venezuela,VEN,1942,2.6584,4001
Venezuela,VEN,1943,2.3126,4423
Venezuela,VEN,1944,3.2917,4769
Venezuela,VEN,1945,3.334,5808
Venezuela,VEN,1946,16.4717,6655
Venezuela,VEN,1947,4.1007,6500
Venezuela,VEN,1948,4.9709,7712
Venezuela,VEN,1949,5.4172,7828
Venezuela,VEN,1950,6.9821,8462
Venezuela,VEN,1951,8.2737,9039
Venezuela,VEN,1952,8.4934,9309
Venezuela,VEN,1953,7.686,9500
Venezuela,VEN,1954,7.8977,10020
Venezuela,VEN,1955,8.859,10501
Venezuela,VEN,1956,9.2708,11136
Venezuela,VEN,1957,9.5508,11923
Venezuela,VEN,1958,7.1983,11615
Venezuela,VEN,1959,8.2988,12078
Venezuela,VEN,1960,7.0029,12116
Venezuela,VEN,1961,6.1474,12231
Venezuela,VEN,1962,6.1829,12848
Venezuela,VEN,1963,6.2028,13232
Venezuela,VEN,1964,6.0358,14019
Venezuela,VEN,1965,6.2658,14347
Venezuela,VEN,1966,5.6846,14174
Venezuela,VEN,1967,6.3469,14250
Venezuela,VEN,1968,6.1269,14520
Venezuela,VEN,1969,6.2393,14655
Venezuela,VEN,1970,6.5362,15289
Venezuela,VEN,1971,5.321,15192
Venezuela,VEN,1972,5.1674,15135
Venezuela,VEN,1973,5.3344,15540
Venezuela,VEN,1974,5.8561,15943
Venezuela,VEN,1975,4.8334,16385
Venezuela,VEN,1976,4.2199,17174
Venezuela,VEN,1977,4.558,17693
Venezuela,VEN,1978,4.775,17481
Venezuela,VEN,1979,5.1754,17135
Venezuela,VEN,1980,5.97,16270
Venezuela,VEN,1981,5.8849,15750
Venezuela,VEN,1982,5.8187,15423
Venezuela,VEN,1983,5.6503,14155
Venezuela,VEN,1984,5.5107,13597
Venezuela,VEN,1985,5.8331,13270
Venezuela,VEN,1986,6.1467,13751
Venezuela,VEN,1987,6.0694,13866
Venezuela,VEN,1988,6.1903,14308
Venezuela,VEN,1989,5.6646,12750
Venezuela,VEN,1990,6.2051,13251
Venezuela,VEN,1991,5.725,14274.5255
Venezuela,VEN,1992,5.1356,14901.6164
Venezuela,VEN,1993,5.8984,14693.902
Venezuela,VEN,1994,6.0318,14129.278
Venezuela,VEN,1995,6.0588,14448.2822
Venezuela,VEN,1996,5.465,14211.8094
Venezuela,VEN,1997,5.8448,14894.3367
Venezuela,VEN,1998,7.1625,14739.0507
Venezuela,VEN,1999,7.2689,13669.4846
Venezuela,VEN,2000,6.2776,13992.6088
Venezuela,VEN,2001,6.9777,14298.037
Venezuela,VEN,2002,7.679,12856.0492
Venezuela,VEN,2003,7.493,11728.183
Venezuela,VEN,2004,5.8188,13713.0452
Venezuela,VEN,2005,6.1978,14944.3395
Venezuela,VEN,2006,5.965,16253.6858
Venezuela,VEN,2007,5.5023,17386.0853
Venezuela,VEN,2008,6.104,18019.0902
Venezuela,VEN,2009,6.0495,17242.9448
Venezuela,VEN,2010,6.4727,17105.5793
Venezuela,VEN,2011,6.0906,17746
Venezuela,VEN,2012,6.2064,18549
Venezuela,VEN,2013,6.965,21429
Venezuela,VEN,2014,6.2147,20317
Venezuela,VEN,2015,5.9878,18802
Venezuela,VEN,2016,5.6774,15219
Venezuela,VEN,2017,5.4939,12879.135
Venezuela,VEN,2018,4.1602,10709.9506
Vietnam,VNM,1913,0.0721,1159
Vietnam,VNM,1950,0.0596,1049
Vietnam,VNM,1951,0.0507,1078
Vietnam,VNM,1952,0.0718,1106
Vietnam,VNM,1953,0.0657,1135
Vietnam,VNM,1954,0.0976,1167
Vietnam,VNM,1955,0.1252,1195
Vietnam,VNM,1956,0.1004,1218
Vietnam,VNM,1957,0.0964,1235
Vietnam,VNM,1958,0.1631,1251
Vietnam,VNM,1959,0.2084,1262
Vietnam,VNM,1960,0.2291,1274
Vietnam,VNM,1961,0.237,1294
Vietnam,VNM,1962,0.2692,1411
Vietnam,VNM,1963,0.255,1406
Vietnam,VNM,1964,0.3205,1427
Vietnam,VNM,1965,0.3473,1398
Vietnam,VNM,1966,0.4924,1369
Vietnam,VNM,1967,0.573,1165
Vietnam,VNM,1968,0.5729,1114
Vietnam,VNM,1969,0.6395,1178
Vietnam,VNM,1970,0.6491,1172
Vietnam,VNM,1971,0.5508,1202
Vietnam,VNM,1972,0.5057,1278
Vietnam,VNM,1973,0.5379,1333
Vietnam,VNM,1974,0.3999,1248
Vietnam,VNM,1975,0.4469,1132
Vietnam,VNM,1976,0.2792,1290
Vietnam,VNM,1977,0.2998,1304
Vietnam,VNM,1978,0.2962,1285
Vietnam,VNM,1979,0.306,1267
Vietnam,VNM,1980,0.3093,1207
Vietnam,VNM,1981,0.3187,1223
Vietnam,VNM,1982,0.3228,1293
Vietnam,VNM,1983,0.3314,1333
Vietnam,VNM,1984,0.294,1420
Vietnam,VNM,1985,0.3464,1471
Vietnam,VNM,1986,0.3304,1481
Vietnam,VNM,1987,0.3657,1500
Vietnam,VNM,1988,0.3543,1556
Vietnam,VNM,1989,0.2614,1588
Vietnam,VNM,1990,0.3133,1634
Vietnam,VNM,1991,0.3078,1688.1599
Vietnam,VNM,1992,0.3028,1792.6708
Vietnam,VNM,1993,0.3161,1894.8586
Vietnam,VNM,1994,0.3553,2018.3507
Vietnam,VNM,1995,0.3831,2167.042
Vietnam,VNM,1996,0.4497,2323.0464
Vietnam,VNM,1997,0.5771,2466.8735
Vietnam,VNM,1998,0.599,2564.2845
Vietnam,VNM,1999,0.5933,2641.3485
Vietnam,VNM,2000,0.6582,2773.1016
Vietnam,VNM,2001,0.7388,2915.6861
Vietnam,VNM,2002,0.8401,3070.6935
Vietnam,VNM,2003,0.924,3242.2855
Vietnam,VNM,2004,1.0564,3437.6644
Vietnam,VNM,2005,1.1296,3637.6564
Vietnam,VNM,2006,1.1655,3828.9077
Vietnam,VNM,2007,1.1749,4037.2329
Vietnam,VNM,2008,1.314,4200.2352
Vietnam,VNM,2009,1.4174,4360.0617
Vietnam,VNM,2010,1.5754,4571.8486
Vietnam,VNM,2011,1.7017,4786
Vietnam,VNM,2012,1.5874,4984
Vietnam,VNM,2013,1.6443,5200
Vietnam,VNM,2014,1.8428,5455
Vietnam,VNM,2015,2.0825,5763
Vietnam,VNM,2016,2.0586,6062
Vietnam,VNM,2017,2.0639,6422.0865
Vietnam,VNM,2018,2.3415,6814.1423
World,OWID_WRL,1820,0.0464,1101.565459
World,OWID_WRL,1850,0.154,1225.081067
World,OWID_WRL,1870,0.395,1497.982325
World,OWID_WRL,1900,1.185,2212.043316
World,OWID_WRL,1920,1.821,2241.165411
World,OWID_WRL,1940,2.0839,3133.198324
World,OWID_WRL,1950,2.3666,3350.566456
World,OWID_WRL,1960,3.0927,4385.786356
World,OWID_WRL,1970,4.0256,5951.549063
World,OWID_WRL,1980,4.3722,7232.973298
World,OWID_WRL,1990,4.2702,8222.478204
World,OWID_WRL,2000,4.1073,9914.56773
World,OWID_WRL,2010,4.7927,13179.49547
World,OWID_WRL,2016,4.7496,14700.37174
World,OWID_WRL,2017,4.7595,14944.09372
World,OWID_WRL,2018,4.8022,15212.41506
Yemen,YEM,1950,0.0126,1452
Yemen,YEM,1951,0.0085,1463
Yemen,YEM,1952,0.0123,1473
Yemen,YEM,1953,0.0144,1482
Yemen,YEM,1954,0.9091,1492
Yemen,YEM,1955,0.5003,1502
Yemen,YEM,1956,0.4631,1508
Yemen,YEM,1957,0.5798,1516
Yemen,YEM,1958,0.3644,1522
Yemen,YEM,1959,0.4964,1529
Yemen,YEM,1960,0.6831,1537
Yemen,YEM,1961,0.4939,1545
Yemen,YEM,1962,0.7095,1554
Yemen,YEM,1963,0.5249,1568
Yemen,YEM,1964,0.6436,1576
Yemen,YEM,1965,0.6858,1588
Yemen,YEM,1966,0.5953,1605
Yemen,YEM,1967,0.5166,1624
Yemen,YEM,1968,1.9389,1639
Yemen,YEM,1969,0.7668,1658
Yemen,YEM,1970,0.4052,1961
Yemen,YEM,1971,0.3134,2254
Yemen,YEM,1972,0.2339,2383
Yemen,YEM,1973,0.4199,2614
Yemen,YEM,1974,0.3387,2703
Yemen,YEM,1975,0.3197,2844
Yemen,YEM,1976,0.368,3193
Yemen,YEM,1977,0.4148,3446
Yemen,YEM,1978,0.4184,3636
Yemen,YEM,1979,0.4196,3733
Yemen,YEM,1980,0.4172,3650
Yemen,YEM,1981,0.5133,3767
Yemen,YEM,1982,0.6947,3724
Yemen,YEM,1983,0.7087,3827
Yemen,YEM,1984,0.7703,3861
Yemen,YEM,1985,0.8957,3717
Yemen,YEM,1986,0.8241,3684
Yemen,YEM,1987,0.8358,3712
Yemen,YEM,1988,0.89,3747
Yemen,YEM,1989,0.8879,3751
Yemen,YEM,1990,0.813,3622
Yemen,YEM,1991,0.7419,3661.9236
Yemen,YEM,1992,0.7622,3759.7183
Yemen,YEM,1993,0.6326,3712.3411
Yemen,YEM,1994,0.6282,3775.0695
Yemen,YEM,1995,0.6942,3823.3189
Yemen,YEM,1996,0.6805,3855.572
Yemen,YEM,1997,0.7083,3927.6803
Yemen,YEM,1998,0.7334,4044.1484
Yemen,YEM,1999,0.8111,4080.2184
Yemen,YEM,2000,0.8315,4212.1055
Yemen,YEM,2001,0.8939,4249.0339
Yemen,YEM,2002,0.8433,4292.0989
Yemen,YEM,2003,0.8997,4326.5105
Yemen,YEM,2004,0.9543,4371.3956
Yemen,YEM,2005,0.9844,4485.5828
Yemen,YEM,2006,1.0192,4497.2593
Yemen,YEM,2007,0.9735,4516.1436
Yemen,YEM,2008,1.0061,4549.009
Yemen,YEM,2009,1.0771,4593.5427
Yemen,YEM,2010,0.9998,4812.3454
Yemen,YEM,2011,0.8481,4088
Yemen,YEM,2012,0.7465,4077
Yemen,YEM,2013,0.9932,4165
Yemen,YEM,2014,0.9377,4054
Yemen,YEM,2015,0.4833,2844
Yemen,YEM,2016,0.3838,2506
Yemen,YEM,2017,0.3575,2321.9239
Yemen,YEM,2018,0.3503,2284.8899
Zambia,ZMB,1950,1.0085,1054
Zambia,ZMB,1951,1.0848,1097
Zambia,ZMB,1952,1.1888,1140
Zambia,ZMB,1953,1.2609,1184
Zambia,ZMB,1954,1.3479,1231
Zambia,ZMB,1955,1.5444,1173
Zambia,ZMB,1956,1.635,1280
Zambia,ZMB,1957,1.6336,1302
Zambia,ZMB,1958,1.4161,1237
Zambia,ZMB,1959,1.5329,1458
Zambia,ZMB,1960,1.4183,1530
Zambia,ZMB,1961,1.1721,1495
Zambia,ZMB,1962,1.0988,1443
Zambia,ZMB,1963,1.0251,1438
Zambia,ZMB,1964,0.9457,1588
Zambia,ZMB,1965,1.0957,1828
Zambia,ZMB,1966,0.9501,1683
Zambia,ZMB,1967,1.2606,1765
Zambia,ZMB,1968,1.1656,1741
Zambia,ZMB,1969,1.0557,1683
Zambia,ZMB,1970,0.9011,1710
Zambia,ZMB,1971,0.8767,1661
Zambia,ZMB,1972,0.9094,1761
Zambia,ZMB,1973,0.9927,1693
Zambia,ZMB,1974,0.8783,1776
Zambia,ZMB,1975,0.8246,1659
Zambia,ZMB,1976,0.7861,1707
Zambia,ZMB,1977,0.7064,1578
Zambia,ZMB,1978,0.6347,1541
Zambia,ZMB,1979,0.6359,1451
Zambia,ZMB,1980,0.6021,1452
Zambia,ZMB,1981,0.5546,1492
Zambia,ZMB,1982,0.5603,1398
Zambia,ZMB,1983,0.5031,1320
Zambia,ZMB,1984,0.4185,1269
Zambia,ZMB,1985,0.3947,1250
Zambia,ZMB,1986,0.4009,1215
Zambia,ZMB,1987,0.3627,1203
Zambia,ZMB,1988,0.4092,1239
Zambia,ZMB,1989,0.3286,1215
Zambia,ZMB,1990,0.2995,1285
Zambia,ZMB,1991,0.2888,1279.7515
Zambia,ZMB,1992,0.2869,1308.8516
Zambia,ZMB,1993,0.2849,1312.337
Zambia,ZMB,1994,0.2698,1142.2018
Zambia,ZMB,1995,0.2355,1180.9438
Zambia,ZMB,1996,0.1968,1260.7262
Zambia,ZMB,1997,0.2453,1311.3571
Zambia,ZMB,1998,0.2309,1308.9515
Zambia,ZMB,1999,0.1753,1373.851
Zambia,ZMB,2000,0.1713,1428.5024
Zambia,ZMB,2001,0.1764,1504.4499
Zambia,ZMB,2002,0.1787,1579.0228
Zambia,ZMB,2003,0.1843,1698.5516
Zambia,ZMB,2004,0.1822,1828.3099
Zambia,ZMB,2005,0.1891,1970.0187
Zambia,ZMB,2006,0.1833,2133.5939
Zambia,ZMB,2007,0.1835,2318.6271
Zambia,ZMB,2008,0.1987,2504.757
Zambia,ZMB,2009,0.2225,2743.3219
Zambia,ZMB,2010,0.2293,3032.0679
Zambia,ZMB,2011,0.2405,3205
Zambia,ZMB,2012,0.288,3350
Zambia,ZMB,2013,0.2959,3419
Zambia,ZMB,2014,0.3167,3478
Zambia,ZMB,2015,0.321,3478
Zambia,ZMB,2016,0.3458,3479
Zambia,ZMB,2017,0.3867,3497.5818
Zambia,ZMB,2018,0.4215,3534.0337
Zimbabwe,ZWE,1950,1.1576,1117
Zimbabwe,ZWE,1951,1.238,1151
Zimbabwe,ZWE,1952,1.3498000000000001,1154
Zimbabwe,ZWE,1953,1.4255,1211
Zimbabwe,ZWE,1954,1.5185,1231
Zimbabwe,ZWE,1955,1.7347,1288
Zimbabwe,ZWE,1956,1.8319,1422
Zimbabwe,ZWE,1957,1.8263,1473
Zimbabwe,ZWE,1958,1.5797,1444
Zimbabwe,ZWE,1959,1.7058,1474
Zimbabwe,ZWE,1960,1.5736,1495
Zimbabwe,ZWE,1961,1.2961,1524
Zimbabwe,ZWE,1962,1.2104,1497
Zimbabwe,ZWE,1963,1.1248,1436
Zimbabwe,ZWE,1964,1.0338,1519
Zimbabwe,ZWE,1965,1.1651,1568
Zimbabwe,ZWE,1966,1.3066,1541
Zimbabwe,ZWE,1967,1.1077,1618
Zimbabwe,ZWE,1968,1.2905,1592
Zimbabwe,ZWE,1969,1.3194,1731
Zimbabwe,ZWE,1970,1.5416,2043
Zimbabwe,ZWE,1971,1.5944,2157
Zimbabwe,ZWE,1972,1.448,2268
Zimbabwe,ZWE,1973,1.5773,2283
Zimbabwe,ZWE,1974,1.4868,2275
Zimbabwe,ZWE,1975,1.3205,2235
Zimbabwe,ZWE,1976,1.6693,2163
Zimbabwe,ZWE,1977,1.3831,1946
Zimbabwe,ZWE,1978,1.3391,1964
Zimbabwe,ZWE,1979,1.3173,1930
Zimbabwe,ZWE,1980,1.2977,2064
Zimbabwe,ZWE,1981,1.2254,2243
Zimbabwe,ZWE,1982,1.1032,2240
Zimbabwe,ZWE,1983,1.2629,2190
Zimbabwe,ZWE,1984,1.1539,2067
Zimbabwe,ZWE,1985,1.1505,2128
Zimbabwe,ZWE,1986,1.4204,2107
Zimbabwe,ZWE,1987,1.5923,2004
Zimbabwe,ZWE,1988,1.6275,2114
Zimbabwe,ZWE,1989,1.5869,2181
Zimbabwe,ZWE,1990,1.4907,2160
Zimbabwe,ZWE,1991,1.4513,2222.2553
Zimbabwe,ZWE,1992,1.5333,1971.4456
Zimbabwe,ZWE,1993,1.4466,1948.9105
Zimbabwe,ZWE,1994,1.5445,2110.712
Zimbabwe,ZWE,1995,1.317,2102.8599
Zimbabwe,ZWE,1996,1.2918,2292.4875
Zimbabwe,ZWE,1997,1.1938,2326.5389
Zimbabwe,ZWE,1998,1.2029,2369.0191
Zimbabwe,ZWE,1999,1.3303,2323.0093
Zimbabwe,ZWE,2000,1.163,2211.1962
Zimbabwe,ZWE,2001,1.049,2193.7385
Zimbabwe,ZWE,2002,0.9951,2025.3178
Zimbabwe,ZWE,2003,0.8854,1700.9559
Zimbabwe,ZWE,2004,0.7844,1604.503
Zimbabwe,ZWE,2005,0.8859,1496.0343
Zimbabwe,ZWE,2006,0.8527,1455.7286
Zimbabwe,ZWE,2007,0.8025,1422.1553
Zimbabwe,ZWE,2008,0.6236,1197.5261
Zimbabwe,ZWE,2009,0.4372,1285.0466
Zimbabwe,ZWE,2010,0.6205,1401.8565
Zimbabwe,ZWE,2011,0.7557,1515
Zimbabwe,ZWE,2012,0.6011,1604
Zimbabwe,ZWE,2013,0.8866,1604
Zimbabwe,ZWE,2014,0.8763,1594
Zimbabwe,ZWE,2015,0.885,1560
Zimbabwe,ZWE,2016,0.7653,1534
Zimbabwe,ZWE,2017,0.673,1582.3662
Zimbabwe,ZWE,2018,0.821,1611.4052
